director_id,director_name,rank,Label
0,阿尔弗雷德·希区柯克,54,director
1,查理·卓别林,53,director
2,张彻,50,director
3,阿涅斯·瓦尔达,45,director
4,王晶,41,director
5,罗伯托·罗西里尼,34,director
6,伍迪·艾伦,33,director
7,楚原,32,director
8,史蒂文·斯皮尔伯格,31,director
9,沟口健二,31,director
10,黑泽明,30,director
11,杜琪峰,30,director
12,让-吕克·戈达尔,28,director
13,李翰祥,26,director
14,克日什托夫·基耶斯洛夫斯基,25,director
15,桂治洪,23,director
16,张艺谋,22,director
17,徐克,22,director
18,何梦华,20,director
19,孙仲,19,director
20,陈凯歌,18,director
21,斯坦·布拉哈格,18,director
22,米开朗基罗·安东尼奥尼,18,director
23,吴宇森,17,director
24,刘家良,17,director
25,吕克·贝松,16,director
26,朱延平,16,director
27,邱礼涛,16,director
28,胡鹏,16,director
29,刘镇伟,15,director
30,比利·怀尔德,15,director
31,马丁·斯科塞斯,15,director
32,斯坦利·库布里克,15,director
33,袁和平,15,director
34,雷德利·斯科特,14,director
35,林超贤,14,director
36,英格玛·伯格曼,14,director
37,冯小刚,14,director
38,蒂姆·波顿,13,director
39,陈嘉上,13,director
40,王风,13,director
41,彭浩翔,13,director
42,张坚庭,13,director
43,小津安二郎,13,director
44,刘伟强,12,director
45,李安,12,director
46,程小东,12,director
47,叶伟信,12,director
48,元奎,12,director
49,麦兆辉,11,director
50,克林特·伊斯特伍德,11,director
51,宁浩,11,director
52,鲍学礼,11,director
53,贾樟柯,11,director
54,迈克尔·贝,11,director
55,埃里克·侯麦,11,director
56,洪金宝,11,director
57,宫崎骏,10,director
58,克里斯托弗·诺兰,10,director
59,王家卫,10,director
60,罗马,10,director
61,成龙,10,director
62,吕奇,10,director
63,大卫·林奇,10,director
64,午马,10,director
65,谢尔盖·爱森斯坦,10,director
66,迈克尔·艾普特,10,director
67,李仁港,10,director
68,尔冬升,10,director
69,本多猪四郎,10,director
70,邓衍成,10,director
71,大卫·芬奇,9,director
72,盖·里奇,9,director
73,昆汀·塔伦蒂诺,9,director
74,李力持,9,director
75,布莱恩·辛格,9,director
76,费德里科·费里尼,9,director
77,洪常秀,9,director
78,乔尔·科恩,9,director
79,程刚,9,director
80,陈木胜,9,director
81,华山,9,director
82,许鞍华,9,director
83,林岭东,9,director
84,拉斯·霍尔斯道姆,8,director
85,彼得·杰克逊,8,director
86,是枝裕和,8,director
87,阿斯哈·法哈蒂,8,director
88,吉尔莫·德尔·托罗,8,director
89,史蒂文·索德伯格,8,director
90,丁亮,8,director
91,拉斯·冯·提尔,8,director
92,彭顺,8,director
93,庄文强,8,director
94,罗伯特·泽米吉斯,7,director
95,罗伯·莱纳,7,director
96,姜文,7,director
97,拉娜·沃卓斯基,7,director
98,朗·霍华德,7,director
99,大卫·叶茨,7,director
100,周星驰,7,director
101,陈可辛,7,director
102,黄建新,7,director
103,郭子健,7,director
104,陈果,7,director
105,罗维,7,director
106,丹尼斯·维伦纽瓦,7,director
107,大卫·里恩,7,director
108,扎克·施奈德,7,director
109,三隅研次,7,director
110,阿伦·雷乃,7,director
111,神山健治,7,director
112,乔治·卢卡斯,7,director
113,牟敦芾,7,director
114,叶伟民,7,director
115,西蒙·韦斯特,7,director
116,韦家辉,7,director
117,张之亮,7,director
118,马楚成,7,director
119,霍耀良,7,director
120,布莱特·拉特纳,7,director
121,保罗·安德森,7,director
122,马伟豪,7,director
123,马克·森内特,7,director
124,乔·舒马赫,7,director
125,弗朗西斯·福特·科波拉,6,director
126,赛尔乔·莱昂内,6,director
127,奉俊昊,6,director
128,理查德·林克莱特,6,director
129,克里斯·雷纳德,6,director
130,温子仁,6,director
131,卡洛斯·沙尔丹哈,6,director
132,高畑勋,6,director
133,罗兰·艾默里奇,6,director
134,霍华德·霍克斯,6,director
135,弗朗索瓦·特吕弗,6,director
136,林德禄,6,director
137,谷德昭,6,director
138,保罗·托马斯·安德森,6,director
139,布鲁诺·杜蒙,6,director
140,吉姆·贾木许,6,director
141,林诣彬,6,director
142,布莱恩·德·帕尔玛,6,director
143,伊桑·科恩,6,director
144,易小星,6,director
145,安田公义,6,director
146,黄濑和哉,6,director
147,彭发,6,director
148,刘家荣,6,director
149,F·加里·格雷,6,director
150,罗伯特·罗德里格兹,6,director
151,曾志伟,6,director
152,郑保瑞,6,director
153,胡明凯,6,director
154,丁晟,6,director
155,清水崇,6,director
156,高志森,6,director
157,方育平,6,director
158,詹姆斯·卡梅隆,5,director
159,彼得·威尔,5,director
160,朱塞佩·托纳多雷,5,director
161,李·昂克里奇,5,director
162,罗曼·波兰斯基,5,director
163,威廉·惠勒,5,director
164,莉莉·沃卓斯基,5,director
165,韦斯·安德森,5,director
166,格斯·范·桑特,5,director
167,詹姆斯·曼高德,5,director
168,戈尔·维宾斯基,5,director
169,今敏,5,director
170,M·奈特·沙马兰,5,director
171,北野武,5,director
172,姜炯哲,5,director
173,保罗·格林格拉斯,5,director
174,李惠民,5,director
175,乔治·米勒,5,director
176,爱德华·兹威克,5,director
177,汤姆·提克威,5,director
178,杰夫·特里梅因,5,director
179,弗兰克·卡普拉,5,director
180,Stan Brakhage,5,director
181,冯德伦,5,director
182,徐峥,5,director
183,亚当·麦凯,5,director
184,特伟,5,director
185,胡金铨,5,director
186,迈克尔·鲍威尔,5,director
187,斯派克·李,5,director
188,姜大卫,5,director
189,陈正道,5,director
190,王童,5,director
191,大友启史,5,director
192,张一白,5,director
193,郭敬明,5,director
194,黑泽清,5,director
195,大鹏,5,director
196,张曾泽,5,director
197,管虎,5,director
198,李沧东,5,director
199,魏德圣,5,director
200,Jean-Luc Godard,5,director
201,卢基诺·维斯康蒂,5,director
202,斯派克·琼斯,5,director
203,叶念琛,5,director
204,罗志良,5,director
205,山田洋次,5,director
206,麦子善,5,director
207,钟少雄,5,director
208,朱浩伟,5,director
209,马丁·坎贝尔,5,director
210,布拉德·伯德,5,director
211,张杨,5,director
212,张鑫炎,5,director
213,汤姆·麦格拉思,5,director
214,彼得·休伊特,5,director
215,王菊金,5,director
216,鲁俊谷,5,director
217,高群书,5,director
218,黄泰来,5,director
219,西尔维斯特·史泰龙,5,director
220,巴里·索南菲尔德,5,director
221,张子恩,5,director
222,李添胜,5,director
223,麦当杰,5,director
224,路易斯·卢米埃尔,5,director
225,约翰·格兰,5,director
226,路易斯·莱特里尔,5,director
227,安德鲁·斯坦顿,4,director
228,拜伦·霍华德,4,director
229,黄东赫,4,director
230,克里斯·哥伦布,4,director
231,彼特·道格特,4,director
232,彼得·法雷里,4,director
233,岩井俊二,4,director
234,米洛斯·福尔曼,4,director
235,森淳一,4,director
236,迪恩·德布洛斯,4,director
237,乔·赖特,4,director
238,丹尼·博伊尔,4,director
239,达伦·阿伦诺夫斯基,4,director
240,陆川,4,director
241,雅克·贝汉,4,director
242,史蒂芬·戴德利,4,director
243,马特·里夫斯,4,director
244,伊利亚·卡赞,4,director
245,林汇达,4,director
246,约翰·福特,4,director
247,梁乐民,4,director
248,薛晓路,4,director
249,弗朗索瓦·欧容,4,director
250,肯尼思·布拉纳,4,director
251,张婉婷,4,director
252,唐季礼,4,director
253,冲田修一,4,director
254,保罗·范霍文,4,director
255,保罗·施拉德,4,director
256,朱牧,4,director
257,米格尔·萨普什尼克,4,director
258,特瑞·吉列姆,4,director
259,埃默里克·普雷斯伯格,4,director
260,彭尼贝克,4,director
261,维姆·文德斯,4,director
262,大卫·努特尔,4,director
263,滨口龙介,4,director
264,安德烈·塔可夫斯基,4,director
265,菲利普·加瑞尔,4,director
266,罗伯茨·甘纳韦,4,director
267,达伦·林恩·鲍斯曼,4,director
268,路阳,4,director
269,韩延,4,director
270,罗臻,4,director
271,陈思诚,4,director
272,邓超,4,director
273,俞白眉,4,director
274,奥利佛·斯通,4,director
275,亚历山大·佩恩,4,director
276,黄毅瑜,4,director
277,押井守,4,director
278,塔伊加·维迪提,4,director
279,朴赞郁,4,director
280,皮埃尔·保罗·帕索里尼,4,director
281,J·J·艾布拉姆斯,4,director
282,萨姆·门德斯,4,director
283,冢本晋也,4,director
284,陈国辉,4,director
285,滕华涛,4,director
286,山姆·雷米,4,director
287,安东尼·罗素,4,director
288,乔·罗素,4,director
289,罗伯·马歇尔,4,director
290,张艾嘉,4,director
291,让·科克托,4,director
292,迈克·米切尔,4,director
293,小泉德宏,4,director
294,罗伯特·斯文克,4,director
295,大河原孝夫,4,director
296,凯尔·巴尔达,4,director
297,福田纯,4,director
298,冼杞然,4,director
299,钱家骏,4,director
300,万古蟾,4,director
301,陈勋奇,4,director
302,埃德加·赖特,4,director
303,潘文杰,4,director
304,帕布罗·拉雷恩,4,director
305,比尔·康顿,4,director
306,马克·韦布,4,director
307,加文·胡德,4,director
308,路易斯·布努埃尔,4,director
309,园子温,4,director
310,金基德,4,director
311,李修贤,4,director
312,蓝乃才,4,director
313,徐虾,4,director
314,雷内·克莱芒,4,director
315,许冠文,4,director
316,陈德森,4,director
317,刘国昌,4,director
318,余明生,4,director
319,张国立,4,director
320,亨利·莱尔曼,4,director
321,埃里克·达尼尔,4,director
322,梁柏坚,4,director
323,梅布尔·诺曼德,4,director
324,普拉奇亚·平克尧,4,director
325,钱文锜,4,director
326,陈国富,4,director
327,佐米·希尔拉,4,director
328,刘晓光,4,director
329,钟澍佳,4,director
330,黄精甫,4,director
331,郭在容,4,director
332,盖伊·汉弥尔顿,4,director
333,布拉德利·雷蒙德,4,director
334,孔刚,4,director
335,卡梅伦·克罗,4,director
336,卫翰韬,4,director
337,弗兰克·德拉邦特,3,director
338,瑞奇·摩尔,3,director
339,乔治·库克,3,director
340,李濬益,3,director
341,文牧野,3,director
342,西德尼·吕美特,3,director
343,杨宇硕,3,director
344,罗伯·明可夫,3,director
345,弗洛里安·亨克尔·冯·多纳斯马尔克,3,director
346,阿方索·卡隆,3,director
347,托马斯·温特伯格,3,director
348,让-皮埃尔·热内,3,director
349,唐·霍尔,3,director
350,克里斯·威廉姆斯,3,director
351,克里斯·桑德斯,3,director
352,皮埃尔·柯芬,3,director
353,新海诚,3,director
354,达米恩·查泽雷,3,director
355,巴瑞·莱文森,3,director
356,黄信尧,3,director
357,邓肯·琼斯,3,director
358,托德·菲利普斯,3,director
359,安德鲁·尼科尔,3,director
360,雅克·克鲁奥德,3,director
361,道格·里曼,3,director
362,细田守,3,director
363,约翰·卡尼,3,director
364,中野量太,3,director
365,恩斯特·刘别谦,3,director
366,乔·沃茨,3,director
367,简·坎皮恩,3,director
368,刘循子墨,3,director
369,瑟琳·席安玛,3,director
370,阿彼察邦·韦拉斯哈古,3,director
371,吴京,3,director
372,申相玉,3,director
373,张同祖,3,director
374,宋坤儒,3,director
375,陈志华,3,director
376,黄枫,3,director
377,冯小宁,3,director
378,约瑟夫·L·曼凯维奇,3,director
379,王川,3,director
380,丁善玺,3,director
381,李志毅,3,director
382,朱利安·杜维威尔,3,director
383,桑弧,3,director
384,柳昇完,3,director
385,肖恩·利维,3,director
386,大林宣彦,3,director
387,深田晃司,3,director
388,琳恩·拉姆塞,3,director
389,陈玉勋,3,director
390,雷内·克莱尔,3,director
391,杰雷米·波德斯瓦,3,director
392,马克·米罗,3,director
393,阿兰·泰勒,3,director
394,詹姆斯·古恩,3,director
395,黄健中,3,director
396,岳枫,3,director
397,李俊,3,director
398,杨光远,3,director
399,克里斯托弗·萨德勒,3,director
400,沈可尚,3,director
401,佐藤照雄,3,director
402,蒂姆·米勒,3,director
403,吕寅荣,3,director
404,吴天明,3,director
405,饶晓志,3,director
406,大卫·戈登·格林,3,director
407,奥古斯托·吉尼那,3,director
408,奥逊·威尔斯,3,director
409,闫非,3,director
410,彭大魔,3,director
411,森一生,3,director
412,钟孟宏,3,director
413,凯莉·莱卡特,3,director
414,郭帆,3,director
415,池广一夫,3,director
416,阿尔伯特·梅索斯,3,director
417,大卫·梅索斯,3,director
418,约翰·施莱辛格,3,director
419,詹姆斯·阿尔格,3,director
420,妮琪·卡罗,3,director
421,克洛德·勒卢什,3,director
422,萧荣,3,director
423,河野利幸,3,director
424,尼尔·乔丹,3,director
425,彼得·格林纳威,3,director
426,希尔万·肖默,3,director
427,白石和弥,3,director
428,赵崇基,3,director
429,道格拉斯·塞克,3,director
430,埃里克·萨哈罗夫,3,director
431,尼尔·马歇尔,3,director
432,保罗·阿尔蒙德,3,director
433,杰伊·罗奇,3,director
434,曾国祥,3,director
435,田羽生,3,director
436,莱恩·约翰逊,3,director
437,约翰·李·汉考克,3,director
438,雷尼·哈林,3,director
439,伊万·雷特曼,3,director
440,大卫·雷奇,3,director
441,约瑟夫·麦克金提·尼彻,3,director
442,詹姆斯·弗雷,3,director
443,安德鲁·戴维斯,3,director
444,凯文·科斯特纳,3,director
445,汤姆·沙迪亚克,3,director
446,查德·斯塔赫斯基,3,director
447,凯文·雷诺兹,3,director
448,托尼·斯科特,3,director
449,亚罗·切尼,3,director
450,乔·庄斯顿,3,director
451,大森立嗣,3,director
452,娄烨,3,director
453,韩寒,3,director
454,手塚昌明,3,director
455,非行,3,director
456,欧格斯·兰斯莫斯,3,director
457,格恩迪·塔塔科夫斯基,3,director
458,曹保平,3,director
459,金容华,3,director
460,马修·卡索维茨,3,director
461,阿巴斯·基亚罗斯塔米,3,director
462,佩顿·里德,3,director
463,乔·德特杜巴,3,director
464,张鹏翼,3,director
465,郭南宏,3,director
466,林永长,3,director
467,彼得·博格,3,director
468,新城毅彦,3,director
469,杨雅喆,3,director
470,陈会毅,3,director
471,瑞恩·库格勒,3,director
472,拉夫·迪亚兹,3,director
473,马修·沃恩,3,director
474,汤姆·希克斯,3,director
475,巴塔萨·科马库,3,director
476,新房昭之,3,director
477,尾石达也,3,director
478,乔恩·费儒,3,director
479,米格尔·戈麦斯,3,director
480,S·S·拉贾穆里,3,director
481,陆剑青,3,director
482,罗恩·克莱蒙兹,3,director
483,约翰·马斯克,3,director
484,罗杰·斯波蒂斯伍德,3,director
485,亚历杭德罗·冈萨雷斯·伊纳里图,3,director
486,谭家明,3,director
487,邹凯光,3,director
488,沃尔特·塞勒斯,3,director
489,达雷尔·鲁尼,3,director
490,克莱德·杰洛尼米,3,director
491,黄真真,3,director
492,吴基焕,3,director
493,井上梅次,3,director
494,查传谊,3,director
495,黄家辉,3,director
496,柯受良,3,director
497,大卫·阿耶,3,director
498,何藩,3,director
499,黎大炜,3,director
500,钱国伟,3,director
501,邝业生,3,director
502,梦继,3,director
503,孙树培,3,director
504,刘家成,3,director
505,李平,3,director
506,陶秦,3,director
507,麦克·特米尔,3,director
508,理查德·莱斯特,3,director
509,George Nichols,3,director
510,秦小珍,3,director
511,郑昌和,3,director
512,袁建滔,3,director
513,梁普智,3,director
514,徐静蕾,3,director
515,罗永昌,3,director
516,约翰·麦克蒂尔南,3,director
517,谢立文,3,director
518,菲尔·罗德,3,director
519,克里斯托弗·米勒,3,director
520,蔡岳勋,3,director
521,乔纳森·里贝斯曼,3,director
522,林义雄,3,director
523,黎继明,3,director
524,伦·怀斯曼,3,director
525,盖瑞·温尼克,3,director
526,盖瑞·马歇尔,3,director
527,侯孝贤,3,director
528,陈骏霖,3,director
529,安东尼·福奎阿,3,director
530,热拉尔·克瓦兹克,3,director
531,钮承泽,3,director
532,安德鲁·亚当森,3,director
533,约翰·拉塞特,3,director
534,拉加·高斯内尔,3,director
535,陈奥图,3,director
536,博比·法雷里,3,director
537,丹尼斯·杜根,3,director
538,罗文,3,director
539,多米尼克·塞纳,3,director
540,赵崇邦,3,director
541,厄文·克什纳,3,director
542,刘易斯·吉尔伯特,3,director
543,特伦斯·杨,3,director
544,大卫·R·艾里斯,3,director
545,罗伯·科恩,3,director
546,蒂姆·斯托瑞,3,director
547,马克·耐沃尔代,3,director
548,黄祖权,3,director
549,Elliot M. Bour,3,director
550,罗伯特·高洛斯,3,director
551,大卫·道金,3,director
552,张建亚,3,director
553,郑伟文,3,director
554,汉密尔顿·卢斯科,3,director
555,拉吉库马尔·希拉尼,2,director
556,杰拉德·布什,2,director
557,加布里埃莱·穆奇诺,2,director
558,奥利维埃·纳卡什,2,director
559,埃里克·托莱达诺,2,director
560,贝纳尔多·贝托鲁奇,2,director
561,维克多·弗莱明,2,director
562,山姆·伍德,2,director
563,娜丁·拉巴基,2,director
564,马丁·布莱斯特,2,director
565,万籁鸣,2,director
566,奥里奥尔·保罗,2,director
567,马基德·马基迪,2,director
568,乔纳森·戴米,2,director
569,中岛哲也,2,director
570,托尼·凯耶,2,director
571,李焕庆,2,director
572,梅尔·吉布森,2,director
573,杨德昌,2,director
574,米林宏昌,2,director
575,大森贵弘,2,director
576,理查德·柯蒂斯,2,director
577,亚当·艾略特,2,director
578,延尚昊,2,director
579,金秉祐,2,director
580,严定宪,2,director
581,徐景达,2,director
582,迈克·内威尔,2,director
583,莫滕·泰杜姆,2,director
584,马丁·麦克唐纳,2,director
585,让-马克·瓦雷,2,director
586,费尔南多·梅里尔斯,2,director
587,忻钰坤,2,director
588,罗启锐,2,director
589,克里斯·韦奇,2,director
590,斯坦利·多南,2,director
591,吉恩·凯利,2,director
592,克里斯托弗·史密斯,2,director
593,热拉尔·乌里,2,director
594,杨亚洲,2,director
595,郭柯,2,director
596,伦尼·阿伯拉罕森,2,director
597,周申,2,director
598,刘露,2,director
599,蔡扬名,2,director
600,袁牧之,2,director
601,赵婷,2,director
602,张末,2,director
603,迈克尔·肖沃特,2,director
604,阿尔贝托·米尔戈,2,director
605,杨静尘,2,director
606,郝杰,2,director
607,米切尔·莱森,2,director
608,石之予,2,director
609,安东尼奥·马格赫特,2,director
610,乔安娜·霍格,2,director
611,马特·沙克曼,2,director
612,弗兰克·洛伊德,2,director
613,罗伯特·布列松,2,director
614,加斯·詹宁斯,2,director
615,萨姆·佩金帕,2,director
616,李作楠,2,director
617,维尔戈特·斯耶曼,2,director
618,莱奥·卡拉克斯,2,director
619,哈尔·尼达姆,2,director
620,庵野秀明,2,director
621,爱德芒德·古尔丁,2,director
622,林文肖,2,director
623,沈耀庭,2,director
624,莎拉·史密斯,2,director
625,沃尔克·施隆多夫,2,director
626,吉约姆·布哈克,2,director
627,罗伯特·西奥德梅克,2,director
628,王小棣,2,director
629,丹·马泽,2,director
630,狄龙,2,director
631,阿基·考里斯马基,2,director
632,德斯汀·克里顿,2,director
633,赵天宇,2,director
634,永冈智佳,2,director
635,克洛德·夏布洛尔,2,director
636,蔡楚生,2,director
637,郑君里,2,director
638,朱利亚·迪库诺,2,director
639,西川美和,2,director
640,沃纳·赫尔佐格,2,director
641,戴维·贝尼奥夫,2,director
642,D·B·威斯,2,director
643,维托里奥·德西卡,2,director
644,郑大圣,2,director
645,克里斯·麦凯,2,director
646,游达志,2,director
647,黄家康,2,director
648,虞戡平,2,director
649,吴回,2,director
650,罗纳德·尼姆,2,director
651,王云飞,2,director
652,佐藤纯弥,2,director
653,黄蜀芹,2,director
654,克雷格·吉勒斯佩,2,director
655,珠玑,2,director
656,秦剑,2,director
657,安东尼·阿斯奎斯,2,director
658,陈哲艺,2,director
659,萨维里奥·科斯坦佐,2,director
660,阿莉切·罗尔瓦赫尔,2,director
661,青山真治,2,director
662,威尔·古勒,2,director
663,韦廉,2,director
664,翟俊杰,2,director
665,韦正,2,director
666,让-皮埃尔·达内,2,director
667,吕克·达内,2,director
668,史蒂夫·麦奎因,2,director
669,胡雪桦,2,director
670,约翰·卡拉辛斯基,2,director
671,埃里克松·科尔,2,director
672,肯·洛奇,2,director
673,艾伦·索金,2,director
674,罗伯特·瓦利,2,director
675,泰勒·谢里丹,2,director
676,西娅·夏罗克,2,director
677,巴斯特·基顿,2,director
678,克莱德·布鲁克曼,2,director
679,尼古拉斯·贝多斯,2,director
680,赵霁,2,director
681,拉杜·裘德,2,director
682,约翰·休斯顿,2,director
683,清水宏,2,director
684,程伟豪,2,director
685,宫崎吾朗,2,director
686,迈克尔·西米诺,2,director
687,落落,2,director
688,溝口健二,2,director
689,阪本顺治,2,director
690,胜新太郎,2,director
691,托德·海因斯,2,director
692,派蒂·杰金斯,2,director
693,查理·考夫曼,2,director
694,彼得·梅达克,2,director
695,本·萨弗迪,2,director
696,约书亚·萨弗迪,2,director
697,雅克·贝克,2,director
698,弗朗西斯·李,2,director
699,迈克·米尔斯,2,director
700,田中德三,2,director
701,万玛才旦,2,director
702,卡尔·西奥多·德莱叶,2,director
703,许宏宇,2,director
704,乔治·罗伊·希尔,2,director
705,约什·布恩,2,director
706,夏洛特·泽韦林,2,director
707,姚婷婷,2,director
708,李京美,2,director
709,布鲁斯·罗宾逊,2,director
710,尼克·帕克,2,director
711,Norman Ferguson,2,director
712,Wilfred Jackson,2,director
713,Hamilton Luske,2,director
714,Bill Roberts,2,director
715,高桥敦史,2,director
716,普莱斯顿·斯特奇斯,2,director
717,潘垒,2,director
718,丹·斯坎隆,2,director
719,克里斯·马克,2,director
720,申江,2,director
721,马里奥·莫尼切利,2,director
722,三宅唱,2,director
723,戴夫·威尔逊,2,director
724,竹内敦志,2,director
725,雅克·塔蒂,2,director
726,吉原正行,2,director
727,橘正纪,2,director
728,竹下健一,2,director
729,Simon Ellis,2,director
730,迈克·李,2,director
731,布莱恩·派西维尔,2,director
732,托德·索伦兹,2,director
733,帕特里斯·勒孔特,2,director
734,Aleksandr Sokurov,2,director
735,安德里亚·阿诺德,2,director
736,蔡明亮,2,director
737,大岛渚,2,director
738,弗雷德·金尼曼,2,director
739,冯志强,2,director
740,格里高利·亚历山德罗夫,2,director
741,周显扬,2,director
742,麦婉欣,2,director
743,佩德罗·阿莫多瓦,2,director
744,凯文·霍克斯,2,director
745,小克莱伯·门多萨,2,director
746,艾利克斯·格雷夫斯,2,director
747,米歇尔·麦克拉伦,2,director
748,真利子哲也,2,director
749,荒井晴彦,2,director
750,安战军,2,director
751,查克·拉塞尔,2,director
752,毕国智,2,director
753,格蕾塔·葛韦格,2,director
754,杰克·卡斯丹,2,director
755,德克斯特·弗莱彻,2,director
756,佩德罗·科斯塔,2,director
757,克里斯·巴克,2,director
758,珍妮弗·李,2,director
759,青木康直,2,director
760,鸟羽聪,2,director
761,刁亦男,2,director
762,杨子,2,director
763,乔阿吉姆·罗恩尼,2,director
764,诺亚·鲍姆巴赫,2,director
765,安德斯·穆斯切蒂,2,director
766,丹尼尔·米纳汉,2,director
767,黎妙雪,2,director
768,阿尔贝托·拉图瓦达,2,director
769,宁海强,2,director
770,理查德·阿滕伯勒,2,director
771,迈克·尼科尔斯,2,director
772,林君阳,2,director
773,莱丝莉·琳卡·格拉特,2,director
774,凯莱布·德夏奈尔,2,director
775,蒂姆·亨特,2,director
776,蒂娜·拉思伯恩,2,director
777,杜维因·邓纳姆,2,director
778,麦克·宾德尔,2,director
779,文伟鸿,2,director
780,约翰·威尔斯,2,director
781,杜国威,2,director
782,筱原俊哉,2,director
783,杨凡,2,director
784,濑濑敬久,2,director
785,尚格·云顿,2,director
786,金知云,2,director
787,朗斯·尼美毕达,2,director
788,罗杰·唐纳森,2,director
789,张肇麟,2,director
790,关智耀,2,director
791,罗恩·谢尔顿,2,director
792,饺子,2,director
793,乔恩·阿维奈,2,director
794,劳伦斯·卡斯丹,2,director
795,罗伯·莱特曼,2,director
796,毕赣,2,director
797,张大鹏,2,director
798,乔丹·皮尔,2,director
799,约翰·弗兰克海默,2,director
800,亚当·罗比特尔,2,director
801,陈玉珊,2,director
802,巴里·詹金斯,2,director
803,沈炯来,2,director
804,张敏,2,director
805,大森一树,2,director
806,特拉维斯·奈特,2,director
807,法布里斯·朱伯特,2,director
808,Régis Schuller,2,director
809,刘中明,2,director
810,马克·福斯特,2,director
811,苏里,2,director
812,唐·赫兹菲尔德,2,director
813,欧内斯特·B·舍德萨克,2,director
814,帕维乌·帕夫利科夫斯基,2,director
815,罗森·马歇尔·瑟伯,2,director
816,鲁本·弗雷斯彻,2,director
817,盖瑞·罗斯,2,director
818,克里斯托弗·麦奎里,2,director
819,蒋家骏,2,director
820,菲利达·劳埃德,2,director
821,郑芬芬,2,director
822,科斯塔-加夫拉斯,2,director
823,滨名孝行,2,director
824,徐天荣,2,director
825,徐增宏,2,director
826,凯文·麦克唐纳,2,director
827,李嘉,2,director
828,汤浅政明,2,director
829,李克弱,2,director
830,铃木清顺,2,director
831,三木孝浩,2,director
832,翠西·西埃,2,director
833,魏海峰,2,director
834,斯科特·德瑞克森,2,director
835,刘富源,2,director
836,王瑜,2,director
837,托比·霍珀,2,director
838,乌尔善,2,director
839,布拉德·佩顿,2,director
840,苏有朋,2,director
841,亨利-乔治·克鲁佐,2,director
842,徐浩峰,2,director
843,郭德纲,2,director
844,法提赫·阿金,2,director
845,许诚毅,2,director
846,詹姆斯·弗兰科,2,director
847,肖恩·贝克,2,director
848,广木隆一,2,director
849,韦斯·鲍尔,2,director
850,约瑟夫·科辛斯基,2,director
851,鲁本·奥斯特伦德,2,director
852,岸善幸,2,director
853,朱继生,2,director
854,赖纳·维尔纳·法斯宾德,2,director
855,彼得·韦柏,2,director
856,保罗·莫里西,2,director
857,川村泰祐,2,director
858,韩杰,2,director
859,李玉,2,director
860,赖建国,2,director
861,艾略特·莱斯特,2,director
862,傅立,2,director
863,阿尔珀·卡格拉,2,director
864,安德烈·萨金塞夫,2,director
865,佛罗瑞·加仑伯格,2,director
866,大卫·柯南伯格,2,director
867,康拉德·弗农,2,director
868,塞缪尔·富勒,2,director
869,詹姆斯·伊沃里,2,director
870,卢恒宇,2,director
871,李姝洁,2,director
872,斯蒂夫·平克,2,director
873,保罗·索伦蒂诺,2,director
874,申太罗,2,director
875,刘宝贤,2,director
876,西奥多·梅尔菲,2,director
877,丹尼尔·伊斯皮诺萨,2,director
878,稻垣浩,2,director
879,尹鸿承,2,director
880,松冈锭司,2,director
881,樋口真嗣,2,director
882,凯利·阿斯博瑞,2,director
883,鲁伯特·桑德斯,2,director
884,黄修平,2,director
885,谢卡尔·卡普尔,2,director
886,米拉·奈尔,2,director
887,巴勃罗·特拉佩罗,2,director
888,D·J·卡卢索,2,director
889,亚历山大·索科洛夫,2,director
890,李相日,2,director
891,王天林,2,director
892,尼古拉斯·温丁·雷弗恩,2,director
893,Ian Taylor,2,director
894,马塞尔·卡尔内,2,director
895,吉安弗兰科·罗西,2,director
896,卡洛·利扎尼,2,director
897,伊莎贝尔·科赛特,2,director
898,阿托姆·伊戈扬,2,director
899,米尔科·曼彻夫斯基,2,director
900,塞缪尔·毛茨,2,director
901,埃曼诺·奥尔米,2,director
902,克日什托夫·扎努西,2,director
903,Howy Parkins,2,director
904,成岛出,2,director
905,艾伦·克罗斯兰,2,director
906,米娅·汉森-洛夫,2,director
907,李公乐,2,director
908,贝尼特·米勒,2,director
909,陈庆嘉,2,director
910,Frank Nissen,2,director
911,索菲亚·科波拉,2,director
912,杰克·金尼,2,director
913,高桥荣树,2,director
914,彼得·西格尔,2,director
915,泰伦斯·马力克,2,director
916,吴家骧,2,director
917,周美玲,2,director
918,皮亚托·杰米,2,director
919,刘仕裕,2,director
920,山姆·菲尔,2,director
921,田隽,2,director
922,约翰·G·艾维尔森,2,director
923,罗卓瑶,2,director
924,关锦鹏,2,director
925,罗伊·沃德·贝克,2,director
926,杨树鹏,2,director
927,皮埃尔·莫瑞尔,2,director
928,保罗·塔维亚尼,2,director
929,维托里奥·塔维亚尼,2,director
930,舒琪,2,director
931,阿尔夫·斯约堡,2,director
932,范小天,2,director
933,王文杰,2,director
934,赵宝刚,2,director
935,陈家林,2,director
936,束一德,2,director
937,黄伟明,2,director
938,温伟基,2,director
939,李慧珠,2,director
940,谭友业,2,director
941,靳德茂,2,director
942,赖水清,2,director
943,梁德龙,2,director
944,丁仰国,2,director
945,李国立,2,director
946,陈安琪,2,director
947,陈友,2,director
948,弗里茨·朗,2,director
949,丹尼尔·科恩,2,director
950,布雷特·莱纳德,2,director
951,米凯尔·哈弗斯特罗姆,2,director
952,史蒂夫·马蒂诺,2,director
953,理查德·唐纳,2,director
954,奥利维尔·米加顿,2,director
955,孙周,2,director
956,尹济均,2,director
957,杨·塞谬尔,2,director
958,阎善春,2,director
959,克里斯·韦兹,2,director
960,保罗·韦兹,2,director
961,拉里·查尔斯,2,director
962,唐基明,2,director
963,何蔚庭,2,director
964,郑兆强,2,director
965,余允抗,2,director
966,托尼·贾,2,director
967,郑则仕,2,director
968,亚历克斯·普罗亚斯,2,director
969,马克·沃特斯,2,director
970,朱塞佩·德·桑蒂斯,2,director
971,陆剑明,2,director
972,鲁本·马莫利安,2,director
973,王颖,2,director
974,埃里克·布雷维格,2,director
975,刘鸿泉,2,director
976,贝蒂·托马斯,2,director
977,张猛,2,director
978,马克·斯蒂文·约翰逊,2,director
979,杨权,2,director
980,唐澄,2,director
981,尤磊,2,director
982,加雷斯·埃文斯,2,director
983,努里·比格·锡兰,2,director
984,詹姆斯·博宾,2,director
985,沃夫冈·雷瑟曼,2,director
986,迈克尔·柯蒂兹,2,director
987,斯蒂芬·索莫斯,2,director
988,罗惠德,2,director
989,斯蒂芬·诺林顿,2,director
990,埃德温·鲍特,2,director
991,安德烈·康查洛夫斯基,2,director
992,乔·卡纳汉,2,director
993,菲利普·诺伊斯,2,director
994,马志宇,2,director
995,富兰克林·沙夫纳,2,director
996,杨庆,2,director
997,J·李·汤普森,2,director
998,克里斯·米勒,2,director
999,尹志文,2,director
1000,胡大为,2,director
1001,约书亚·奥本海默,2,director
1002,吉尔·克兰,2,director
1003,马克·劳伦斯,2,director
1004,亨利·塞利克,2,director
1005,阿甘,2,director
1006,保罗·费格,2,director
1007,李虹,2,director
1008,史蒂文·奎里,2,director
1009,何平,2,director
1010,苏照彬,2,director
1011,夏永康,2,director
1012,弗朗西斯·劳伦斯,2,director
1013,关信辉,2,director
1014,扬·德·邦特,2,director
1015,杨志坚,2,director
1016,王龙威,2,director
1017,让-雅克·阿诺,2,director
1018,安东尼·明格拉,2,director
1019,本·格鲁克,2,director
1020,凯瑟琳·哈德威克,2,director
1021,黄柏文,2,director
1022,保罗·哈吉斯,2,director
1023,詹姆斯·L·布鲁克斯,2,director
1024,尼尔·博格,2,director
1025,陈英雄,2,director
1026,大卫·O·拉塞尔,2,director
1027,尼古拉斯·斯托勒,2,director
1028,米歇尔·德巴,2,director
1029,米歇尔·贡德里,2,director
1030,江平,2,director
1031,盖坦··布里兹,2,director
1032,保罗·布里兹,2,director
1033,Francis Glebas,2,director
1034,埃里克·古德伯格,2,director
1035,瑞恩·墨菲,2,director
1036,西德尼·波拉克,2,director
1037,大卫·杰克逊,2,director
1038,哈罗德·贝克尔,2,director
1039,尹力,2,director
1040,布拉德·塞伯宁,2,director
1041,程孝泽,2,director
1042,约翰·保曼,2,director
1043,约翰·辛格顿,2,director
1044,尼姆罗德·安陶尔,2,director
1045,蒂姆·希尔,2,director
1046,凯文·格劳特,2,director
1047,阮世生,2,director
1048,弗兰克·米勒,2,director
1049,罗伯特·弗拉哈迪,2,director
1050,杨凤良,2,director
1051,刘观伟,2,director
1052,布瑞克·埃斯纳尔,2,director
1053,火火,2,director
1054,格里高利·雅各布,2,director
1055,叶伟英,2,director
1056,甄子丹,2,director
1057,左颂升,2,director
1058,安德泽·巴特科维卡,2,director
1059,劳达,2,director
1060,佩吉·霍姆斯,2,director
1061,落合正幸,2,director
1062,李·塔玛霍瑞,2,director
1063,巴兹·鲁赫曼,2,director
1064,托尔·弗罗伊登塔尔,2,director
1065,Don MacKinnon,2,director
1066,布莱恩·泰勒,2,director
1067,卡米尔·狄拉玛,2,director
1068,马俪文,2,director
1069,Jeff Tremaine,2,director
1070,王光利,2,director
1071,雅克·马拉泰尔,2,director
1072,Scott Heming,2,director
1073,尼基塔·米哈尔科夫,2,director
1074,篠原俊哉,2,director
1075,托尼·克莱格,2,director
1076,王岳伦,2,director
1077,弗兰克·克拉斯,2,director
1078,Saul Blinkoff,2,director
1079,董玮,2,director
1080,迪恩·帕里索,2,director
1081,迈克尔·曼,2,director
1082,夏秀轩,2,director
1083,章家瑞,2,director
1084,刘新,2,director
1085,王振仰,2,director
1086,金扬桦,2,director
1087,约翰·吉勒明,2,director
1088,汤姆·戴伊,2,director
1089,谢涤葵,2,director
1090,林妍,2,director
1091,让·雷诺阿,2,director
1092,大友克洋,2,director
1093,洼冈俊之,2,director
1094,Jack Kinney,2,director
1095,大卫·杜西,2,director
1096,蔡继光,2,director
1097,罗伯托·贝尼尼,1,director
1098,克里斯托夫·巴拉蒂,1,director
1099,阿德里安·莫利纳,1,director
1100,鲍勃·彼德森,1,director
1101,涅提·蒂瓦里,1,director
1102,阿兰·葛斯彭纳,1,director
1103,罗杰·阿勒斯,1,director
1104,马克·赫尔曼,1,director
1105,罗伯特·怀斯,1,director
1106,路易·西霍尤斯,1,director
1107,埃里克·布雷斯,1,director
1108,J·麦基·格鲁伯,1,director
1109,卢卡·瓜达尼诺,1,director
1110,泷田洋二郎,1,director
1111,近藤喜文,1,director
1112,大卫·西尔弗曼,1,director
1113,汉内斯·赫尔姆,1,director
1114,王树忱,1,director
1115,杰茜·尼尔森,1,director
1116,朴勋政,1,director
1117,罗纳尔多·德尔·卡门,1,director
1118,特瑞·乔治,1,director
1119,柯克·德·米科,1,director
1120,卡迪亚·兰德,1,director
1121,神山征二郎,1,director
1122,达米安·斯兹弗隆,1,director
1123,洛芙琳·坦丹,1,director
1124,藤森雅也,1,director
1125,尼克·卡萨维蒂,1,director
1126,谢添,1,director
1127,普特鹏·普罗萨卡·那·萨克那卡林,1,director
1128,华森·波克彭,1,director
1129,肯尼思·洛纳根,1,director
1130,斯蒂芬·卓博斯基,1,director
1131,茂文·勒鲁瓦,1,director
1132,詹姆斯·沃德·布柯特,1,director
1133,凯普·鲍尔斯,1,director
1134,阿米尔·汗,1,director
1135,秋昌旼,1,director
1136,保罗·杰诺维塞,1,director
1137,汤姆·麦卡锡,1,director
1138,卡比尔·汗,1,director
1139,希德尼·希比利亚,1,director
1140,德里克·贾曼,1,director
1141,沈乐平,1,director
1142,杨立国,1,director
1143,艾米利奥·艾斯特维兹,1,director
1144,莱奥·麦卡雷,1,director
1145,邢文雄,1,director
1146,Ben Proudfoot,1,director
1147,阿奈尔·卡里亚,1,director
1148,诸葛青云,1,director
1149,瓦迪姆·佩尔曼,1,director
1150,莫娜·法斯特欧德,1,director
1151,林太郎,1,director
1152,黎志,1,director
1153,横浜聪子,1,director
1154,别克,1,director
1155,原一男,1,director
1156,Alexander Esway,1,director
1157,孙海鹏,1,director
1158,伊利亚·奈舒勒,1,director
1159,威廉·迪亚特尔,1,director
1160,张小磊,1,director
1161,伊萨克·厄兹本,1,director
1162,张险峰,1,director
1163,伊哥·斯坦普陈科,1,director
1164,陈力,1,director
1165,罗伯特·Z·伦纳德,1,director
1166,井上刚,1,director
1167,吉田照幸,1,director
1168,梶原登城,1,director
1169,西村武五郎,1,director
1170,桑野智宏,1,director
1171,戴墨,1,director
1172,吉田惠辅,1,director
1173,Gianfranco Parolini,1,director
1174,马里奥·马托利,1,director
1175,高可,1,director
1176,岨手由贵子,1,director
1177,柯贞年,1,director
1178,约翰·C·唐金,1,director
1179,邵艺辉,1,director
1180,章子怡,1,director
1181,沈腾,1,director
1182,夏安·海德,1,director
1183,奥黛丽·迪万,1,director
1184,钱升玮,1,director
1185,林-曼努尔·米兰达,1,director
1186,詹姆斯·格利肯豪斯,1,director
1187,杨枫,1,director
1188,阿米尔-卡利布·汤普森,1,director
1189,剧团一人,1,director
1190,叶俊策,1,director
1191,约阿希姆·提尔,1,director
1192,李一凡,1,director
1193,T.J. Gnanavel,1,director
1194,拉蒙·佐尔彻,1,director
1195,西尔万·佐尔彻,1,director
1196,文念中,1,director
1197,查里斯·卡斯特罗·史密斯,1,director
1198,鹤卷和哉,1,director
1199,中山胜一,1,director
1200,前田真宏,1,director
1201,扬·阿尔蒂斯-贝特朗,1,director
1202,阿娜塔莎·米科娃,1,director
1203,约翰内斯·罗伯茨,1,director
1204,卡罗尔·巴拉德,1,director
1205,雷纳尔多·马库斯·格林,1,director
1206,让·菲利普·维恩,1,director
1207,奥克塔维奥·E·罗德里格斯,1,director
1208,韦斯利·鲁格尔斯,1,director
1209,亚历山大·科贝里泽,1,director
1210,玛加蕾特·冯·特罗塔,1,director
1211,克里斯提诺·波顿,1,director
1212,石挥,1,director
1213,哈里·博蒙特,1,director
1214,威廉·尤班克,1,director
1215,张钢,1,director
1216,周洁,1,director
1217,安迪·瑟金斯,1,director
1218,凯瑞·福永,1,director
1219,唐·希格尔,1,director
1220,岑范,1,director
1221,高立,1,director
1222,李骏,1,director
1223,龙图,1,director
1224,李廷香,1,director
1225,孙虹,1,director
1226,王静,1,director
1227,柯永权,1,director
1228,Hugh Ballantyne,1,director
1229,Ben Duncan,1,director
1230,Ricky Ko,1,director
1231,Nic Young,1,director
1232,彼得·盖泽尔,1,director
1233,Ayumu Yasuhara,1,director
1234,陈怀恩,1,director
1235,Chris Hegedus,1,director
1236,维克多·艾里斯,1,director
1237,斯蒂芬·苏斯科,1,director
1238,莎拉·加芙隆,1,director
1239,Rémy Belvaux,1,director
1240,André Bonzel,1,director
1241,伯努瓦·波尔沃德,1,director
1242,富田克也,1,director
1243,马莉,1,director
1244,克利斯提·普优,1,director
1245,Paul Bogart,1,director
1246,列万·加布里亚德兹,1,director
1247,陈坤厚,1,director
1248,Tee Sintanaparadee,1,director
1249,特拉文·弗里,1,director
1250,马丁·德斯蒙德·罗,1,director
1251,Michael Carreras,1,director
1252,Monte Hellman,1,director
1253,郑霆黎明,1,director
1254,但杜宇,1,director
1255,皮帕·埃尔利希,1,director
1256,詹姆斯·里德,1,director
1257,牧田佳织,1,director
1258,蒋伟光,1,director
1259,克雷格·卓贝,1,director
1260,宋存寿,1,director
1261,殷振豪,1,director
1262,阎羽茜,1,director
1263,土井裕泰,1,director
1264,奥利弗·希施比格尔,1,director
1265,亚历杭德罗·阿梅纳瓦尔,1,director
1266,徐展雄,1,director
1267,周青元,1,director
1268,韩琰,1,director
1269,伊恩·索夫特雷,1,director
1270,李铁,1,director
1271,恩斯特·霍夫鲍尔,1,director
1272,果靖霖,1,director
1273,拉娜·威尔森,1,director
1274,韩博文,1,director
1275,韩天,1,director
1276,凯特·绍特兰,1,director
1277,彼得·戴维斯,1,director
1278,王萍,1,director
1279,敬海林,1,director
1280,蔡继渭,1,director
1281,景慕逵,1,director
1282,吉安·卢基·兰迪,1,director
1283,杰·格雷斯,1,director
1284,李·威尔顿,1,director
1285,安吉拉·贝塞特,1,director
1286,崔允锡,1,director
1287,Bryan H. Carroll,1,director
1288,沙漠,1,director
1289,吉见拓真,1,director
1290,足立绅,1,director
1291,杰克·本德,1,director
1292,丹尼尔·沙克海姆,1,director
1293,伊藤智彦,1,director
1294,市川昆,1,director
1295,徐立功,1,director
1296,尹祺,1,director
1297,埃里康·卡萨罗萨,1,director
1298,外崎春雄,1,director
1299,许悦铭,1,director
1300,永山耕三,1,director
1301,本间欧彦,1,director
1302,冯峰,1,director
1303,斯科特·弗兰克,1,director
1304,吕聿来,1,director
1305,八木龙一,1,director
1306,山崎贵,1,director
1307,巴贝特·施罗德,1,director
1308,肉食部门,1,director
1309,里昂·贝雷尔,1,director
1310,多米尼克·博伊丁,1,director
1311,雷米·科季拉,1,director
1312,马克西姆·卢埃尔,1,director
1313,西蒙·奥托,1,director
1314,艾略特·迪尔,1,director
1315,亚历克斯·比蒂,1,director
1316,克里斯·博兰,1,director
1317,殷若昕,1,director
1318,申元浩,1,director
1319,路易斯·特伦克尔,1,director
1320,何念,1,director
1321,任大炯,1,director
1322,伍思薇,1,director
1323,贾玲,1,director
1324,塔玛拉·科特夫斯卡,1,director
1325,卢博·斯特法诺夫,1,director
1326,今石洋之,1,director
1327,Michael Govier,1,director
1328,威尔·麦克马克,1,director
1329,安东尼·吉亚奇诺,1,director
1330,邵和麒,1,director
1331,埃默拉尔德·芬内尔,1,director
1332,托马斯·凯尔,1,director
1333,索菲·勒图讷尔,1,director
1334,西谷弘,1,director
1335,河野圭太,1,director
1336,村上正典,1,director
1337,岩田和行,1,director
1338,尼古拉·瓦尼埃,1,director
1339,克里斯·艾伯翰斯,1,director
1340,乔治·乌尔夫,1,director
1341,佛罗莱恩·泽勒,1,director
1342,李蔚然,1,director
1343,弗雷德里克·怀斯曼,1,director
1344,卡尔米内·加洛内,1,director
1345,杨延晋,1,director
1346,田口智久,1,director
1347,宮崎光代,1,director
1348,皮耶特罗·马切罗,1,director
1349,卡洛斯·洛佩斯·埃斯特拉达,1,director
1350,保罗·布里格斯,1,director
1351,约翰·瑞帕,1,director
1352,亚当·温加德,1,director
1353,让-皮埃尔·梅尔维尔,1,director
1354,阿方索·布雷西亚,1,director
1355,亚伦·施耐德,1,director
1356,李·以萨克·郑,1,director
1357,许承杰,1,director
1358,牧野正博,1,director
1359,田坂具隆,1,director
1360,达里尔斯·马德尔,1,director
1361,格利高利·丘赫莱依,1,director
1362,戈弗雷多·亚历山德里尼,1,director
1363,雷吉娜·金,1,director
1364,河濑直美,1,director
1365,阿历山德罗·布拉塞蒂,1,director
1366,李克龙,1,director
1367,沙卡·金,1,director
1368,常远,1,director
1369,罗斯·格拉斯,1,director
1370,张一湖,1,director
1371,Goffredo Alessandrini,1,director
1372,托马斯·伯祖查,1,director
1373,克斯汀·约翰逊,1,director
1374,埃马纽埃尔·穆雷,1,director
1375,迈克尔·斯洛维斯,1,director
1376,禹民镐,1,director
1377,许慧晶,1,director
1378,加雷特·布莱德利,1,director
1379,本杰明·克里斯滕森,1,director
1380,Charles Bail,1,director
1381,Carmine Gallone,1,director
1382,凯内尔·穆德卢佐,1,director
1383,曾利文彦,1,director
1384,刘浩良,1,director
1385,乔治·斯鲁依泽,1,director
1386,乔尔·克劳福德,1,director
1387,宋灏霖,1,director
1388,伊力奇,1,director
1389,斯图尔特·罗森博格,1,director
1390,王丹阳,1,director
1391,冈本喜八,1,director
1392,顾晓刚,1,director
1393,艾什姆·内尔姆斯,1,director
1394,伊恩·内尔姆斯,1,director
1395,山本萨夫,1,director
1396,程腾,1,director
1397,李炜,1,director
1398,井上昭,1,director
1399,陈奕甫,1,director
1400,Ellen Hovde,1,director
1401,Muffie Meyer,1,director
1402,黄绮琳,1,director
1403,穆罕默德·拉索罗夫,1,director
1404,黄庆勋,1,director
1405,田中徳三,1,director
1406,辛爽,1,director
1407,林兵,1,director
1408,麦克·艾略特,1,director
1409,尼尔森·麦科米克,1,director
1410,希提·麦克唐纳,1,director
1411,彼得·洛伊德,1,director
1412,黎兆钧,1,director
1413,施柏林,1,director
1414,刘永泰,1,director
1415,福特·毕比,1,director
1416,Samuel Armstrong,1,director
1417,Jim Handley,1,director
1418,T. Hee,1,director
1419,保罗·萨特菲尔德,1,director
1420,宾·沙普斯坦,1,director
1421,滨崎博嗣,1,director
1422,平尾隆之,1,director
1423,朱尔斯·达辛,1,director
1424,丽莎·查罗登科,1,director
1425,迈克尔·丁纳,1,director
1426,苏珊娜·格兰特,1,director
1427,宋文,1,director
1428,尤里斯·伊文思,1,director
1429,威廉姆·克莱因,1,director
1430,格雷戈里·拉·卡瓦,1,director
1431,野村和也,1,director
1432,伊奈精一,1,director
1433,工藤进,1,director
1434,川崎逸朗,1,director
1435,松本淳,1,director
1436,陈咏燊,1,director
1437,陈小娟,1,director
1438,黄瀬和哉,1,director
1439,约瑟夫·冯·斯登堡,1,director
1440,斯蒂芬·加汉,1,director
1441,李汉军,1,director
1442,Adrian McDowall,1,director
1443,Martin Parr,1,director
1444,Asif Kapadia,1,director
1445,Toby Macdonald,1,director
1446,Charles Guard,1,director
1447,Tom Guard,1,director
1448,Jim Gillespie,1,director
1449,Morag McKinnon,1,director
1450,John Smith,1,director
1451,Andy Warhol,1,director
1452,Alexander Payne,1,director
1453,梅雅·黛伦,1,director
1454,亚历山大·罕密德,1,director
1455,乔·努斯鲍姆,1,director
1456,Adam Parrish King,1,director
1457,Standish Lawder,1,director
1458,Rawson Marshall Thurber,1,director
1459,Stefan Nadelman,1,director
1460,陈大利,1,director
1461,彼得·苏列特,1,director
1462,亚当·戴维森,1,director
1463,克里斯·纳汉,1,director
1464,安诺斯·托马斯·延森,1,director
1465,Javier Fesser,1,director
1466,胡安·索拉纳斯,1,director
1467,鲁卡斯·穆迪森,1,director
1468,扬·高能,1,director
1469,杨·史云梅耶,1,director
1470,罗伊·安德森,1,director
1471,维吉尔·维德里希,1,director
1472,Christopher Morris,1,director
1473,Peter Mullan,1,director
1474,Nanni Moretti,1,director
1475,乌斯曼·塞姆班,1,director
1476,Chris Lavis,1,director
1477,Maciek Szczerbowski,1,director
1478,贝特朗·塔维涅,1,director
1479,Alfonso Cuarón,1,director
1480,Stefan Prehn,1,director
1481,盖伊·马丁,1,director
1482,山川直人,1,director
1483,张扬,1,director
1484,梁卓,1,director
1485,杨曜恺,1,director
1486,中村隆太郎,1,director
1487,若林厚史,1,director
1488,下司泰弘,1,director
1489,大原实,1,director
1490,布施木一喜,1,director
1491,陈志发,1,director
1492,安德鲁·麦克莱恩,1,director
1493,崔允信,1,director
1494,安娜-玛丽·米埃维尔,1,director
1495,Anne-Marie Miéville,1,director
1496,筱田正浩,1,director
1497,李骏硕,1,director
1498,李光耀,1,director
1499,彭秀慧,1,director
1500,伊萨克·朱利恩,1,director
1501,李小龙,1,director
1502,艾都瓦德·堤塞,1,director
1503,Evan Bernard,1,director
1504,亚当·伯恩斯坦,1,director
1505,塔拉·戴维斯,1,director
1506,Ari Marcopoulos,1,director
1507,David Perez Shadi,1,director
1508,亚当·佛契,1,director
1509,比托·阿尔贝蒂尼,1,director
1510,荒牧伸志,1,director
1511,Sergei Eisenstein,1,director
1512,扬·斯维拉克,1,director
1513,潘源良,1,director
1514,西德尼·伯恩斯坦,1,director
1515,Carol Dysinger,1,director
1516,Marika Beiku,1,director
1517,亚历山大·戈登,1,director
1518,成濑巳喜男,1,director
1519,吴皓,1,director
1520,鄭思傑,1,director
1521,伊藤秀树,1,director
1522,曾翠珊,1,director
1523,马可·伯格,1,director
1524,张经纬,1,director
1525,Robert Hessens,1,director
1526,布拉德·特纳,1,director
1527,约翰·切斯特,1,director
1528,何宇恒,1,director
1529,尼古拉斯·佩谢,1,director
1530,文隽,1,director
1531,铃木卓尔,1,director
1532,阿迪尔·埃尔·阿比,1,director
1533,比拉勒·法拉赫,1,director
1534,石川庆,1,director
1535,游乃海,1,director
1536,尹尚孝,1,director
1537,儒利亚诺·多赫内利斯,1,director
1538,叶卡特琳娜·奥特尔,1,director
1539,伊利亚·赫尔扎诺夫斯基,1,director
1540,斯蒂法诺·摩尔蒂尼,1,director
1541,吴彦祖,1,director
1542,杰夫·福勒,1,director
1543,伊丽莎·希特曼,1,director
1544,Arthur Crabtree,1,director
1545,乔希·罗威尔,1,director
1546,彼得·莫蒂默,1,director
1547,Kevin Hooks,1,director
1548,托德·道格拉斯·米勒,1,director
1549,柯汶利,1,director
1550,拉吉·利,1,director
1551,尼克·布鲁诺,1,director
1552,特洛伊·奎安,1,director
1553,小艾尔文·S·伊沃斯,1,director
1554,张圭声,1,director
1555,王子逸,1,director
1556,谷垣健治,1,director
1557,安东尼·马拉斯,1,director
1558,申奥,1,director
1559,马克·詹金,1,director
1560,小林正树,1,director
1561,曼努埃尔·德·奥利维拉,1,director
1562,鲁伯特·古尔德,1,director
1563,横山光辉,1,director
1564,京极尚彦,1,director
1565,秋田谷典昭,1,director
1566,古田丈司,1,director
1567,岩本保雄,1,director
1568,绵田慎也,1,director
1569,斋藤德明,1,director
1570,根岸宏树,1,director
1571,今泉力哉,1,director
1572,马歇尔·柯里,1,director
1573,盐田明彦,1,director
1574,玛缇·迪欧普,1,director
1575,田中亮,1,director
1576,阿德里安·格鲁伯格,1,director
1577,李非,1,director
1578,吉尔·卡尔顿,1,director
1579,托德·维尔德曼,1,director
1580,宋思琪,1,director
1581,布鲁诺·科莱特,1,director
1582,马修·A·切瑞,1,director
1583,Everett Downing Jr.,1,director
1584,布鲁斯·W·史密斯,1,director
1585,Daria Kashcheeva,1,director
1586,Seung-jun Yi,1,director
1587,王傢军,1,director
1588,大塚隆史,1,director
1589,王维明,1,director
1590,卢卡斯·德霍特,1,director
1591,李洁,1,director
1592,邱刚,1,director
1593,西蒙·柯蒂斯,1,director
1594,迪米特里·瓦西里耶夫,1,director
1595,金度英,1,director
1596,史蒂文·博格纳尔,1,director
1597,朱莉娅·赖克特,1,director
1598,大根仁,1,director
1599,米夏埃尔·赫尔比希,1,director
1600,刘毛宁,1,director
1601,彼埃尔·佩里菲尔,1,director
1602,JP Sans,1,director
1603,利隆·托帕兹,1,director
1604,罗莎娜·沙利文,1,director
1605,丁雨晨,1,director
1606,安德鲁·戈德史密斯,1,director
1607,布拉德利·斯莱贝,1,director
1608,安东·梅格尔季切夫,1,director
1609,劳伦·斯卡法莉娅,1,director
1610,André Charlot,1,director
1611,Jack Hulbert,1,director
1612,Paul Murray,1,director
1613,迈克尔·恩格勒,1,director
1614,莱斯利·霍华德,1,director
1615,徐磊,1,director
1616,佩里·亨泽尔,1,director
1617,冢原亚由子,1,director
1618,竹村谦太郎,1,director
1619,村尾嘉昭,1,director
1620,付利伟,1,director
1621,图鲁普·范·奥尔曼,1,director
1622,木头,1,director
1623,池田成,1,director
1624,石原立也,1,director
1625,武本康弘,1,director
1626,菱田正和,1,director
1627,小仓宏文,1,director
1628,森邦宏,1,director
1629,铃木薰,1,director
1630,福本洁,1,director
1631,菱川直树,1,director
1632,池端隆史,1,director
1633,松井仁之,1,director
1634,西森章,1,director
1635,Graham Cutts,1,director
1636,乔纳森·霍克,1,director
1637,蒙特·布赖斯,1,director
1638,阿瑟·里普利,1,director
1639,莱斯利·皮尔斯,1,director
1640,八锹新之介,1,director
1641,爱德华·克莱因,1,director
1642,托德·霍兰德,1,director
1643,格雷姆·克利福德,1,director
1644,乌利·埃德尔,1,director
1645,黛安·基顿,1,director
1646,乔纳森·桑格,1,director
1647,史蒂芬·吉伦哈尔,1,director
1648,乔什·库雷,1,director
1649,西蒙·金伯格,1,director
1650,Luis Berdejo,1,director
1651,罗杰·瓦迪姆,1,director
1652,罗伯特·罗森,1,director
1653,阿迪娜·平蒂列,1,director
1654,乔舒亚·迈克尔·斯坦,1,director
1655,布鲁斯·A·埃文斯,1,director
1656,那达夫·拉皮德,1,director
1657,野尻克己,1,director
1658,迈克尔·道赫蒂,1,director
1659,威廉·弗莱德金,1,director
1660,Christian McIntire,1,director
1661,Demian Lichtenstein,1,director
1662,仇新宇,1,director
1663,黑子,1,director
1664,盖尔·曼库索,1,director
1665,章笛沙,1,director
1666,麦家威,1,director
1667,吴肇麟,1,director
1668,刘公子,1,director
1669,鲍勃·福斯,1,director
1670,郭玉龙,1,director
1671,菲尔·奥尔登·罗宾森,1,director
1672,严嘉,1,director
1673,帕特里西亚·玛佐,1,director
1674,大卫·F·桑德伯格,1,director
1675,小斯蒂芬·卡普尔,1,director
1676,张哲,1,director
1677,斯科特·摩西尔,1,director
1678,John Badham,1,director
1679,德兰·萨拉菲安,1,director
1680,林恩·利特曼,1,director
1681,陈鸿仪,1,director
1682,赫克·哈维,1,director
1683,史蒂文·坎托,1,director
1684,内维尔·阿斯特利,1,director
1685,马克·贝克,1,director
1686,尤里斯·范·侯辛,1,director
1687,莎拉·罗珀,1,director
1688,安娜·波顿,1,director
1689,瑞安·弗雷克,1,director
1690,黄祖模,1,director
1691,扬·拉豪尔,1,director
1692,雅各布·舒,1,director
1693,宾-汉·图,1,director
1694,特瑞·琼斯,1,director
1695,伊日·门泽尔,1,director
1696,张栾,1,director
1697,陆庆屹,1,director
1698,格雷格·科斯,1,director
1699,林孝谦,1,director
1700,Stefan Avalos,1,director
1701,Lance Weiler,1,director
1702,朱莉·科昂,1,director
1703,贝齐·韦斯特,1,director
1704,雷·沃纳尔,1,director
1705,吴昱翰,1,director
1706,保罗·维尔齐,1,director
1707,任弼星,1,director
1708,全高云,1,director
1709,金宗宽,1,director
1710,王朔,1,director
1711,莉莉安娜·卡瓦尼,1,director
1712,浦山桐郎,1,director
1713,福泽克雄,1,director
1714,王章俊,1,director
1715,佐向大,1,director
1716,阿尔贝·杜邦泰尔,1,director
1717,拉斯·克劳梅,1,director
1718,何澄,1,director
1719,斯里兰姆·拉格万,1,director
1720,珍妮芬·福克斯,1,director
1721,长崎健司,1,director
1722,菲利普·考夫曼,1,director
1723,乔治·帕尔,1,director
1724,吴贻弓,1,director
1725,维克多·马尔多纳多,1,director
1726,加布里埃尔·彭纳基奥利,1,director
1727,阿尔弗雷多·托雷斯,1,director
1728,弗兰克·巴尔森,1,director
1729,达米安·纽诺,1,director
1730,杰罗姆·陈,1,director
1731,维塔利·舒舒科,1,director
1732,欧文·沙利文,1,director
1733,乔恩·叶,1,director
1734,哈维尔·雷西奥·格雷西亚,1,director
1735,白雪,1,director
1736,尹钟彬,1,director
1737,金子修介,1,director
1738,阿尔·赖纳特,1,director
1739,威廉·卡斯尔,1,director
1740,赵小丁,1,director
1741,安东尼·拉默里纳拉,1,director
1742,五百,1,director
1743,立川让,1,director
1744,鲍勃·佩尔西凯蒂,1,director
1745,彼得·拉姆齐,1,director
1746,罗德尼·罗斯曼,1,director
1747,伊丽莎白·柴·瓦沙瑞莉,1,director
1748,金国威,1,director
1749,瑞卡·泽哈布奇,1,director
1750,盖·纳蒂弗,1,director
1751,马克·弗罗斯特,1,director
1752,阿尼什·查甘蒂,1,director
1753,西达夫·马贺拉,1,director
1754,于淼,1,director
1755,金智永,1,director
1756,黛布拉·格兰尼克,1,director
1757,Roger Pigaut,1,director
1758,王家乙,1,director
1759,徐誉庭,1,director
1760,许智彦,1,director
1761,安德鲁·道格拉斯,1,director
1762,玛丽娜·马丁斯,1,director
1763,布莱德利·库珀,1,director
1764,林宏杰,1,director
1765,布莱恩·林奇,1,director
1766,Didier Ah-Koon,1,director
1767,布鲁诺·肖法尔,1,director
1768,格伦·麦考伊,1,director
1769,朱利安·索雷特,1,director
1770,Bruno Dequier,1,director
1771,Mark O'Hare,1,director
1772,埃里克·法维拉,1,director
1773,萨缪尔·陶雷克斯,1,director
1774,特雷弗·希门尼斯,1,director
1775,安德鲁·查斯沃斯,1,director
1776,巴比·庞迪亚斯,1,director
1777,露易丝·巴格诺尔,1,director
1778,大卫·芬,1,director
1779,艾莉森·斯诺登,1,director
1780,Vincent Misiano,1,director
1781,胡波,1,director
1782,贝特朗·芒蒂格,1,director
1783,科比·迪克,1,director
1784,基里尔·谢列布连尼科夫,1,director
1785,本杰明·雷内,1,director
1786,帕特里克·英伯特,1,director
1787,沙恩·布莱克,1,director
1788,科林·哈迪,1,director
1789,史蒂芬·野村·斯奇博,1,director
1790,Jun Fukuda,1,director
1791,埃里克·斯柯比约格,1,director
1792,刘维斌,1,director
1793,袁乃晨,1,director
1794,埃里卡·詹金,1,director
1795,伏原健之,1,director
1796,诺拉·托梅,1,director
1797,上田慎一郎,1,director
1798,李章焄,1,director
1799,维克多·凯尔,1,director
1800,加布里埃尔·格拉珀龙,1,director
1801,文森特·巴尤,1,director
1802,希奥菲尔·迪弗雷纳,1,director
1803,卢卡斯·纳瓦罗,1,director
1804,弗洛里安·巴比基安,1,director
1805,陈静,1,director
1806,彭擎政,1,director
1807,朱莉·戈蒂埃,1,director
1808,马克斯·波特,1,director
1809,桑畑瑠,1,director
1810,杰西卡·斯维尔,1,director
1811,查尔斯·斯通三世,1,director
1812,大卫·科尔,1,director
1813,欧文·皮切尔,1,director
1814,光武藏人,1,director
1815,张林旭,1,director
1816,李佳怡,1,director
1817,吕乐,1,director
1818,J·A·巴亚纳,1,director
1819,博·伯翰,1,director
1820,李泰亨,1,director
1821,包贝尔,1,director
1822,雷成功,1,director
1823,林展伟,1,director
1824,菲尔·约翰斯顿,1,director
1825,黄渤,1,director
1826,朱利安·施纳贝尔,1,director
1827,彼得·布鲁克,1,director
1828,Anthony Fankhauser,1,director
1829,特里·O·莫尔斯,1,director
1830,欧·帕克,1,director
1831,小田基義,1,director
1832,钱嘉乐,1,director
1833,艾尔伯特·休斯,1,director
1834,约翰·劳瑞,1,director
1835,穆斯塔法·阿卡德,1,director
1836,杰达·托伦,1,director
1837,罗嘉甫,1,director
1838,谢铁骊,1,director
1839,克里斯托夫·奥诺雷,1,director
1840,关正良,1,director
1841,徐圣涵,1,director
1842,蔡式章,1,director
1843,史蒂芬·卡嘉克,1,director
1844,劳伦斯·奥利弗,1,director
1845,马大卫,1,director
1846,何东兴,1,director
1847,亦风,1,director
1848,金圣恩,1,director
1849,李冠章,1,director
1850,王星磊,1,director
1851,欧阳俊,1,director
1852,孙圣源,1,director
1853,国建勇,1,director
1854,刘阔,1,director
1855,帕诺斯·科斯马图斯,1,director
1856,罗耀辉,1,director
1857,斯特法诺·索利马,1,director
1858,黄沙,1,director
1859,孙瑜,1,director
1860,张铮,1,director
1861,高飞,1,director
1862,张弛,1,director
1863,江道海,1,director
1864,谢东燊,1,director
1865,森岛,1,director
1866,金鑫,1,director
1867,费穆,1,director
1868,杨世庆,1,director
1869,陈木川,1,director
1870,今井一晓,1,director
1871,许圣雨,1,director
1872,田鹏,1,director
1873,金长樑,1,director
1874,林国樑,1,director
1875,张家辉,1,director
1876,凌云,1,director
1877,弗兰克·盖思堂彼得,1,director
1878,瓦莱斯卡·格里巴赫,1,director
1879,黄惠侦,1,director
1880,詹京霖,1,director
1881,保罗·金,1,director
1882,小沈阳,1,director
1883,上条大辅,1,director
1884,卢奎西亚·马特尔,1,director
1885,马徐维邦,1,director
1886,潘礼平,1,director
1887,邹江,1,director
1888,陆剑梅,1,director
1889,宋阳,1,director
1890,张吃鱼,1,director
1891,前田弘二,1,director
1892,弗兰克·塔许林,1,director
1893,宋迪,1,director
1894,金炫锡,1,director
1895,大卫·彼特拉克,1,director
1896,李英洛,1,director
1897,苏伦,1,director
1898,吴君如,1,director
1899,热纳罗·努基阿德,1,director
1900,周格泰,1,director
1901,刘若英,1,director
1902,陈丽英,1,director
1903,范俭,1,director
1904,莉娜·亚达夫,1,director
1905,亚历克斯·加兰,1,director
1906,曾英庭,1,director
1907,张人杰,1,director
1908,林珍钊,1,director
1909,文森特·贾洪,1,director
1910,格里格·伯兰蒂,1,director
1911,任鹏远,1,director
1912,罗阿尔·乌索格,1,director
1913,沃尔夫冈·贝克,1,director
1914,李芳芳,1,director
1915,林顺礼,1,director
1916,多洛塔·科别拉,1,director
1917,休·韦尔什曼,1,director
1918,谢晋,1,director
1919,艾斯林·沃什,1,director
1920,斯蒂文·S·迪奈特,1,director
1921,齐德·多尔里,1,director
1922,托比·维尔金森,1,director
1923,谈宜之,1,director
1924,郑范识,1,director
1925,阿德瓦·香登,1,director
1926,黄进,1,director
1927,史蒂夫·弗兰克斯,1,director
1928,罗宾·坎皮略,1,director
1929,西恩·潘,1,director
1930,弗兰克·斯蒂费尔,1,director
1931,陈为军,1,director
1932,罗宾·贝恩,1,director
1933,吴有音,1,director
1934,阿米特·马斯卡尔,1,director
1935,克里斯·奥弗顿,1,director
1936,伊尔蒂科·茵叶蒂,1,director
1937,纳塔吾·彭皮里亚,1,director
1938,三岛有纪子,1,director
1939,罗兰·V·李,1,director
1940,十庆,1,director
1941,让·热内,1,director
1942,大沼心,1,director
1943,约翰·马登,1,director
1944,塞巴斯蒂安·莱里奥,1,director
1945,费德·阿尔瓦雷兹,1,director
1946,理查德·戴尔,1,director
1947,范立欣,1,director
1948,潘耀明,1,director
1949,张立嘉,1,director
1950,克里斯·穆卡贝尔,1,director
1951,Isaac Florentine,1,director
1952,梅峰,1,director
1953,中村义洋,1,director
1954,阿部记之,1,director
1955,矢口史靖,1,director
1956,文素丽,1,director
1957,Georgia Tanner,1,director
1958,扬·霍布雷克,1,director
1959,永井聪,1,director
1960,沈威,1,director
1961,肖洋,1,director
1962,徐纪周,1,director
1963,姜帝圭,1,director
1964,张森,1,director
1965,王宝强,1,director
1966,纳瓦彭·坦荣瓜塔纳利,1,director
1967,马可·贝洛基奥,1,director
1968,迈克尔·格雷西,1,director
1969,达利博尔·马塔尼奇,1,director
1970,格兰·基恩,1,director
1971,石井裕也,1,director
1972,埃默·雷诺兹,1,director
1973,荻上直子,1,director
1974,罗镇岳,1,director
1975,约翰·麦肯齐,1,director
1976,郭煜基,1,director
1977,赵汉唐,1,director
1978,迈克尔·斯派瑞,1,director
1979,彼得·斯派瑞,1,director
1980,文晏,1,director
1981,伍润泉,1,director
1982,亚历克斯·布鲁尔,1,director
1983,本杰明·布鲁尔,1,director
1984,加斯顿·杜帕拉特,1,director
1985,马里亚诺·寇恩,1,director
1986,长井龙雪,1,director
1987,长久允,1,director
1988,大卫·L·布斯,1,director
1989,Beth David,1,director
1990,Esteban Bravo,1,director
1991,渡边信一郎,1,director
1992,戴夫·穆林斯,1,director
1993,罗伯特·艾格斯,1,director
1994,施洁玲,1,director
1995,阿方索·戈麦斯-雷洪,1,director
1996,科林·特雷沃罗,1,director
1997,丹·关,1,director
1998,丹尼尔·施纳特,1,director
1999,李晨,1,director
2000,多田俊介,1,director
2001,约翰尼·马丁,1,director
2002,迪安·德夫林,1,director
2003,托多尔·查卡诺威,1,director
2004,格雷格·蒂曼,1,director
2005,伊丽莎白·班克斯,1,director
2006,佐藤信介,1,director
2007,阿兰蒂·卡瓦特,1,director
2008,萨基特·乔杜里,1,director
2009,亚力克斯·考克斯,1,director
2010,Chin Wei Lin,1,director
2011,加里斯·爱德华斯,1,director
2012,李娜静,1,director
2013,布莱恩·菲,1,director
2014,阿尔伯特·塞拉,1,director
2015,马尔科姆·D·李,1,director
2016,杰斯珀·W·尼尔森,1,director
2017,布莱恩·佛格尔,1,director
2018,张律,1,director
2019,约瑟夫·鲁本,1,director
2020,陈惠敏,1,director
2021,凯西·杰伊,1,director
2022,坂本浩一,1,director
2023,相米慎二,1,director
2024,袁卫东,1,director
2025,David Varga,1,director
2026,泽维尔·多兰,1,director
2027,埃里克·吉隆,1,director
2028,傅燕,1,director
2029,陈钺晖,1,director
2030,白石晃士,1,director
2031,拉里·克拉克,1,director
2032,艾斯彭·山德伯格,1,director
2033,钱人豪,1,director
2034,宫藤官九郎,1,director
2035,杰夫·奥洛威斯基,1,director
2036,周拓如,1,director
2037,小栗康平,1,director
2038,刘国伟,1,director
2039,卢正雨,1,director
2040,郑建国,1,director
2041,NHK,1,director
2042,刘丹青,1,director
2043,诺夫·舒贝尔,1,director
2044,汤姆·福特,1,director
2045,斯坦尼斯拉夫·罗斯托茨基,1,director
2046,富永昌敬,1,director
2047,汤姆·考尔菲尔德,1,director
2048,史蒂芬·桑多瓦尔,1,director
2049,艾里克斯·库兹曼,1,director
2050,萨米埃尔·本谢特里,1,director
2051,Maninder Chana,1,director
2052,罗炽,1,director
2053,德尔默·戴夫斯,1,director
2054,沃伊切赫·斯玛若夫斯基,1,director
2055,Michael Oswald,1,director
2056,克洛德·巴拉斯,1,director
2057,克莱尔·西蒙,1,director
2058,尹佳恩,1,director
2059,马特·怀克洛斯,1,director
2060,翁子光,1,director
2061,山田尚子,1,director
2062,山田茜,1,director
2063,罗杰·梅因伍德,1,director
2064,安托南·佩里提亚可,1,director
2065,扬·特洛尔,1,director
2066,罗棋,1,director
2067,島津保次郎,1,director
2068,Gotham Chopra,1,director
2069,小池健,1,director
2070,片渊须直,1,director
2071,中村章子,1,director
2072,林明美,1,director
2073,李海蜀,1,director
2074,黄彦威,1,director
2075,山下敦弘,1,director
2076,贾斯汀·库泽尔,1,director
2077,蒂莫西·范·帕腾,1,director
2078,布莱恩·柯克,1,director
2079,桥口亮辅,1,director
2080,迈克尔·里奇,1,director
2081,恩斯特·马里施卡,1,director
2082,郭追,1,director
2083,恩丽卡·安东尼奥尼,1,director
2084,伊斯拉·埃德尔曼,1,director
2085,伊万·阿达勒,1,director
2086,Randall Balsmeyer,1,director
2087,艾伦·休斯,1,director
2088,乔舒亚·马斯顿,1,director
2089,娜塔莉·波特曼,1,director
2090,张大磊,1,director
2091,凯莉·弗莱蒙·克雷格,1,director
2092,洛伦佐·维加斯,1,director
2093,罗万·迪肯,1,director
2094,沃尔特·道恩,1,director
2095,亚历山大·西伯恩,1,director
2096,伯努瓦·菲利,1,director
2097,艾娃·德约列,1,director
2098,利桑德罗·阿隆索,1,director
2099,克洛德·索泰,1,director
2100,宋晓飞,1,director
2101,董旭,1,director
2102,史蒂芬·C·米勒,1,director
2103,玛伦·阿德,1,director
2104,里奇·斯坦恩,1,director
2105,安妮·桑德博格,1,director
2106,克里斯托夫·卢尔德莱,1,director
2107,乔丹·沃格特-罗伯茨,1,director
2108,大卫·马肯兹,1,director
2109,彼得·W·孔哈特,1,director
2110,布瑞恩·奥克斯,1,director
2111,罗伯特·戴,1,director
2112,费舍·史蒂芬斯,1,director
2113,Lauren Lazin,1,director
2114,奥兰多·冯·爱因西德尔,1,director
2115,马丁·巴特勒,1,director
2116,宾利·迪恩,1,director
2117,艾尔玛·克里夫顿,1,director
2118,约翰·昂格利什,1,director
2119,程耳,1,director
2120,克里斯托弗·迪克,1,director
2121,迈克尔·度德威特,1,director
2122,艾伦·巴利拉罗,1,director
2123,史悲,1,director
2124,弗兰克·鲍沙其,1,director
2125,张嘉佳,1,director
2126,克里斯蒂安·蒙吉,1,director
2127,加斯·戴维斯,1,director
2128,Agnès Varda,1,director
2129,安娜·福斯特,1,director
2130,山本透,1,director
2131,阿兰·吉罗迪,1,director
2132,Peter Glushanok,1,director
2133,乔治·史蒂文斯,1,director
2134,吴品儒,1,director
2135,罗舜泉,1,director
2136,德雷克·多雷穆斯,1,director
2137,弗朗西斯科·马塞利,1,director
2138,迪诺·里西,1,director
2139,切萨雷·扎瓦蒂尼,1,director
2140,伊恩·泰勒,1,director
2141,丹泽尔·华盛顿,1,director
2142,Charles Walters,1,director
2143,约翰·克伦威尔,1,director
2144,哈罗德·F.克雷斯,1,director
2145,Charles Chaplin,1,director
2146,拉尔夫·尼尔森,1,director
2147,达格·卡利,1,director
2148,むらた雅彦,1,director
2149,亨利·科斯特,1,director
2150,塞德里克·萨科,1,director
2151,马克·布鲁蒙德,1,director
2152,乔·丹特,1,director
2153,约翰·兰迪斯,1,director
2154,桥本光二郎,1,director
2155,宮元宏彰,1,director
2156,陈涛,1,director
2157,陈挚恒,1,director
2158,宋方,1,director
2159,陈翠梅,1,director
2160,王子昭,1,director
2161,卫铁,1,director
2162,埃迪森·特斯利卡森,1,director
2163,嘉里·瑞德斯托姆,1,director
2164,石井隆,1,director
2165,蒙特·赫尔曼,1,director
2166,海尔·格里玛,1,director
2167,大卫·法兰里奥,1,director
2168,Aleksei Fedorchenko,1,director
2169,Jan Cvitkovic,1,director
2170,Amiel Courtin Wilson,1,director
2171,Antonio Capuano,1,director
2172,拉玛·布什顿,1,director
2173,朱利奥·布雷萨内,1,director
2174,凯瑟琳·布雷亚,1,director
2175,Hala Alabdalla,1,director
2176,John Akomfrah,1,director
2177,卡里姆·埃诺兹,1,director
2178,弗雷德里克·丰泰纳,1,director
2179,阿莫斯·吉泰,1,director
2180,ALEKSEY GERMAN JR,1,director
2181,Lluis Galter,1,director
2182,克莱尔·德尼,1,director
2183,Amit Dutta,1,director
2184,塞米赫·卡普兰奥卢,1,director
2185,Marlen Khutsiyev,1,director
2186,Guido Lombardi,1,director
2187,托比亚斯·林道赫姆,1,director
2188,伯努瓦·雅克,1,director
2189,Jazmin Lopez,1,director
2190,Pietro Marcello,1,director
2191,弗兰科·马雷斯科,1,director
2192,布里兰特·曼多萨,1,director
2193,塞琳娜·穆加,1,director
2194,萨尔瓦托·梅鲁,1,director
2195,施林·奈沙,1,director
2196,阿米尔·纳得瑞,1,director
2197,尼古拉斯·佩雷达,1,director
2198,弗兰科·皮亚维奥利,1,director
2199,Guiseppe Piccioni,1,director
2200,爱德嘉·莱兹,1,director
2201,米凯莱·普拉奇多,1,director
2202,尤里西·塞德尔,1,director
2203,若昂·佩德罗·罗德里格斯,1,director
2204,让-马里·斯特劳布,1,director
2205,图西·塔马西西,1,director
2206,塔里克·特琪亚,1,director
2207,阿赛娜·拉海尔·灿加里,1,director
2208,特雷莎·维拉芙尔德,1,director
2209,王兵,1,director
2210,坂野义光,1,director
2211,罗艺江,1,director
2212,塔西姆·辛,1,director
2213,金·加姆洛德,1,director
2214,布莱恩·史密斯,1,director
2215,珍妮·鲁塞尔,1,director
2216,Talus Taylor,1,director
2217,Annette Tison,1,director
2218,新留俊哉,1,director
2219,安藤贵史,1,director
2220,筑紫大介,1,director
2221,松泽建一,1,director
2222,柿本广大,1,director
2223,张继钢,1,director
2224,陈维亚,1,director
2225,任凭,1,director
2226,至尊玉,1,director
2227,方放,1,director
2228,徐雷,1,director
2229,蔡雅妮,1,director
2230,杰克·汉纳,1,director
2231,Robert Owan,1,director
2232,锡默斯·马隆,1,director
2233,理查德·斯塔扎克,1,director
2234,詹姆斯·利菲尔,1,director
2235,马塞洛·巴格利埃罗,1,director
2236,帕特里克·休斯,1,director
2237,崔·帕克,1,director
2238,李石勋,1,director
2239,埃里奥·贝多利,1,director
2240,斯蒂芬·弗雷斯,1,director
2241,Tara Pirnia,1,director
2242,古澤佳寛,1,director
2243,野上純一,1,director
2244,高橋信一,1,director
2245,徐小明,1,director
2246,简耀宗,1,director
2247,袁锦麟,1,director
2248,尼古拉斯·罗伊格,1,director
2249,牧原亮太郎,1,director
2250,路易·马勒,1,director
2251,王金明,1,director
2252,杰夫·瓦德洛,1,director
2253,阿利森·安德斯,1,director
2254,亚历山大·洛克威尔,1,director
2255,许秦豪,1,director
2256,山本嘉次郎,1,director
2257,今村昌平,1,director
2258,梅里安·C·库珀,1,director
2259,张时霖,1,director
2260,泰勒·海克福德,1,director
2261,比利·奥古斯特,1,director
2262,梁宏发,1,director
2263,陈翊恒,1,director
2264,亨利·柯比,1,director
2265,安塞尔莫·杜阿尔特,1,director
2266,曲建方,1,director
2267,金芳玲,1,director
2268,衣笠贞之助,1,director
2269,莎伦·马奎尔,1,director
2270,Steve Rash,1,director
2271,克里斯·巴特勒,1,director
2272,吴耀权,1,director
2273,莫里斯·皮亚拉,1,director
2274,桥本幸治,1,director
2275,林美年,1,director
2276,林世勇,1,director
2277,金炳兴,1,director
2278,罗伯特·洛伦兹,1,director
2279,本·阿弗莱克,1,director
2280,克里斯·卡特,1,director
2281,柴山健次,1,director
2282,埃米尔·库斯图里卡,1,director
2283,金世勋,1,director
2284,王珮华,1,director
2285,王仁里,1,director
2286,萨沙·杰瓦西,1,director
2287,乔恩·赫维兹,1,director
2288,海登·施拉兹伯格,1,director
2289,袁秋枫,1,director
2290,托马斯·阿尔弗莱德森,1,director
2291,山下賢章,1,director
2292,雅克·德米,1,director
2293,德尔伯特·曼,1,director
2294,朱德承,1,director
2295,张耀星,1,director
2296,李济昌,1,director
2297,朱翊,1,director
2298,阿努拉格·巴苏,1,director
2299,罗永贤,1,director
2300,萧显辉,1,director
2301,颢然,1,director
2302,王永,1,director
2303,叶崇铭,1,director
2304,张孝正,1,director
2305,龙冠吾,1,director
2306,杨布新,1,director
2307,吴锦源,1,director
2308,梁胜权,1,director
2309,麦贯之,1,director
2310,于建福,1,director
2311,张晓光,1,director
2312,丁黑,1,director
2313,范秀明,1,director
2314,米哈伊尔·卡拉托佐夫,1,director
2315,张宝莲,1,director
2316,刘大印,1,director
2317,徐进良,1,director
2318,申学兵,1,director
2319,曾谨,1,director
2320,谢洪,1,director
2321,宋学斌,1,director
2322,张戈,1,director
2323,罗廷,1,director
2324,徐惠康,1,director
2325,韦丽园,1,director
2326,乔什·特兰克,1,director
2327,冯柏源,1,director
2328,马精武,1,director
2329,J.V.V. Sathyanarayana,1,director
2330,崔承,1,director
2331,高力强,1,director
2332,德喜,1,director
2333,黄海刚,1,director
2334,叶成康,1,director
2335,吴妙清,1,director
2336,李晴宇,1,director
2337,沈中平,1,director
2338,苏沅峰,1,director
2339,邱英洪,1,director
2340,何耀宗,1,director
2341,罗长安,1,director
2342,文森特·帕兰德,1,director
2343,玛嘉·莎塔琵,1,director
2344,李森,1,director
2345,石零,1,director
2346,夏祖辉,1,director
2347,何麒,1,director
2348,刘峰,1,director
2349,王鸣,1,director
2350,马中骏,1,director
2351,卡罗尔·里德,1,director
2352,陆江,1,director
2353,张绍林,1,director
2354,黎文彦,1,director
2355,李源,1,director
2356,杨洁,1,director
2357,原田真人,1,director
2358,袁晓波,1,director
2359,梁德华,1,director
2360,王新民,1,director
2361,杨韬,1,director
2362,庄伟建,1,director
2363,斯特瓦特·亨德尔,1,director
2364,刘家豪,1,director
2365,托尼·吉尔罗伊,1,director
2366,Douglas Gordon,1,director
2367,Philippe Parreno,1,director
2368,亨利·朱斯特,1,director
2369,托德·威廉姆斯,1,director
2370,布朗科·比利·安德森,1,director
2371,詹姆斯·马瑟,1,director
2372,斯蒂芬·圣·莱杰,1,director
2373,朴银炯,1,director
2374,吴达均,1,director
2375,朱里安·杰拉德,1,director
2376,吉勒·巴盖特-布赫内,1,director
2377,史蒂夫·普切尔,1,director
2378,赵林山,1,director
2379,莱克茜·亚历山大,1,director
2380,大卫·M·埃文斯,1,director
2381,劳伦斯·哥特曼,1,director
2382,德里克·马蒂尼,1,director
2383,史蒂夫·欧德科克,1,director
2384,王全安,1,director
2385,西德尼·J·弗里尔,1,director
2386,克雷格·布鲁尔,1,director
2387,罗伯特·马利根,1,director
2388,洛朗·蒂拉尔,1,director
2389,尹泰允,1,director
2390,杰西·迪伦,1,director
2391,彼得·勒文,1,director
2392,Faruk Aksoy,1,director
2393,Gary Smith,1,director
2394,Dann Netter,1,director
2395,麦曦茵,1,director
2396,米洛拉德·科斯蒂奇,1,director
2397,约翰·哈里斯,1,director
2398,香特尔·阿克曼,1,director
2399,院志强,1,director
2400,詹姆斯·B·罗杰斯,1,director
2401,马克宣,1,director
2402,罗伯·鲍曼,1,director
2403,张训玮,1,director
2404,德鲁·戈达德,1,director
2405,奥伦·佩利,1,director
2406,方令正,1,director
2407,乔斯·韦登,1,director
2408,姜秀琼,1,director
2409,陈芯宜,1,director
2410,亚历山大·维特,1,director
2411,王浩一,1,director
2412,大卫·S·高耶,1,director
2413,苏乔伊·高什,1,director
2414,袁俊文,1,director
2415,斯蒂芬·霍普金斯,1,director
2416,潘安子,1,director
2417,Philip DeGuere,1,director
2418,安德鲁·海格,1,director
2419,沃伦·科尔曼,1,director
2420,朱迪·莫里斯,1,director
2421,洛威·舍曼,1,director
2422,麦当雄,1,director
2423,高炳权,1,director
2424,Don Kempf,1,director
2425,James D. Stern,1,director
2426,西恩·安德斯,1,director
2427,阿里斯特·格里尔森,1,director
2428,于中中,1,director
2429,马里奥·范·皮布尔斯,1,director
2430,泰利·茨威戈夫,1,director
2431,乔纳森·汉斯雷,1,director
2432,托尼·安齐洛,1,director
2433,刘浩学,1,director
2434,哈罗德·雷米斯,1,director
2435,约翰·肯特·哈里森,1,director
2436,石村二郎,1,director
2437,李华月,1,director
2438,金正权,1,director
2439,唐迪,1,director
2440,科林·施特劳斯,1,director
2441,格雷格·施特劳斯,1,director
2442,Joseph Maddern,1,director
2443,乔治·尼科尔斯,1,director
2444,李宰汉,1,director
2445,钱运达,1,director
2446,安格斯·麦克莱恩,1,director
2447,Panna Rittikrai,1,director
2448,胡进庆,1,director
2449,周克勤,1,director
2450,戴铁郎,1,director
2451,何玉门,1,director
2452,胡雄华,1,director
2453,张松林,1,director
2454,乔治·克鲁尼,1,director
2455,靳夕,1,director
2456,马特·罗斯,1,director
2457,杜克·约翰逊,1,director
2458,郑思杰,1,director
2459,水田伸生,1,director
2460,帕特里克·塔特普洛斯,1,director
2461,孙道临,1,director
2462,鲍兹·亚金,1,director
2463,萨布,1,director
2464,莫娜·阿查切,1,director
2465,米歇尔·阿扎纳维西于斯,1,director
2466,Robert Young,1,director
2467,张勋,1,director
2468,翁维铨,1,director
2469,戴维·汉德,1,director
2470,迈克尔·苏克西,1,director
2471,威廉·凯利,1,director
2472,郑勇基,1,director
2473,莱妮·里芬施塔尔,1,director
2474,大卫·格里菲斯,1,director
2475,罗烈,1,director
2476,大卫·罗伯特·米切尔,1,director
2477,乔恩·卢卡斯,1,director
2478,斯科特·摩尔,1,director
2479,莎里·斯宾厄·伯曼,1,director
2480,罗伯特·帕西尼,1,director
2481,黄明升,1,director
2482,梅勒妮·梅隆,1,director
2483,侯亮,1,director
2484,Wallace McCutcheon,1,director
2485,乔治·梅里爱,1,director
2486,奥古斯特·卢米埃尔,1,director
2487,加文·欧康诺,1,director
2488,冯家瑞,1,director
2489,诺曼·杰威森,1,director
2490,吴念真,1,director
2491,侯季然,1,director
2492,张作骥,1,director
2493,郑文堂,1,director
2494,郑有杰,1,director
2495,萧雅全,1,director
2496,戴立忍,1,director
2497,中平康,1,director
2498,李芸婵,1,director
2499,李旗,1,director
2500,让-保尔·萨罗米,1,director
2501,俞飞鸿,1,director
2502,艾伦·J·帕库拉,1,director
2503,程珑,1,director
2504,托尼·基格里奥,1,director
2505,黄仁浩,1,director
2506,斯科特·查尔斯·斯图瓦特,1,director
2507,吉尔·考夫曼,1,director
2508,楚克·萨克瑞科,1,director
2509,马克·戈德布拉特,1,director
2510,松尾昭典,1,director
2511,吉莉安·阿姆斯特朗,1,director
2512,蔡心,1,director
2513,吉拉尔·皮雷,1,director
2514,大卫·海克尔,1,director
2515,基兰·饶,1,director
2516,钟继昌,1,director
2517,梁旋,1,director
2518,张春,1,director
2519,唐·泰勒,1,director
2520,田昀树,1,director
2521,约翰·卡朋特,1,director
2522,李丰博,1,director
2523,科斯汀·谢里丹,1,director
2524,金琛,1,director
2525,小马泰斯·范海宁根,1,director
2526,朴宪洙,1,director
2527,阿列克谢·日尔曼,1,director
2528,马可·布拉姆贝拉,1,director
2529,吴钟禄,1,director
2530,约翰·卡梅隆·米切尔,1,director
2531,卓娅·阿赫塔尔,1,director
2532,阿罗·拉索,1,director
2533,乔纳森·莱文,1,director
2534,艾伦·哈维,1,director
2535,周杰伦,1,director
2536,罗杰·米歇尔,1,director
2537,阿牛,1,director
2538,南尼·莫莱蒂,1,director
2539,加仑·T·楚,1,director
2540,威拉德·赫依克,1,director
2541,亚历山大·扎尔赫依,1,director
2542,乔·皮特卡,1,director
2543,杜家毅,1,director
2544,让·德拉努瓦,1,director
2545,徐佩侃,1,director
2546,Andrew Eastel,1,director
2547,丹尼斯·甘塞尔,1,director
2548,Troy Quane,1,director
2549,杨冠玉,1,director
2550,泰德·珀斯特,1,director
2551,罗义民,1,director
2552,韩之夏,1,director
2553,九把刀,1,director
2554,王菁,1,director
2555,泰特·泰勒,1,director
2556,Karen Disher,1,director
2557,林育贤,1,director
2558,林书宇,1,director
2559,梁鸿华,1,director
2560,科林·奇尔弗斯,1,director
2561,Jerry Kramer,1,director
2562,Jim Blashfield,1,director
2563,赛斯·戈登,1,director
2564,曹建南,1,director
2565,加里·麦肯德莱,1,director
2566,鲁伯特·瓦耶特,1,director
2567,邝文伟,1,director
2568,班庄·比辛达拿刚,1,director
2569,秋山贵彦,1,director
2570,Tanit Jitnukul,1,director
2571,克洛德·纽里德萨尼,1,director
2572,玛丽·佩雷努,1,director
2573,孔玟燕,1,director
2574,张荣吉,1,director
2575,马尔科姆·文维尔,1,director
2576,布拉德·刘易斯,1,director
2577,拉斯洛·奈迈施,1,director
2578,张黎,1,director
2579,Yavar Abbas,1,director
2580,刘俊杰,1,director
2581,Peng Wang,1,director
2582,高晓松,1,director
2583,刘成汉,1,director
2584,苏珊娜·比尔,1,director
2585,格拉·巴布鲁阿尼,1,director
2586,林玉芬,1,director
2587,刘国辉,1,director
2588,区丁平,1,director
2589,格雷格·莫托拉,1,director
2590,陈慧翎,1,director
2591,乔治·诺非,1,director
2592,麦大杰,1,director
2593,戴夫·格林,1,director
2594,福富博,1,director
2595,蒋旭,1,director
2596,泰迪·罗宾,1,director
2597,朱家宏,1,director
2598,王迎,1,director
2599,江扬,1,director
2600,黄志,1,director
2601,方野,1,director
2602,黄靖华,1,director
2603,汤米·李·琼斯,1,director
2604,玛西·塔吉丁,1,director
2605,赵良骏,1,director
2606,游监煜,1,director
2607,阿斯弗·卡帕迪尔,1,director
2608,菲利普·考尔德隆,1,director
2609,江豐宏,1,director
2610,保罗·萨纳耶夫,1,director
2611,Anthony Bell,1,director
2612,钟志文,1,director
2613,孙立基,1,director
2614,Jon Chu,1,director
2615,布拉德·福尔曼,1,director
2616,路易斯·曼多基,1,director
2617,顾长卫,1,director
2618,程东,1,director
2619,帕特里克·卢西尔,1,director
2620,约瑟夫·巴伯拉,1,director
2621,威廉·汉纳,1,director
2622,特克斯·艾弗里,1,director
2623,Michael Lah,1,director
2624,大卫·扎克,1,director
2625,罗伯特·德尼罗,1,director
2626,刘易斯·迈尔斯通,1,director
2627,许安,1,director
2628,北村丰晴,1,director
2629,林纯华,1,director
2630,南希·迈耶斯,1,director
2631,冯世雄,1,director
2632,路奇,1,director
2633,克里斯蒂安·E·克里斯蒂安森,1,director
2634,朴光铉,1,director
2635,唐·布鲁斯,1,director
2636,加里·戈德曼,1,director
2637,约翰·汉博格,1,director
2638,Jason Eisener,1,director
2639,谭华,1,director
2640,金泰均,1,director
2641,金英卓,1,director
2642,内森·格雷诺,1,director
2643,亚历山德罗·卡罗尼,1,director
2644,蒂姆·赫瑟林顿,1,director
2645,塞巴斯蒂安·荣格尔,1,director
2646,李正浩,1,director
2647,陈大明,1,director
2648,朱时茂,1,director
2649,李智,1,director
2650,汤姆·霍伯,1,director
2651,袁鸿冰,1,director
2652,保罗·舒尔灵,1,director
2653,罗德里戈·科尔特斯,1,director
2654,安妮·弗莱彻,1,director
2655,埃里克·瓦力,1,director
2656,伊桑·曼尼奎斯,1,director
2657,杨小雄,1,director
2658,尚敬,1,director
2659,Phil Chapman,1,director
2660,Gavin Maxwell,1,director
2661,唐振瑜,1,director
2662,蒂姆·肯德尔,1,director
2663,李志蔷,1,director
2664,理查德·马昆德,1,director
2665,伊丽莎白·艾伦,1,director
2666,吴兵,1,director
2667,塞思·麦克法兰,1,director
2668,王宁,1,director
2669,牛朝阳,1,director
2670,丹尼·高顿,1,director
2671,塞缪尔·贝尔,1,director
2672,杨伟业,1,director
2673,保罗·亨特,1,director
2674,李桢凡,1,director
2675,洛特·赖尼格,1,director
2676,文章,1,director
2677,大卫·斯雷德,1,director
2678,岸西,1,director
2679,汤姆·沃恩,1,director
2680,亨德尔·布托伊,1,director
2681,唐·哈恩,1,director
2682,皮克索特·亨特,1,director
2683,鄢钷,1,director
2684,肖蔚鸿,1,director
2685,迈克·加布里尔,1,director
2686,Jim Wilson,1,director
2687,维卡斯·巴尔,1,director
2688,帕特里克·亚力桑德罗,1,director
2689,Heung-sun Jeong,1,director
2690,郑多顺,1,director
2691,刘德凯,1,director
2692,胡安·何塞·坎帕内利亚,1,director
2693,迈克尔·卡顿-琼斯,1,director
2694,金国钊,1,director
2695,杨敦平,1,director
2696,赵真奎,1,director
2697,王秉林,1,director
2698,张夷非,1,director
2699,沈东,1,director
2700,John Schultz,1,director
2701,大卫·博维斯,1,director
2702,王力宏,1,director
2703,都晓,1,director
2704,阿兰·莫纳,1,director
2705,思诺,1,director
2706,布莱恩·斯莫兹,1,director
2707,Jacques Cluzaud,1,director
2708,詹姆斯·麦克特格,1,director
2709,哈罗德·兹瓦特,1,director
2710,马丁·赞里维特,1,director
2711,应云卫,1,director
2712,理查德·贝里,1,director
2713,Steve Carr,1,director
2714,西奥·安哲罗普洛斯,1,director
2715,文森特·阿兰达,1,director
2716,尤瑟夫·夏因,1,director
2717,阿兰·科诺,1,director
2718,雷蒙·德帕东,1,director
2719,弗朗西斯·吉罗,1,director
2720,休·赫德森,1,director
2721,加斯顿·卡伯,1,director
2722,塞德里克·克拉皮斯,1,director
2723,比格斯·鲁纳,1,director
2724,莎拉·穆恩,1,director
2725,阿瑟·佩恩,1,director
2726,卢奇安·平蒂列,1,director
2727,贺玛·桑德斯-勃拉姆斯,1,director
2728,杰瑞·沙茨伯格,1,director
2729,纳迪娜·特兰蒂尼昂,1,director
2730,费尔南多·特鲁埃瓦,1,director
2731,丽芙·乌曼,1,director
2732,雅克·范·多梅尔,1,director
2733,雷吉斯·瓦格涅,1,director
2734,吉田喜重,1,director
2735,莫扎克·阿洛维奇,1,director
2736,加布里埃尔·阿克谢,1,director
2737,迈克尔·哈内克,1,director
2738,伊斯梅尔·莫昌特,1,director
2739,克洛德·米勒,1,director
2740,伊德沙·渥德拉戈,1,director
2741,雅克·里维特,1,director
2742,森田宏幸,1,director
2743,拉塞尔·穆卡希,1,director
2744,嘉柏·丘波,1,director
2745,须贺大观,1,director
2746,陈荣照,1,director
2747,严俊,1,director
2748,德怀特·H·里特,1,director
2749,雷宇扬,1,director
2750,克里斯托弗·,1,director
2751,路易斯·罗沙,1,director
2752,钱月笙,1,director
2753,罗泓轸,1,director
2754,雅克·欧迪亚,1,director
2755,大卫·马梅,1,director
2756,狄赞,1,director
2757,张琦,1,director
2758,赵美宝,1,director
2759,艾萨克·佛罗伦汀,1,director
2760,侯献岳,1,director
2761,尼克·维林,1,director
2762,林恩·萨瑟兰,1,director
2763,安东尼·曼,1,director
2764,杨竞泽,1,director
2765,柳云龙,1,director
2766,胡玫,1,director
2767,孔祥德,1,director
2768,夏占士,1,director
2769,鲁韧,1,director
2770,董今狐,1,director
2771,刘立立,1,director
2772,罗曼迪,1,director
2773,杰瑞米·索尔尼尔,1,director
2774,武兆堤,1,director
2775,Gyu-hyeong Lee,1,director
2776,张晓枫,1,director
2777,李绍源,1,director
2778,马克·汀戴尔,1,director
2779,鲍勃·拉菲尔森,1,director
2780,王冀邢,1,director
2781,李佑宁,1,director
2782,马克·帕兰斯基,1,director
2783,夏钢,1,director
2784,Michael J. Bassett,1,director
2785,张海靖,1,director
2786,伊尔温·艾伦,1,director
2787,费格尔·雷利,1,director
2788,克雷·卡提斯,1,director
2789,彼得·孙,1,director
2790,Michael Goguen,1,director
2791,黄志强,1,director
2792,王羽,1,director
2793,袁浩泉,1,director
2794,陳勳奇,1,director
2795,格伦·摩根,1,director
2796,吴思远,1,director
2797,菲利普·G·阿特威尔,1,director
2798,Valérie Guignabodet,1,director
2799,祝南,1,director
2800,熊欣欣,1,director
2801,余立平,1,director
2802,Albert Pyun,1,director
2803,何伟,1,director
2804,西蒙·威尔斯,1,director
2805,杰里·帕里斯,1,director
2806,张挺,1,director
2807,乔梁,1,director
2808,金亨俊,1,director
2809,方刚亮,1,director
2810,丹·波文迈尔,1,director
2811,杰夫·马尔什,1,director
2812,Dolph Lundgren,1,director
2813,陈权,1,director
2814,山下宏幸,1,director
2815,朱枫,1,director
2816,王才涛,1,director
2817,阿涅丝·夏薇依,1,director
2818,弗兰克·马歇尔,1,director
2819,约翰·赫兹菲尔德,1,director
2820,陈奕利,1,director
2821,尼尔·布洛姆坎普,1,director
2822,罗布·伯内特,1,director
2823,克雷·豪尔,1,director
2824,贾森·雷特曼,1,director
2825,格伦·费卡拉,1,director
2826,约翰·里夸,1,director
2827,凯瑟琳·毕格罗,1,director
2828,艾什·布兰农,1,director
2829,卡伦·乔哈尔,1,director
2830,尼尔·拉布特,1,director
2831,布尔·斯蒂尔斯,1,director
2832,曾根中生,1,director
2833,理查德·凯利,1,director
2834,David Hartmann,1,director
2835,Brian Taylor,1,director
2836,乔纳森·戴顿,1,director
2837,维莱莉·法瑞斯,1,director
2838,贾森·弗莱德伯格,1,director
2839,亚伦·赛尔策,1,director
2840,维基·詹森,1,director
2841,T.J. House,1,director
2842,元彪,1,director
2843,尼玛·诺里扎德,1,director
2844,鲍德熹,1,director
2845,柯克·琼斯,1,director
2846,王小帅,1,director
2847,Gideon Raff,1,director
2848,安迪·菲克曼,1,director
2849,大卫·哈特曼,1,director
2850,唐·麦金农,1,director
2851,约翰·弗林,1,director
2852,A.R.目虏古多斯,1,director
2853,罗伯特库兹曼,1,director
2854,斯科特·曼,1,director
2855,许学文,1,director
2856,欧文杰,1,director
2857,黄伟杰,1,director
2858,帕斯卡莱·普扎杜,1,director
2859,奥利维耶·阿萨亚斯,1,director
2860,杜可风,1,director
2861,热拉尔·德帕迪约,1,director
2862,诹访敦彦,1,director
2863,韦斯·克雷文,1,director
2864,顾伦德·查达哈,1,director
2865,文森佐·纳塔利,1,director
2866,彼德·切尔瑟姆,1,director
2867,罗守耀,1,director
2868,Terry Cunningham,1,director
2869,Peggy Holmes,1,director
2870,布莱恩·莱温特,1,director
2871,罗勒·莎菲,1,director
2872,王钟,1,director
2873,凯文·利玛,1,director
2874,黄百鸣,1,director
2875,Peter Manus,1,director
2876,Simon Fellows,1,director
2877,周浩,1,director
2878,杨紫婷,1,director
2879,大卫·利兰,1,director
2880,区雪儿,1,director
2881,弗朗西斯·韦贝尔,1,director
2882,罗伯特·斯蒂芬哈根,1,director
2883,柯蒂斯·汉森,1,director
2884,Dean Gordon,1,director
2885,Mitchell Kriegman,1,director
2886,路学长,1,director
2887,理查德·沙因克曼,1,director
2888,黄文云,1,director
2889,CH. Ratchapol,1,director
2890,Stephen J. Anderson,1,director
2891,唐佳,1,director
2892,Javier G. Salanova,1,director
2893,金成旭,1,director
2894,阿里尔·弗罗门,1,director
2895,Nick Castle,1,director
2896,肖荣,1,director
2897,北村龙平,1,director
2898,沈悦,1,director
2899,Robert-Adrian Pejo,1,director
2900,田蒙,1,director
2901,John Laing,1,director
2902,姚寿康,1,director
2903,赵焕章,1,director
2904,李连杰,1,director
2905,Jean-Stéphane Sauvaire,1,director
2906,徐云生,1,director
2907,安德烈·于纳贝尔,1,director
2908,哈罗恩·塔兹菲,1,director
2909,朱锐斌,1,director
2910,奚仲文,1,director
2911,姚树华,1,director
2912,陈建德,1,director
2913,李巨源,1,director
2914,叶大鹰,1,director
2915,郑重,1,director
2916,萧龙,1,director
2917,小江,1,director
2918,蒋钦民,1,director
2919,陈建斌,1,director
2920,霍伊特·耶特曼,1,director
2921,吴镇宇,1,director
2922,Nick Everhart,1,director
2923,简·皮克瓦,1,director
2924,肯尼·奥特加,1,director
2925,斯蒂芬·贝尔伯,1,director
2926,Brian Pimental,1,director
2927,史蒂夫·威廉姆斯,1,director
2928,提莫·贝克曼贝托夫,1,director
2929,大卫·弗兰科尔,1,director
2930,霍华德·麦凯恩,1,director
2931,韩三平,1,director
2932,基伦·埃弗瑞·韦恩斯,1,director
2933,迈克尔·拉巴什,1,director
2934,安东尼·莱昂迪斯,1,director
2935,庄宇新,1,director
2936,卡瑞恩·库萨马,1,director
2937,玛丽娜·德·范,1,director
2938,Mark A. Lewis,1,director
2939,中田秀夫,1,director
2940,尤里·贝科夫,1,director
2941,安藤真裕,1,director
2942,泽维尔·吉恩斯,1,director
2943,凯文·门罗,1,director
2944,吴樾,1,director
2945,米克·杰克逊,1,director
2946,斯戴芬·卢佐维茨基,1,director
2947,乔·兰福特,1,director
2948,约翰·A·戴维斯,1,director
2949,Chris Baugh,1,director
2950,叶永健,1,director
2951,本木克英,1,director
2952,达米恩-李,1,director
2953,李忠志,1,director
2954,史蜀君,1,director
2955,杨智谦,1,director
2956,于记伟,1,director
2957,徐卫,1,director
2958,马世达,1,director
2959,袁英明,1,director
2960,Robin Steele,1,director
2961,彼特·R·亨特,1,director
2962,堤幸彦,1,director
2963,斯蒂芬·范米尔,1,director
2964,张艺腾,1,director
2965,刘仪伟,1,director
2966,林锦和,1,director
2967,Brian Smith,1,director
2968,傅声,1,director
2969,理查德·隆克瑞恩,1,director
2970,邱瓈宽,1,director
2971,宋业明,1,director
2972,董亚春,1,director
2973,Saul Andrew Blinkoff,1,director
2974,杰克·舒德,1,director
2975,林伟伦,1,director
2976,钱永强,1,director
2977,彼得·维纳,1,director
2978,Kirk De Micco,1,director
2979,黄伟世,1,director
2980,约翰·帕斯昆,1,director
2981,孔笙,1,director
2982,马修·奥卡拉汉,1,director
2983,Carole Holliday,1,director
2984,Theresa Cullen,1,director
2985,罗布·拉杜卡,1,director
2986,吉姆·谢里丹,1,director
2987,金荣俊,1,director
2988,唐洪根,1,director
2989,蒂默西·比约克伦德,1,director
2990,马克·L·莱斯特,1,director
2991,向阳,1,director
2992,约翰·伯金,1,director
2993,约翰·霍华德·戴维斯,1,director
2994,保罗·韦兰德,1,director
2995,林爱华,1,director
2996,叶鸿伟,1,director
2997,斯蒂夫·博克斯,1,director
2998,李铭,1,director
2999,王文宝,1,director
3000,何达信,1,director
3001,李行,1,director
3002,Philip Haas,1,director
3003,伊安·布瑞南,1,director
3004,布拉德利·比克尔,1,director
3005,威尔·芬,1,director
3006,约翰·桑福德,1,director
3007,Sven Taddicken,1,director
3008,侯咏,1,director
3009,曹荣,1,director
3010,何建军,1,director
3011,华萱,1,director
3012,约翰·达尔,1,director
3013,陈明新,1,director
3014,Victor Cook,1,director
3015,Toby Shelton,1,director
3016,Tad Stones,1,director
3017,马克·奥斯本,1,director
3018,约翰·斯蒂文森,1,director
3019,崔嵬,1,director
3020,欧阳红樱,1,director
3021,朴信宇,1,director
3022,亚伦·布莱斯,1,director
3023,罗伯特·沃克,1,director
3024,霍华德·达奇,1,director
3025,布鲁斯·贝尔斯福德,1,director
3026,Andrew Adamson,1,director
3027,马绍惠,1,director
3028,沈荣骥,1,director
3029,出崎哲,1,director
3030,拉契得·波查拉,1,director
3031,陈戈,1,director
3032,沈剡,1,director
3033,傅华阳,1,director
3034,耶尔齐·霍夫曼,1,director
3035,凌子风,1,director
3036,袁振洋,1,director
3037,黄岳泰,1,director
3038,刘国权,1,director
3039,黎斌光,1,director
3040,Steve Purcell,1,director
3041,刘江,1,director
3042,江海洋,1,director
3043,巴巴克·纳加非,1,director
3044,黄华麒,1,director
3045,苏珊·史特罗曼,1,director
3046,杨吉爻,1,director
3047,孙敏,1,director
3048,查理·皮特斯,1,director
3049,Sang-wook Yu,1,director
3050,吴宗宪,1,director
3051,Robert Vince,1,director
3052,罗渝中,1,director
3053,任静,1,director
3054,严敏,1,director
3055,李剑,1,director
3056,史蒂夫·班德莱克,1,director
3057,梁德森,1,director
3058,Hugh Johnson,1,director
3059,闵丙天,1,director
3060,雷献禾,1,director
3061,康宁,1,director
3062,Brenda Piluso,1,director
3063,李炯楷,1,director
3064,鲍勃·克拉克,1,director
3065,龙生,1,director
3066,P·J·霍根,1,director
3067,阿方索·阿雷奥,1,director
3068,亚当·尚克曼,1,director
3069,梁智强,1,director
3070,查尔斯·麦克拉肯,1,director
3071,梁家仁,1,director
3072,吴勉勤,1,director
3073,奥利维埃·达昂,1,director
3074,克里斯蒂安·佩措尔德,1,director
3075,高峰,1,director
3076,金庆炯,1,director
3077,Bradley Raymond,1,director
3078,宋江波,1,director
3079,费迪南多·巴尔迪,1,director
3080,余伟国,1,director
3081,拉加·门农,1,director
3082,叶锦鸿,1,director
3083,李晓华,1,director
3084,李擎柱,1,director
3085,萨姆·韦斯曼,1,director
3086,赖盷,1,director
3087,黄虾,1,director
3088,陈鎏,1,director
3089,江浩,1,director
3090,何群,1,director
3091,唐英奇,1,director
3092,徐达,1,director
3093,吴健海,1,director
3094,任旭东,1,director
3095,杜岗雨,1,director
3096,霍德集,1,director
3097,陈明华,1,director
3098,何志强,1,director
3099,凯文·史密斯,1,director
3100,李钊,1,director
3101,成家骥,1,director
3102,屠忠训,1,director
3103,巫敏雄,1,director
3104,罗炽（Joe,1,director
3105,江泰,1,director
3106,罗杰承,1,director
3107,敖志君,1,director
3108,姚天堂,1,director
3109,徐宝华,1,director
3110,Ishii Hisatoshi,1,director
3111,彼得·海姆斯,1,director
3112,梁家树,1,director
3113,李超,1,director
3114,汪小明,1,director
3115,郑丹瑞,1,director
3116,袁祥仁,1,director
3117,罗宾·巴德,1,director
3118,多诺文·库克,1,director
3119,方豪,1,director
3120,王建为,1,director
3121,赵歌,1,director
3122,蓝海瀚,1,director
3123,陈全,1,director
3124,约翰·克劳利,1,director
3125,张键,1,director
3126,高俊杰,1,director
3127,冯淬帆,1,director
3128,尼克·鲍威尔,1,director
3129,何澍培,1,director
3130,本杰明·特纳,1,director
3131,盖布·特纳,1,director
3132,丽萨·阿祖洛斯,1,director
3133,爱德华·迪麦特雷克,1,director
3134,三宅隆太,1,director
3135,肖央,1,director
3136,梅廷·埃尔克桑,1,director
3137,呂奇,1,director
3138,李在容,1,director
3139,吴仁川,1,director
3140,安里麻里,1,director
3141,谢飞,1,director
3142,赵德胤,1,director
3143,崔东勋,1,director
3144,林正盛,1,director
3145,内德·本森,1,director
3146,今井正,1,director
3147,武智铁二,1,director
3148,卢坚,1,director
3149,César Fernández Ardavín,1,director
3150,理查德·艾欧阿德,1,director
3151,丹·吉尔罗伊,1,director
3152,迈克·卡希尔,1,director
3153,汤姆·戈米肯,1,director
3154,克里斯蒂·里比,1,director
3155,本·斯蒂勒,1,director
3156,金韩民,1,director
3157,西蒙·J·史密斯,1,director
3158,乌戈·格雷戈雷蒂,1,director
3159,诺姆·穆罗,1,director
3160,詹妮弗·肯特,1,director
3161,马里奥·齐亚里,1,director
3162,格劳科·佩莱格里尼,1,director
3163,安东尼奥·彼得兰杰利,1,director
3164,阿尔弗雷多·古阿里尼,1,director
3165,吉安尼·弗兰西奥里尼,1,director
3166,路易吉·赞帕,1,director
3167,R·J·卡特勒,1,director
3168,赖俊羽,1,director
3169,伊夫·阿莱格雷,1,director
3170,克洛德·奥当-拉哈,1,director
3171,爱德华多·德·菲利波,1,director
3172,让·戴维尔,1,director
3173,乔治·拉孔布,1,director
3174,卡洛·里姆,1,director
3175,龟垣一,1,director
3176,方文山,1,director
3177,Dheeraj Akolkar,1,director
3178,史派克·布兰特,1,director
3179,Emmanuel Laurent,1,director
3180,彼得·穆兰,1,director
3181,罗恩·弗里克,1,director
3182,贾法·帕纳西,1,director
3183,齐柏林,1,director
3184,吉安尼·阿梅利奥,1,director
3185,约翰·克洛基达斯,1,director
3186,宋岳峰,1,director
3187,安德斯·摩根泰勒,1,director
3188,Linda Bloodworth-Thomason,1,director
3189,罗伯特·奥特曼,1,director
3190,森本晃司,1,director
3191,森田修平,1,director
3192,安藤裕章,1,director
3193,角木肇,1,director
3194,莫里斯·恩格尔,1,director
3195,雷·阿什利,1,director
3196,鲁思·奥金,1,director
3197,欧赫尼奥·德尔维斯,1,director
3198,斯蒂文·奈特,1,director
3199,雷纳托·卡斯特拉尼,1,director
3200,若松孝二,1,director
3201,Archie Mayo,1,director
3202,森崎东,1,director
3203,罗伯特·斯特罗姆伯格,1,director
3204,阿里·福尔曼,1,director
3205,Mario Bianchi,1,director
3206,Pornchai Hongrattanapor,1,director
3207,申·阿克,1,director
3208,乔纳森·格雷泽,1,director
3209,科迪·卡梅伦,1,director
3210,克里斯·皮尔恩,1,director
3211,何塞·昆特罗,1,director
3212,吉洛·彭泰科沃,1,director
3213,舒吉特·瑟加,1,director
3214,约翰·迈克尔·麦克唐纳,1,director
3215,金伯莉·皮尔斯,1,director
3216,斯科特·沃,1,director
3217,弗兰克·佩里,1,director
3218,阿提拉·杨尼什,1,director
3219,乔治·A·罗梅罗,1,director
3220,米家山,1,director
3221,沃利·菲斯特,1,director
3222,石川淳一,1,director
3223,约翰·卡兰,1,director
3224,乔伊·安沙,1,director
3225,约翰·卡夫卡,1,director
3226,卡尔·布伦克尔,1,director
3227,李·丹尼尔斯,1,director
3228,汤姆·斯托帕德,1,director
3229,安杰伊·瓦伊达,1,director
3230,威尔弗雷德·杰克逊,1,director
3231,卡尔森·亨宁,1,director
3232,赖舒·彼查,1,director
3233,李翰,1,director
3234,约瑟夫·高登-莱维特,1,director
3235,方银振,1,director
3236,杰拉德·达米亚诺,1,director
3237,叶天伦,1,director
3238,费奥多尔·邦达尔丘克,1,director
3239,埃里克·海瑟尔,1,director
3240,Jacob Vaughan,1,director
3241,何塞·帕迪里亚,1,director
3242,罗伯特·哈默,1,director
3243,弗莱德·戴克尔,1,director
3244,麦浚龙,1,director
3245,帕科·卡贝萨斯,1,director
3246,梁伊丹,1,director
3247,Valve,1,director
3248,保罗·马祖斯基,1,director
3249,罗伯特·科马克,1,director
3250,Joshua Meador,1,director
3251,富樫森,1,director
3252,摩根·内维尔,1,director
3253,马丁·里特,1,director
3254,Fridrikh Ermler,1,director
3255,雅克-雷米·杰瑞德,1,director
3256,巴里·库克,1,director
3257,杨瑾,1,director
3258,李睿珺,1,director
3259,基努·里维斯,1,director
3260,阿布戴·柯西胥,1,director
3261,吉米·海沃德,1,director
3262,赫伯特·罗斯,1,director
3263,Jim Kammerud,1,director
3264,Steve Trenbirth,1,director
3265,大卫·索伦,1,director
3266,斯科特·沃克,1,director
3267,克莱夫·唐纳,1,director
3268,理查德·塔尔梅奇,1,director
3269,谷口千吉,1,director
3270,埃米利奥·费尔南德斯,1,director
3271,麦咏麟,1,director
3272,栗村实,1,director
3273,奈特·法松,1,director
3274,吉姆·拉什,1,director
3275,约瑟夫·萨金特,1,director
3276,沃尔夫冈·彼德森,1,director
3277,加里·弗莱德,1,director
3278,拉凯什·奥姆普拉卡西·梅赫拉,1,director
3279,乔·阿尔夫斯,1,director
3280,道格拉斯·阿尔尼奥科斯基,1,director
3281,J·C·尚多尔,1,director
3282,萨蒂亚吉特·雷伊,1,director
3283,吉诺特·兹瓦克,1,director
3284,斯科特·库珀,1,director
