0,悬疑
1,戏曲
2,运动
3,灾难
4,犯罪
5,唐·麦克马纳斯
6,布赖恩·戴拉特
7,耐德·巴拉米
8,尼尔·萨默斯
9,马克·迈尔斯
10,弗兰克·梅德拉诺
11,V·J·福斯特
12,阿方索·弗里曼
13,芮妮·布莱恩
14,保罗·麦克兰尼
15,祖德·塞克利拉
16,约瑟夫·劳格诺
17,大卫·普罗瓦尔
18,布赖恩·利比
19,尼尔·吉恩托利
20,拉里·布兰登伯格
21,杰弗里·德曼
22,詹姆斯·惠特摩
23,克兰西·布朗
24,鲍勃·冈顿
25,威廉姆·赛德勒
26,马克·罗斯顿
27,吉尔·贝罗斯
28,摩根·弗里曼
29,蒂姆·罗宾斯
30,徐杰
31,黄斐
32,沈慧芬
33,童弟
34,李丹
35,赵海龙
36,李春
37,智一桐
38,费振翔
39,马明威
40,尹治
41,雷汉
42,吕齐
43,吴大维
44,蒋雯丽
45,葛优
46,英达
47,巩俐
48,张丰毅
49,张国荣
50,W·本森·泰瑞
51,乔·阿拉斯奇
52,马拉·苏查雷特扎
53,迪克·卡维特
54,瓦妮莎·罗斯
55,杰弗里·布莱克
56,迈克尔-杰斯
57,迪克·史迪威
58,伊莎贝尔·罗斯
59,希拉里·沙普兰
60,约翰·威廉·高尔特
61,斯蒂芬·布吉格沃特
62,拜伦·明斯
63,埃里克·安德伍德
64,约翰·沃德斯塔德
65,阿非莫·奥米拉
66,艾尔·哈林顿
67,德博拉·麦克蒂尔
68,大卫·布里斯宾
69,丹尼尔C.斯瑞派克
70,艾德·戴维斯
71,桑尼·施罗耶
72,杰森·麦克奎尔
73,罗布·兰德里
74,克里斯托弗·琼斯
75,汉娜·豪尔
76,伊丽莎白·汉克斯
77,希博汗·法隆
78,彼得·道博森
79,伊俄涅·M·特雷奇
80,山姆·安德森
81,哈罗德·G·赫瑟姆
82,迈克尔·康纳·亨弗里斯
83,海利·乔·奥斯蒙
84,莎莉·菲尔德
85,麦凯尔泰·威廉逊
86,加里·西尼斯
87,罗宾·怀特
88,汤姆·汉克斯
89,迈克尔·伯吉斯
90,理查德·达历山德罗
91,卢·帕尔特
92,詹姆斯·兰开斯特
93,利亚姆·图伊
94,格雷戈里·库克
95,克雷格·凯利
96,斯科特·安德森
97,马丁·伊斯特
98,爱德华德·弗莱彻
99,乔纳森·伊万斯-琼斯
100,西蒙·克雷恩
101,罗切尔·罗斯
102,马丁·贾维斯
103,法妮·布雷特
104,迈克尔·英塞恩
105,博纳德·福克斯
106,夏洛特·查顿
107,艾瑞克·布里登
108,保罗·布赖特威尔
109,理查德·格拉翰
110,乔纳森·菲利普斯
111,艾恩·格拉法德
112,马克·林赛·查普曼
113,丹尼·努齐
114,杰森·贝瑞
115,阿那托利·萨加洛维奇
116,尼古拉斯·卡斯柯恩
117,刘易斯·阿伯内西
118,苏茜·爱米斯
119,乔纳森·海德
120,维克多·加博
121,大卫·沃纳
122,伯纳德·希尔
123,比尔·帕克斯顿
124,格劳瑞亚·斯图尔特
125,弗兰西丝·费舍
126,凯西·贝茨
127,比利·赞恩
128,凯特·温丝莱特
129,莱昂纳多·迪卡普里奥
130,艾尔莎·瑞雯
131,罗莎琳·艾尔斯
132,泰瑞·佛瑞斯塔
133,凯文·德·拉·诺伊
134,伊万·斯图尔特
135,萨米·纳塞利
136,马里奥·托迪斯科
137,亚当·布斯奇
138,罗伯特·拉萨多
139,乔治·马丁
140,麦温
141,弗兰克·赛格
142,卡尔·马图斯维奇
143,伊丽莎白·瑞根
144,艾伦·格里尼
145,迈克尔·巴达鲁科
146,彼得·阿佩尔
147,丹尼·爱罗
148,加里·奥德曼
149,让·雷诺
150,娜塔莉·波特曼
151,奥梅罗·安东努蒂
152,迪尔克·范登贝格
153,安德烈提多娜
154,理查德·塞梅尔
155,吉娜·诺维勒
156,安东尼奥·普雷斯特
157,弗兰科·梅斯科利尼
158,汉尼斯·赫尔曼
159,阿伦·克雷格
160,恩尼奥·孔萨尔维
161,马西莫·比安奇
162,吉尔·巴罗尼
163,拉法埃拉·莱博罗尼
164,弗朗西斯·古佐
165,克劳迪奥·阿方西
166,彼得·德·席尔瓦
167,亚美利哥·丰塔尼
168,朱利亚娜·洛约迪切
169,利迪娅·阿方西
170,霍斯特·布赫霍尔茨
171,玛丽萨·帕雷德斯
172,赛尔乔·比尼·布斯特里克
173,朱斯蒂诺·杜拉诺
174,乔治·坎塔里尼
175,尼可莱塔·布拉斯基
176,罗伯托·贝尼尼
177,吉安卡尔洛·科森蒂诺
178,小野武彦
179,上条恒彦
180,小林郁夫
181,大泉洋
182,我修院达也
183,泽口靖子
184,内藤刚志
185,神木隆之介
186,玉井夕海
187,中村彰男
188,菅原文太
189,夏木真理
190,入野自由
191,柊瑠美
192,维斯瓦夫·科马萨
193,克齐斯茨托夫·拉夫特
194,弗里德里希·冯·图恩
195,安德烈·瑟韦林
196,碧翠斯·马科拉
197,马克·伊瓦涅
198,马尔戈萨·格贝尔
199,艾伯丝·戴维兹
200,乔纳森·萨加尔
201,卡罗琳·古多尔
202,拉尔夫·费因斯
203,本·金斯利
204,连姆·尼森
205,诺伯特·魏塞尔
206,妲露拉·莱莉
207,蒂姆·科勒赫
208,米兰达·诺兰
209,瑞恩·海沃德
210,厄尔·卡梅伦
211,冈本玉二
212,水源士郎
213,乔纳森·吉尔
214,泰勒·吉蕾
215,马格努斯·诺兰
216,克莱尔·吉尔蕾
217,李太力
218,卢卡斯·哈斯
219,皮特·波斯尔思韦特
220,迈克尔·凯恩
221,玛丽昂·歌迪亚
222,汤姆·贝伦杰
223,基里安·墨菲
224,迪利普·劳
225,渡边谦
226,汤姆·哈迪
227,艾利奥特·佩吉
228,约瑟夫·高登-莱维特
229,拉什·费加
230,罗伯特·卡普荣
231,杰森·亚历山大
232,田川洋行
233,艾瑞克·阿瓦利
234,罗比·萨布莱特
235,萨拉·罗默尔
236,琼·艾伦
237,理查·基尔
238,弗洛拉·诺兰
239,格里芬·弗雷泽
240,威廉姆·德瓦内
241,大卫·奥伊罗
242,利亚姆·迪金森
243,莱雅·卡里恩斯
244,乔什·斯图沃特
245,安德鲁·博尔巴
246,弗朗西斯·X.麦卡蒂
247,科莱特·沃夫
248,托弗·戈瑞斯
249,比尔·欧文
250,大卫·吉亚西
251,韦斯·本特利
252,约翰·利思戈
253,蒂莫西·柴勒梅德
254,麦肯吉·弗依
255,马特·达蒙
256,卡西·阿弗莱克
257,安妮·海瑟薇
258,杰西卡·查斯坦
259,马修·麦康纳
260,伊莱耶斯·加贝尔
261,杰夫·赫普内尔
262,艾伦·伯斯汀
263,布鲁克·史密斯
264,娜塔莎·麦克艾霍恩
265,诺亚·艾默里奇
266,艾德·哈里斯
267,劳拉·琳妮
268,金·凯瑞
269,安吉洛·迪洛雷塔
270,希思科特·威廉姆斯
271,沙拉·鲁宾
272,布莱恩·普林格
273,凯文·麦克纳利
274,伊斯顿·盖奇
275,费米·依鲁福祖
276,尼古拉·迪·平托
277,Luigi De Luca
278,西德尼·科尔
279,科里·巴克
280,加布里埃莱·拉维亚
281,阿尔贝托·巴斯克斯
282,尼尔·奥布赖恩
283,皮特·沃恩
284,梅兰尼·蒂埃里
285,克兰伦斯·威廉姆斯三世
286,比尔·努恩
287,普路特·泰勒·文斯
288,蒂姆·罗斯
289,阿妮妲·扎格利亚
290,拉杰夫·拉宾德拉纳特安
291,莫娜·辛格
292,博曼·伊拉尼
293,奥米·瓦依达
294,沙尔曼·乔希
295,马达范
296,卡琳娜·卡普尔
297,阿米尔·汗
298,保罗·伊丁
299,扬·拉布森
300,杰斯·哈梅尔
301,罗里·艾伦
302,唐纳德·富利洛夫
303,米凯·麦高万
304,杰夫·皮金
305,雪莉·琳恩
306,安德鲁·斯坦顿
307,彼特·道格特
308,吉姆·瓦德
309,洛丽·理查德森
310,鲍伯·伯根
311,凯茜·纳基麦
312,约翰·拉岑贝格
313,MacInTalk
314,西格妮·韦弗
315,佛莱德·威拉特
316,杰夫·格尔林
317,艾丽莎·奈特
318,本·贝尔特
319,泰迪·牛顿
320,约翰·齐甘
321,拉瑞恩·纽曼
322,克莱特·惠特克
323,雅克·贝汉
324,狄迪尔·弗拉蒙
325,埃里克·德斯玛莱茨
326,Carole Weiss
327,菲利普·杜·詹纳兰德
328,泰奥杜尔·卡雷-卡赛尼
329,西蒙·法戈特
330,西里尔·伯尔尼科特
331,托马斯·布伦门塔尔
332,格雷戈里·加迪诺尔
333,马科森斯·珀林
334,玛丽·布奈尔
335,让-保罗·博奈雷
336,凯德·麦拉德
337,弗朗索瓦·贝莱昂
338,让-巴蒂斯特·莫尼耶
339,热拉尔·朱尼奥
340,萧亚轩
341,林家栋
342,杜汶泽
343,余文乐
344,陈冠希
345,陈慧琳
346,郑秀文
347,曾志伟
348,黄秋生
349,梁朝伟
350,刘德华
351,梅利莎·古德温
352,吉尔·科德斯
353,克里斯汀·贝尔
354,约翰·拉维尔
355,乔西·特立尼达
356,马克·史密斯
357,杰拉德·布什
358,拜伦·霍华德
359,凯斯·索西
360,瑞奇·摩尔
361,乔希·达拉斯
362,彼得·曼斯布里奇
363,汤米·利斯特
364,杰西·科尔蒂
365,吉塔·雷迪
366,凯蒂·洛斯
367,约翰·迪·马吉欧
368,菲尔·约翰斯顿
369,莫里斯·拉马奇
370,德拉·萨巴
371,雷蒙德·S·佩尔西
372,夏奇拉
373,艾伦·图代克
374,奥克塔维亚·斯宾瑟
375,J·K·西蒙斯
376,汤米·钟
377,唐·雷克
378,邦尼·亨特
379,内特·托伦斯
380,珍妮·斯蕾特
381,伊德里斯·艾尔巴
382,杰森·贝特曼
383,金妮弗·古德温
384,李健仁
385,陆树铭
386,刘镇伟
387,罗家英
388,莫文蔚
389,蓝洁瑛
390,蔡少芬
391,朱茵
392,吴孟达
393,周星驰
394,许在浩
395,张素妍
396,崔镇浩
397,全国焕
398,严孝燮
399,金周灵
400,林贤成
401,金民尚
402,张光
403,白承焕
404,郑仁絮
405,金贤秀
406,郑有美
407,孔刘
408,金志映
409,严智星
410,兰尼·蒙大拿
411,鲁迪·邦德
412,约翰·凯泽尔
413,吉亚尼·罗素
414,塔莉娅·夏尔
415,阿贝·维高达
416,黛安·基顿
417,艾尔·勒提埃里
418,理查德·康特
419,约翰·马利
420,罗伯特·杜瓦尔
421,斯特林·海登
422,理查德·卡斯特尔诺
423,詹姆斯·肯恩
424,阿尔·帕西诺
425,马龙·白兰度
426,茹塔·李
427,尤娜·奥康纳
428,诺玛·威登
429,托林·撒切尔
430,亨利·丹尼尔
431,伊安·沃尔夫
432,约翰·威廉姆斯
433,爱尔莎·兰切斯特
434,查尔斯·劳顿
435,玛琳·黛德丽
436,泰隆·鲍华
437,斯科特·克拉斯
438,乔伊芙·拉文
439,多米尼克·博夫
440,戴维·迈克尔·西尔弗曼
441,杰弗·卡伦
442,乔治·张
443,凯文·韦斯特
444,塔卡尤·费舍尔
445,丹·卡斯泰兰尼塔
446,柯特·富勒
447,詹姆斯·凯伦
448,布莱恩·豪威
449,坦迪·牛顿
450,贾登·史密斯
451,威尔·史密斯
452,托马·索利韦尔
453,Christian Ameri
454,Dominique Daguier
455,Grégoire Oestermann
456,Absa Diatou Toure
457,萨丽马特·卡马特
458,克洛蒂尔德·莫莱特
459,Cyril Mendy
460,阿尔芭·贝露琪
461,约瑟芬娜·德·摩
462,奥德雷·弗勒罗
463,安娜·勒尼
464,奥玛·希
465,弗朗索瓦·克鲁塞
466,凯特琳·帕西托
467,卡拉
468,罗德·迈尔斯
469,斯科特·乔尔·吉兹基
470,索菲亚·撒高
471,米歇尔·梅斯默
472,阿罗拉·凯瑟琳·史密斯
473,凯莉·唐纳利
474,马修·戈尔德
475,帕特丽夏·伦茨
476,斯戴芬妮·斯考特
477,肖恩·哈珀
478,迈克尔·博尔顿
479,伊瑟尔·布罗萨德
480,阿什莉·泰勒
481,泰勒·格鲁秀斯
482,杰奎琳·埃沃拉
483,艾莉·布莱恩特
484,博·勒纳
485,迈克尔·博萨
486,吉莉安·普法夫
487,瑞安·克茨纳
488,摩根·莉莉
489,凯文·韦斯曼
490,艾丹·奎因
491,佩内洛普·安·米勒
492,约翰·马奥尼
493,瑞贝卡·德·莫妮
494,安东尼·爱德华兹
495,卡兰·麦克奥利菲
496,玛德琳·卡罗尔
497,科迪·霍恩
498,大谷育江
499,平松晶子
500,水谷优子
501,中村大树
502,神代知衣
503,石田光子
504,西村朋纮
505,鳕子
506,龙田直树
507,铃木玲子
508,鹫尾真知子
509,高木均
510,广濑正志
511,丸山裕子
512,北林谷荣
513,坂本千夏
514,岛本须美
515,糸井重里
516,日高法子
517,千叶繁
518,雨笠利幸
519,张天民
520,程淑艳
521,蔡鸿翔
522,宋怀桂
523,王涛
524,黄汉琪
525,康斯坦丁·格雷戈里
526,梁冬
527,张良斌
528,亨利·基
529,邵茹贞
530,黄文捷
531,鲍皓昕
532,陈述
533,区亨利
534,卢燕
535,皱缇格
536,理查德·吴
537,陈凯歌
538,苟杰德
539,里克·扬
540,坂本龙一
541,马吉·汉
542,丹尼斯·邓
543,黄自强
544,吴涛
545,英若诚
546,彼得·奥图尔
547,邬君梅
548,尊龙
549,陈冲
550,文森佐·尼克力
551,毕崔斯·罗森
552,爱利克·赫尔曼
553,欧鲁米基·欧拉乌米
554,威廉·菲克纳
555,格雷格·比姆
556,马修·奥尼尔
557,迈克尔·加·怀特
558,丹尼·高德林
559,威廉·斯米利
560,迈克尔·斯托扬诺夫
561,迈克尔·维约
562,内森·甘宝
563,美琳达·麦格劳
564,约书亚·哈尔托
565,柯林·麦克法兰
566,安东尼·迈克尔·豪尔
567,基斯·斯扎拉巴基克
568,埃里克·罗伯茨
569,内斯特·卡博内尔
570,黄经汉
571,罗恩·迪恩
572,莫尼克·加布里埃拉·库尔内
573,玛吉·吉伦哈尔
574,艾伦·艾克哈特
575,希斯·莱杰
576,克里斯蒂安·贝尔
577,里特奇·科斯特
578,奥克塔维·索利斯
579,切奇·马林
580,布兰卡·阿拉切利
581,萨尔瓦多·雷耶斯
582,路易斯·瓦尔德斯
583,黛娅娜·欧特里
584,卡拉·梅迪纳
585,索菲亚·伊斯皮诺萨
586,爱德华·詹姆斯·奥莫斯
587,赛琳娜·露娜
588,娜塔丽·科尔多瓦
589,安娜·奥菲丽亚·莫吉亚
590,隆巴多·博伊尔
591,加布里埃尔·伊格莱西亚斯
592,赫伯特·西古恩萨
593,阿方索·阿雷奥
594,杰米·卡米尔
595,阿兰娜·乌巴赫
596,本杰明·布拉特
597,盖尔·加西亚·贝纳尔
598,安东尼·冈萨雷斯
599,芮妮·维克托
600,杨同顺
601,李连义
602,刘燕瑾
603,黄宗洛
604,董立范
605,刘天池
606,董飞
607,肖聪
608,倪大红
609,张璐
610,郭涛
611,牛犇
612,姜武
613,肖恩·比格斯代夫
614,约翰·克里斯
615,邦妮·怀特
616,朱丽·沃特斯
617,罗彼·考特拉尼
618,约翰·赫特
619,理查德·哈里斯
620,伊恩·哈特
621,汤姆·费尔顿
622,玛吉·史密斯
623,艾伦·瑞克曼
624,鲁伯特·格林特
625,艾玛·沃森
626,丹尼尔·雷德克里夫
627,理查德·泰勒
628,约翰·斯蒂芬森
629,霍华德·肖
630,迈克尔·斯曼内科
631,克里斯蒂安·瑞沃斯
632,克雷格·帕克
633,亨利·莫腾森
634,约瑟夫·米卡-亨特
635,安德鲁·莱斯尼
636,Sandro Kopp
637,彼得·杰克逊
638,Michael Elsworth
639,Jarl Benzon
640,吉诺·阿赛维多
641,Robert Catto
642,布鲁斯·斯宾斯
643,克里斯托弗·李
644,布拉德·道里夫
645,菲利普·格里夫
646,杰德·布罗菲
647,佩特·史密斯
648,Robert Pollock
649,Sarah McLeod
650,伊利亚·伍德
651,西恩·奥斯汀
652,维果·莫腾森
653,奥兰多·布鲁姆
654,伊恩·麦克莱恩
655,肖恩·宾
656,多米尼克·莫纳汉
657,丽芙·泰勒
658,约翰·贝西
659,凯特·布兰切特
660,比利·博伊德
661,萨德文·布罗菲
662,阿利斯泰尔·布朗宁
663,马尔顿·索克斯
664,伊安·霍姆
665,布鲁斯·霍普金斯
666,Ian Hughes
667,劳伦斯·马克奥雷
668,诺埃尔·阿普利比
669,布雷特·麦肯齐
670,Maisy McLeod-Riera
671,Alexandra Astin
672,约翰·诺贝尔
673,Paul Norell
674,米兰达·奥图
675,布鲁斯·菲利普斯
676,沙恩·朗吉
677,约翰·瑞斯-戴维斯
678,Todd Rippon
679,Harry Sinclair
680,安迪·瑟金斯
681,史蒂芬·乌瑞
682,乔尔·托贝克
683,卡尔·厄本
684,雨果·维文
685,大卫·文翰
686,阿兰·霍华德
687,萨拉·贝克
688,莉莲·肯布尔-库珀
689,沃德·邦德
690,J·M·克里根
691,艾瑞克·林登
692,卡米·金·肯伦
693,伊莎贝尔·朱尔
694,保罗·赫斯特
695,欧娜·满森
696,简·达威尔
697,利昂娜·罗伯特
698,哈里·达文波特
699,埃迪·安德森
700,劳拉·霍普·克鲁斯
701,兰德·布鲁克斯
702,莱斯利·霍华德
703,艾丽西亚·瑞特
704,卡洛尔·奈
705,霍华德·C·希克曼
706,埃弗雷特·布朗
707,维克托·乔里
708,巴特弗莱·麦昆
709,奥斯卡·波尔克
710,海蒂·麦克丹尼尔斯
711,弗莱德·克莱恩
712,乔治·里弗斯
713,安·卢瑟福德
714,芭芭拉·欧内尔
715,托马斯·米切尔
716,奥利维娅·德哈维兰
717,克拉克·盖博
718,费雯·丽
719,伊夫林·凯耶斯
720,权泰元
721,杨真诚
722,罗美兰
723,金相浩
724,金海淑
725,李来
726,严志媛
727,薛景求
728,乔什·库雷
729,丹尼·曼恩
730,杰里米·利里
731,艾丽·道克特
732,大卫·卡耶
733,杰罗姆·兰福特
734,德尔罗伊·林多
735,鲍勃·彼德森
736,乔丹·长井
737,克里斯托弗·普卢默
738,爱德华·阿斯纳
739,吉里什·库卡尼
740,里特维克·萨霍里
741,苏哈妮·巴特纳格尔
742,塞伊拉·沃西
743,沙克希·坦沃
744,阿帕尔夏克提·库拉那
745,桑亚·玛荷塔
746,法缇玛·萨那·纱卡
747,朱耕佑
748,张海艳
749,喜利图
750,巴拉特·巴蒂
751,富冠铭
752,苇青
753,岳小军
754,李乃文
755,宁浩
756,龚蓓苾
757,贾晨飞
758,王砚辉
759,王佳佳
760,杨新鸣
761,章宇
762,谭卓
763,周一围
764,王传君
765,徐峥
766,努尔·艾尔·侯赛尼
767,埃利亚斯·库利
768,娜丁·拉巴基
769,海塔·塞德拉·伊扎姆
770,法迪·尤瑟夫
771,约丹诺斯·希费罗
772,赞恩·阿尔·拉菲亚
773,卡萨尔·艾尔·哈达德
774,博鲁瓦蒂夫·特雷杰·班科尔
775,阿拉·乔什涅
776,罗伯特·韦伯
777,乔治·沃斯科维奇
778,埃德·贝格利
779,约瑟夫·史威尼
780,杰克·瓦尔登
781,爱德华·宾斯
782,杰克·克卢格曼
783,E.G.马绍尔
784,李·科布
785,约翰·菲德勒
786,亨利·方达
787,马丁·鲍尔萨姆
788,都筑香弥子
789,加藤治子
790,原田大二郎
791,大塚明夫
792,伊崎充则
793,美轮明宏
794,木村拓哉
795,倍赏千惠子
796,黄健玮
797,柯一正
798,王柏杰
799,沙拉万提·塞纳特
800,安德里亚·迪·斯戴法诺
801,俊·奈托
802,詹姆斯·塞托
803,热拉尔·德帕迪约
804,维比什·希瓦库玛
805,穆德·阿巴斯·卡勒里
806,阿彦·汗
807,加塔姆·贝鲁尔
808,阿尤什·坦东
809,塔布
810,伊尔凡·可汗
811,阿迪勒·侯赛因
812,拉菲·斯波
813,苏拉·沙玛
814,述平
815,石山雄大
816,梶冈润一
817,陈强
818,陈莲梅
819,蔡卫东
820,李海滨
821,泽田谦也
822,李丛喜
823,丛志军
824,姜宏波
825,袁丁
826,香川照之
827,姜文
828,宫路佳具
829,史建全
830,江约诚
831,克里斯·埃里斯
832,弗兰克·约翰·休斯
833,南希·利内翰
834,艾伦·旁派
835,詹姆斯·布洛林
836,伊丽莎白·班克斯
837,詹妮弗·加纳
838,纳塔莉·贝伊
839,艾米·亚当斯
840,马丁·辛
841,克里斯托弗·沃肯
842,槐柳二
843,安原义人
844,神山卓三
845,糸博
846,永井一郎
847,常田富士男
848,寺田农
849,初井言荣
850,横泽启子
851,田中真弓
852,安东内拉·阿蒂利
853,恩佐·卡拉瓦勒
854,莱奥波多·特里耶斯泰
855,萨瓦特利·卡西欧
856,马克·莱昂纳蒂
857,菲利普·努瓦雷
858,玛丽娜·朱迪切
859,里奥·故罗塔
860,阿格妮丝·那诺
861,普佩拉·玛奇奥
862,朱塞佩·托纳多雷
863,罗伯塔·蕾娜
864,塔诺·希玛罗萨
865,比阿特丽斯·帕姆
866,布丽吉特·佛西
867,尼诺·戴罗佐
868,艾萨·丹尼埃利
869,Sean Button
870,罗宾·马尔科姆
871,杰森霍德
872,卡尔洛斯·德林克沃特
873,奥利维亚·田內
874,Ben Britton
875,保罗·霍姆斯
876,罗德尼·库克
877,Sam Kelly
878,Lucas Hayward
879,纳撒尼尔·利斯
880,丹·汉纳
881,卡卢姆·吉廷斯
882,Jonathan Harding
883,西奥沙福瓦
884,本·弗兰舍姆
885,马特·史密斯
886,克里斯·奥唐纳
887,罗谢尔·奥利弗
888,菲利普·塞默·霍夫曼
889,理查德·文彻
890,Nicholas Sadler
891,加布里埃尔·安瓦尔
892,吉恩·坎菲尔德
893,布莱德利·惠特福德
894,托德·路易斯
895,詹姆斯·瑞布霍恩
896,Margaret Eginton
897,弗兰西丝·康罗伊
898,Tom Riis Farrell
899,穆琳·利普曼
900,茱莉亚·蕾娜
901,艾米莉娅·福克斯
902,艾德里安·布洛迪
903,弗兰克·芬莱
904,埃德·斯托帕德
905,米哈乌·热布罗夫斯基
906,杰西卡·凯特·梅耶尔
907,托马斯·克莱舒曼
908,理查德·赖丁斯
909,保罗·卡利尼
910,克劳迪奥·埃尔梅利
911,哈特利·鲍尔
912,里佐·弗雷多里佐
913,托里奥·卡米纳提
914,哈考特·威廉姆斯
915,保拉·布鲁布尼
916,格利高里·派克
917,埃迪·艾伯特
918,玛格丽特·罗林斯
919,奥黛丽·赫本
920,苗圃
921,邵兵
922,周润发
923,杨奇雨
924,杜奕衡
925,廖凡
926,危笑
927,姚橹
928,胡明
929,陈坤
930,周韵
931,李静
932,马珂
933,张默
934,胡军
935,白冰
936,赵铭
937,冯小刚
938,刘嘉玲
939,莉莲·奈福
940,杰拉·哈斯
941,汉娜洛蕾·赫格
942,卡塔琳娜·舒特勒
943,阿努克·斯特芬
944,玛丽埃塔·耶米
945,迈克尔·克兰茨
946,马克西姆·梅米特
947,安娜·申茨
948,马库斯·赫林
949,丽贝卡·因德穆
950,莫妮卡·古布瑟
951,克里斯托夫·高格勒
952,布鲁诺·冈茨
953,彼得·杰克林
954,昆林·艾格匹
955,阿瑟·比勒
956,彼得·洛迈尔
957,伊莎贝尔·奥特曼
958,劳拉·帕克
959,梅根·爱德华兹
960,艾伦·李
961,诺曼·凯茨
962,威廉·约翰逊
963,伊丽莎白·穆迪
964,伊恩·穆内
965,马克·弗格森
966,卡梅隆·罗德
967,彼得·麦肯齐
968,布莱恩·瑟金特
969,大卫·韦瑟莱
970,萨比恩·克洛森
971,兰德尔·威廉·库克
972,劳伦斯·菲什伯恩
973,塔玛拉·布朗
974,纳许·埃哲顿
975,朱利安·阿拉汗加
976,罗伯特·泰勒
977,克里斯·斯科特
978,乔·潘托里亚诺
979,马库斯·钟
980,格洛丽亚·福斯特
981,凯瑞-安·莫斯
982,纳塔莉·特珍
983,罗温·维特
984,阿达·尼科德莫
985,安东尼雷派克
986,基努·里维斯
987,比尔·扬
988,马特·多兰
989,贝琳达·麦克洛里
990,李梓
991,刘广宁
992,尚华
993,富润生
994,于鼎
995,邱岳峰
996,毕克
997,金英爱
998,李杭娜
999,郭度沅
1000,韩基重
1001,赵敏基
1002,李星民
1003,李姃垠
1004,沈熙燮
1005,车光洙
1006,宋康昊
1007,赵莞基
1008,吴达洙
1009,郑元中
1010,宋永彰
1011,任时完
1012,彼得·多纳特
1013,卡门·阿尔根齐亚诺
1014,加斯通·莫辛
1015,菲伊·斯潘
1016,Laura Lyons
1017,摩甘娜金
1018,威廉·鲍尔斯
1019,弗兰克·西维罗
1020,哈利·戴恩·斯坦通
1021,罗杰·科曼
1022,Filomena Spagnuolo
1023,理查德·布赖特
1024,Ezio Flagello
1025,Phil Feldman
1026,伊凡·科尔
1027,加里·库尔茨
1028,乔·斯皮内尔
1029,索菲亚·科波拉
1030,卡明·卡里迪
1031,Amerigo Tot
1032,朱莉·格雷格
1033,多米尼克·查尼斯
1034,凯瑟琳·贝勒
1035,Maria Carta
1036,布鲁诺·柯比
1037,李·斯特拉斯伯格
1038,Saveria Mazzola
1039,理查德·麦瑟森
1040,Teresa Tirelli
1041,Shep Houghton
1042,汤姆·罗斯奎
1043,玛丽亚娜·希尔
1044,迈克尔·V·格佐
1045,艾丽卡·约恩
1046,特洛伊·多纳胡
1047,Hank Robinson
1048,约瑟夫·德拉·索尔特
1049,小杉正一
1050,乔·罗·格里普
1051,Buck Houghton
1052,罗曼·科波拉
1053,Al Roberts
1054,Tito Alba
1055,罗伯特·德尼罗
1056,约翰·梅根纳
1057,汤姆·达尔格伦
1058,弗朗西丝卡·德·萨维奥
1059,George Holmes
1060,Italia Coppola
1061,约翰·阿普雷亚
1062,Harrison Ressler
1063,罗伯特·肖恩·莱纳德
1064,帕梅拉·伯勒尔
1065,诺曼·劳埃德
1066,乔西·查尔斯
1067,霍纳斯·斯蒂克洛瑞斯
1068,迪伦·库斯曼
1069,詹姆斯·沃特斯顿
1070,杰米·肯尼迪
1071,凯瑟·斯内德
1072,伊桑·霍克
1073,梅洛拉·沃尔特斯
1074,拉腊·弗林·鲍尔
1075,乔·奥菲耶里
1076,凯文·库尼
1077,马特·凯里
1078,柯特伍德·史密斯
1079,罗宾·威廉姆斯
1080,利昂·波纳尔
1081,亚历桑德拉·鲍尔斯
1082,约翰·库宁汉姆
1083,库尔特·莱特纳
1084,盖尔·汉森
1085,迪布拉·穆尼
1086,阿勒隆·鲁杰罗
1087,卡拉·贝尔韦尔
1088,埃林·萨贝拉
1089,内森·连恩
1090,尼基塔·卡兰姆
1091,詹姆斯·厄尔·琼斯
1092,乌比·戈德堡
1093,乔纳森·泰勒·托马斯
1094,杰瑞米·艾恩斯
1095,罗温·艾金森
1096,莫伊拉·凯利
1097,马修·布罗德里克
1098,迪米特·D·马里诺夫
1099,唐·斯达克
1100,戴恩·罗兹
1101,乔恩·迈克尔·戴维斯
1102,乔·柯蒂斯
1103,迈克·哈顿
1104,马赫沙拉·阿里
1105,丹尼斯·W·霍尔
1106,托尼亚·马尔多纳多
1107,大卫·安
1108,P·J·伯恩
1109,杰拉尔丁·辛格
1110,安东尼·曼加诺
1111,乔恩·索特兰
1112,塞巴斯蒂安·马尼斯科
1113,冯·刘易斯
1114,珍娜·劳伦索
1115,吉姆·克洛克
1116,玛姬·尼克松
1117,迈克·切罗内
1118,伊克博·塞巴
1119,布莱恩·库瑞
1120,夏恩·帕特洛
1121,琳达·卡德里尼
1122,汤姆·维图
1123,保罗·斯隆
1124,布赖恩·斯特帕尼克
1125,马丁·巴特斯·布拉德福德
1126,尼克·瓦莱隆加
1127,格拉伦·布莱恩特·班克斯
1128,肯尼斯·以色列
1129,杰瑞德·莱托
1130,乔治·马奎尔
1131,米特·洛夫
1132,海伦娜·伯翰·卡特
1133,爱德华·诺顿
1134,扎克·格雷尼尔
1135,艾恩·贝利
1136,里奇蒙德·阿奎特
1137,布拉德·皮特
1138,王渝文
1139,王玨
1140,许敬民
1141,丁仲
1142,左正芬
1143,郎雄
1144,杨贵媚
1145,杜满生
1146,王瑞
1147,唐语谦
1148,吴倩莲
1149,洪其德
1150,张艾嘉
1151,陈捷文
1152,陈昭荣
1153,聂卓晶
1154,陈妤
1155,卢金城
1156,赵文瑄
1157,归亚蕾
1158,乔什·帕斯
1159,吉莉·西蒙
1160,凯德·比特纳
1161,肖恩·里德
1162,多里·曼佐尔
1163,迈克尔·埃斯佩尔
1164,薇薇·卡登尼
1165,雷吉·奥斯汀
1166,坦娅·克拉克
1167,维克多·斯坦巴赫
1168,詹妮弗·康纳利
1169,罗伊·辛尼斯
1170,乔什·卢卡斯
1171,罗素·克劳
1172,保罗·贝坦尼
1173,兰斯·霍华德
1174,迈克尔·阿伯特
1175,安东尼·拉普
1176,迈克尔·菲奥里
1177,法布里奇奥·范特
1178,小艾德.朱普
1179,贾德·赫希
1180,谢丽尔·霍华德
1181,埃文·哈特
1182,乔纳·福尔肯
1183,蒂格尔·F·伯格里
1184,斯科特·费恩斯特罗姆
1185,瓦伦蒂娜·卡迪纳利
1186,理查·布莱恩特
1187,米尔斯·彼埃尔
1188,丹·陈
1189,布莱丝·达拉斯·霍华德
1190,罗伯特·迈尔斯
1191,简·詹金斯
1192,亚当·戈德堡
1193,奥斯汀·潘德尔顿
1194,艾米·瓦尔兹
1195,朗·霍华德
1196,卡拉·奥奇格罗索
1197,杰森·霍顿
1198,贾森·加里-斯坦福德
1199,塞斯·盖贝尔
1200,里德·彭尼
1201,斯特里奥·萨万特
1202,蒂尔达·斯文顿
1203,菲奥娜·黑尔
1204,丹尼·文森
1205,杰瑞德·哈里斯
1206,兰斯·E·尼克尔斯
1207,大卫·詹森
1208,乔安娜·塞勒
1209,汤姆·埃沃雷特
1210,杰森·弗莱明
1211,塔拉吉·P·汉森
1212,朱莉娅·奥蒙德
1213,特德·曼森
1214,克莱·卡伦
1215,麦迪逊·贝蒂
1216,伊利亚·沃里克
1217,艾丽·范宁
1218,伊莱亚斯·科泰斯
1219,唐娜·杜普兰提尔
1220,菲利斯·萨莫维尔
1221,克里斯托弗·马克斯韦尔
1222,芳妮·A·钱勃丝
1223,维尔纳·德恩
1224,汉斯-尤韦·鲍尔
1225,马提亚斯·布伦纳
1226,塞巴斯蒂安·科赫
1227,乌尔里希·穆埃
1228,马蒂娜·格德克
1229,玛丽·格鲁伯
1230,马丁·布拉姆马赫
1231,希尔德加德·斯罗德
1232,沃克马·克莱纳特
1233,伊嘉·比肯费尔德
1234,辛纳克·勋纳曼
1235,巴斯蒂安·特罗斯特
1236,托马斯·蒂梅
1237,托马斯·阿诺德
1238,迈克尔·格伯
1239,吉塔·施维赫夫
1240,赫伯特·克瑙普
1241,查理·哈纳
1242,乌尔里希·图库尔
1243,克劳斯·芒斯特
1244,路德韦格·布洛克伯格
1245,凯·伊沃·保利兹
1246,中村久美
1247,武藤寿美
1248,光石研
1249,山崎一
1250,铃木兰兰
1251,长田江身子
1252,柏原崇
1253,神户浩
1254,篠原胜之
1255,山口诗史
1256,范文雀
1257,德井优
1258,中山美穗
1259,丰川悦司
1260,盐见三省
1261,梅田凡乃
1262,田口智朗
1263,铃木庆一
1264,酒井美纪
1265,加贺麻理子
1266,小栗香织
1267,酒井敏也
1268,大卫·休里斯
1269,吉姆·诺顿
1270,阿萨·巴特菲尔德
1271,杰克·塞隆
1272,谢拉·汉考克
1273,大卫·海曼
1274,伊凡·弗雷贝利
1275,卡拉·霍根
1276,祖萨·霍尔
1277,泽索特·萨法尔·科夫卡
1278,理查德·约翰逊
1279,奥索利亚·茱莉娅·帕普
1280,拉斯洛·阿隆
1281,阿提拉·埃杰德
1282,贝拉·费斯彼姆
1283,安贝尔·比蒂
1284,维拉·法米加
1285,鲁伯特·弗兰德
1286,米哈利·绍鲍多什
1287,杰森·斯坦森
1288,斯汀
1289,维尼·琼斯
1290,尼克·莫兰
1291,斯蒂文·麦金托什
1292,德克斯特·弗莱彻
1293,Salvatore Martino
1294,莫妮卡·贝鲁奇
1295,玛蒂尔德·皮亚纳
1296,安东内洛·普利西
1297,瓦尼·布拉马蒂
1298,Gaetano Aronica
1299,Noam Morgensztern
1300,Luciano Federico
1301,Pippo Provvidenti
1302,露琪亚·萨多
1303,奥罗拉·夸特罗基
1304,Gilberto Idonea
1305,朱塞佩·苏尔法罗
1306,埃丽萨·莫鲁奇
1307,Angelo Pellegrino
1308,Pietro Notarianni
1309,Gabriella Di Luzio
1310,霍尔迪·布鲁内特
1311,佩雷·布拉索
1312,巴巴拉·莱涅
1313,何塞·科罗纳多
1314,布兰卡·马丁内斯
1315,玛蒂娜·乌尔塔多
1316,弗兰塞斯克·奥雷利亚
1317,圣·耶拉莫斯
1318,大卫·塞尔瓦斯
1319,帕科·图斯
1320,鲍比·冈萨雷斯
1321,马内尔·杜维索
1322,伊尼戈·加斯特西
1323,马里奥·卡萨斯
1324,阿娜·瓦格纳
1325,杰瑞米·戴维斯
1326,迪米特里·格里特萨斯
1327,亚当·肖
1328,彼得·迈尔斯
1329,马修·夏普
1330,马克斯·马蒂尼
1331,若昂·科斯塔·梅内塞斯
1332,米歇尔·埃文斯
1333,约翰·沙拉恩
1334,马丁·哈伯
1335,利兰·奥瑟
1336,丹尼尔·切尔奎拉
1337,汤姆·塞兹摩尔
1338,德里克·李
1339,罗非洛·迪格托勒
1340,特德·丹森
1341,约翰·德·兰西
1342,马克·施泰因迈尔
1343,莱尔德·曼辛托斯
1344,丹尼斯·法里纳
1345,保罗·吉亚玛提
1346,恩里奇·雷德曼
1347,安德鲁·斯科特
1348,克里·约翰逊
1349,文森特·沃尔什
1350,凯思琳·拜荣
1351,洛克兰·艾肯
1352,瑞恩·赫斯特
1353,代尔·戴
1354,范·迪塞尔
1355,罗尔夫·萨克森
1356,哈威·普雷斯内尔
1357,内森·菲利安
1358,哈里逊·杨
1359,丹兰·布鲁诺
1360,巴里·佩珀
1361,史蒂夫·格里芬
1362,大卫·维格
1363,爱德华·伯恩斯
1364,大卫·沃尔
1365,詹姆斯·恩布里
1366,吉奥瓦尼·瑞比西
1367,尚恩·约翰逊
1368,埃里克·罗兰
1369,布莱恩·科兰斯顿
1370,利奥达·理查德斯
1371,丹尼尔·特鲁希特
1372,尼古拉斯·哈蒙德
1373,格特鲁德·阿斯特
1374,埃琳诺·帕克
1375,伯特史蒂文斯
1376,查尔敏·卡尔
1377,山姆·哈里斯
1378,多罗西·吉金斯
1379,弗兰克·贝克
1380,理查德·海顿
1381,玛丽亚·冯·特拉普
1382,希瑟·孟席斯-尤里克
1383,多丽丝·劳埃德
1384,伯纳德·赛尔
1385,黛比·特纳
1386,马妮·尼克松
1387,安娜·李
1388,杜安·蔡斯
1389,杰弗里·塞尔
1390,本·怀特
1391,史蒂夫·卡鲁瑟斯
1392,安吉拉·卡特怀特
1393,波希娅·纳尔逊
1394,基姆·卡拉思
1395,吉尔克里斯特·斯图尔特
1396,诺尔曼·斯蒂凡斯
1397,埃瓦德妮·贝克
1398,佩吉·伍德
1399,朱莉·安德鲁斯
1400,德罗斯·V·史密斯
1401,丹尼·德维托
1402,迈克尔·贝里曼
1403,彼得·布罗科
1404,斯加特曼·克罗索斯
1405,凯·李
1406,米米·萨奇席恩
1407,西德尼·拉斯克
1408,威廉·雷德菲尔德
1409,克里斯托弗·洛伊德
1410,乔西普·艾利克
1411,米斯·斯马尔
1412,路易莎·莫里茨
1413,杰克·尼科尔森
1414,菲利普·罗斯
1415,路易丝·弗莱彻
1416,威廉·达尔
1417,文森特·斯卡维利
1418,威尔·萨姆森
1419,德怀特·马费尔德
1420,穆瓦科·卡姆布卡
1421,特德·马克兰德
1422,费雷什特·萨拉班迪
1423,纳菲丝·贾法-穆罕默迪
1424,Dariush Mokhtari
1425,法拉赫阿米尔·哈什米安
1426,巴哈丽·西迪奇
1427,默罕默德·阿米尔·纳吉
1428,克里斯托弗·马利基
1429,萨姆·沃辛顿
1430,韦斯·斯塔迪
1431,肖恩·安东尼·莫兰
1432,米歇尔·罗德里格兹
1433,史蒂芬·朗
1434,佐伊·索尔达娜
1435,乔·大卫·摩尔
1436,希·庞德
1437,马特·杰拉德
1438,拉兹·阿隆索
1439,娜塔丽·特纳
1440,詹森·艾萨克
1441,吉姆·布劳德本特
1442,塞伦·希德
1443,马修·刘易斯
1444,克蕾曼丝·波西
1445,海伦·麦克洛瑞
1446,多姆纳尔·格里森
1447,伊文娜·林奇
1448,蒂莫西·斯波
1449,大卫·布拉德利
1450,凯莉·麦克唐纳
1451,迈克尔·刚本
1452,梁佩诗
1453,艾玛·汤普森
1454,安东尼·霍普金斯
1455,安东尼·希尔德
1456,朱迪·福斯特
1457,斯科特·格伦
1458,泰德·拉文
1459,崔西·沃特
1460,达拉
1461,丹·巴特勒
1462,卡斯·莱蒙斯
1463,弗兰基·费森
1464,Dave Rastovich
1465,Doug DeMaster
1466,伊莎贝尔·卢卡斯
1467,Hardy Jones
1468,海顿·潘妮蒂尔
1469,Mandy-Rae Cruikshank
1470,路易·西霍尤斯
1471,Charles Hambleton
1472,Kirk Krack
1473,Hayato Sakurai
1474,Paul Watson
1475,Michael Illiff
1476,Ian Campbell
1477,Richard O'Barry
1478,Joji Morishita
1479,马克·瑞安
1480,丽贝卡·豪尔
1481,大卫·鲍伊
1482,瑞奇·杰
1483,丹尼尔·戴维斯
1484,罗恩·帕金斯
1485,冀朝理
1486,斯嘉丽·约翰逊
1487,萨曼塔·马霍林
1488,吉姆·皮多克
1489,杰米·哈里斯
1490,派珀·佩拉博
1491,安东尼·德·马克
1492,休·杰克曼
1493,罗杰·里斯
1494,克里斯托弗·尼姆
1495,派翠西娅·克拉克森
1496,约翰·卡洛·林奇
1497,克里斯托弗·邓汉
1498,米歇尔·威廉姆斯
1499,约瑟夫·斯科拉
1500,罗宾·巴特利特
1501,马克·鲁弗洛
1502,马克斯·冯·叙多夫
1503,艾米莉·莫迪默
1504,杰基·厄尔·哈利
1505,威廉·达福
1506,裘德·洛
1507,欧文·威尔逊
1508,詹森·舒瓦兹曼
1509,杰夫·高布伦
1510,汤姆·威尔金森
1511,托尼·雷沃罗利
1512,蕾雅·赛杜
1513,西尔莎·罗南
1514,比尔·默瑞
1515,马修·阿马立克
1516,哈威·凯特尔
1517,F·默里·亚伯拉罕
1518,威廉·弗西斯
1519,塔斯黛·韦尔德
1520,拉里·拉普
1521,波特·杨
1522,詹姆斯·海登
1523,伊丽莎白·麦戈文
1524,罗伯特·哈珀
1525,詹姆斯·伍兹
1526,特里特·威廉斯
1527,乔·佩西
1528,达兰妮·弗鲁格
1529,理查德·弗让吉
1530,威廉姆·李·斯科特
1531,埃尔登·汉森
1532,艾米·斯马特
1533,考乐姆·吉斯·雷尼
1534,凯文·杜兰
1535,约翰·帕特里克·阿梅多利
1536,杰西·詹姆斯
1537,杰克·凯斯
1538,莎拉·威多斯
1539,卡梅隆·布莱特
1540,罗根·勒曼
1541,凯文·G·施密特
1542,阿什顿·库彻
1543,埃里克·斯托尔兹
1544,艾琳·戈洛瓦娅
1545,本·阿弗莱克
1546,史蒂文·科兹洛夫斯基
1547,科尔·豪瑟
1548,明妮·德里弗
1549,乔治·普林普顿
1550,艾莉森·福兰德
1551,吉米·弗林
1552,弗朗切斯科·克莱门特
1553,丹·华盛顿
1554,维克·萨海
1555,斯科特·威廉姆·文特斯
1556,约翰·迈顿
1557,斯特兰·斯卡斯加德
1558,阿曼达·普拉莫
1559,弗兰克·威利
1560,玛丽亚·德·梅黛洛
1561,约翰·特拉沃尔塔
1562,文·瑞姆斯
1563,乌玛·瑟曼
1564,罗姗娜·阿奎特
1565,劳拉·拉芙蕾丝
1566,菲尔·拉马
1567,保罗·考尔德伦
1568,布罗娜·加拉赫
1569,布尔·斯蒂尔斯
1570,布鲁斯·威利斯
1571,塞缪尔·杰克逊
1572,张震
1573,格利高里·戴顿
1574,布鲁斯·米切尔
1575,理查德·亚历山大
1576,拉斯·鲍威尔
1577,劳埃德·英格拉哈姆
1578,J·C·纽金特
1579,约翰兰德
1580,宝莲·高黛
1581,威尔弗雷德·卢卡斯
1582,帕特·弗莱厄蒂
1583,弗雷德·马拉泰斯塔
1584,切斯特·康克林
1585,汉克·曼
1586,爱德华·勒桑
1587,帕特·哈蒙
1588,海尼·康克林
1589,路易·纳托
1590,塞西尔·雷诺兹
1591,博比·巴伯
1592,杰克·洛
1593,查理·卓别林
1594,诺曼·安斯利
1595,巴迪·梅辛杰
1596,萨米·斯坦
1597,沃尔特·詹姆斯
1598,默多克·麦夸里
1599,爱德华·金博尔
1600,特德·奥利弗
1601,斯坦利·布莱斯通
1602,阿尔·欧内斯特·加西亚
1603,亨利·伯格曼
1604,蒂尼·桑福德
1605,米拉·麦金尼
1606,弗兰克·哈格尼
1607,哈里·威尔逊
1608,格洛丽亚·德黑文
1609,詹姆斯·C·莫顿
1610,弗兰克·莫兰
1611,加布里埃尔·戈班
1612,伊莎·米兰达
1613,玛德莱娜·巴尔比莱
1614,维维亚娜·罗曼塞
1615,Sophie Sel
1616,菲利普·里夏尔
1617,保罗·斯托帕
1618,伊夫·布雷维尔
1619,Claude Arvelle
1620,Robert Auboyneau
1621,Germaine Stainval
1622,罗贝尔·达尔邦
1623,亨利·维达尔
1624,米歇尔·摩根
1625,Orféo Tamburi
1626,Claudine Dupuis
1627,Nicole Regnault
1628,弗兰克·维拉德
1629,Alfred Baillou
1630,Laure Paillette
1631,让·德比古
1632,Frédérique Hébrard
1633,萨夏·皮托埃夫
1634,路易·德·菲奈斯
1635,莫里斯·罗内
1636,保罗·费弗尔
1637,弗朗索瓦丝·罗赛
1638,路易斯·塞格纳
1639,Yvonne Yma
1640,玛塞勒·普兰斯
1641,Jacqueline Plessis
1642,约兰德拉丰
1643,弗朗塞特·韦尔尼耶
1644,Julienne Paroli
1645,Andrée Debar
1646,让·里夏尔
1647,保罗·阿扎伊斯
1648,爱德华多·德·菲利波
1649,雅克·法布里
1650,热拉尔·菲利普
1651,Claire Gérard
1652,Marguerite Cassan
1653,诺埃-诺尔
1654,成龙
1655,林子善
1656,李思捷
1657,李兆基
1658,张柏芝
1659,郑文辉
1660,田启文
1661,迈克尔·赫希
1662,弗雷德里克·科芬
1663,约翰·库萨克
1664,乔·哈特
1665,约翰·C·麦金雷
1666,马绍尔·贝尔
1667,马特·莱斯切尔
1668,阿尔弗雷德·莫里纳
1669,克里·杜瓦尔
1670,霍尔姆斯·奥斯本
1671,莱拉·肯泽尔
1672,阿曼达·皮特
1673,泰伦斯·伯尼·海恩斯
1674,杰克·布塞
1675,布莱特·罗尔
1676,约翰·浩克斯
1677,雷·利奥塔
1678,朴海日
1679,全美善
1680,崔钟律
1681,郑仁仙
1682,高瑞熙
1683,沈成宝
1684,徐永嬅
1685,朴努植
1686,朴泰京
1687,金相庆
1688,李在应
1689,吴龙
1690,朴真宇
1691,金雷夏
1692,边希峰
1693,宋在浩
1694,申贤宗
1695,刘承睦
1696,柳泰浩
1697,元华
1698,黄圣依
1699,林雪
1700,释彦能
1701,贾康熙
1702,陈凯师
1703,梁小龙
1704,张一白
1705,董志华
1706,冯克安
1707,王仕颖
1708,何文辉
1709,袁祥仁
1710,任珈锐
1711,陈国坤
1712,林子聪
1713,元秋
1714,赵志凌
1715,片平渚
1716,武田真治
1717,宫藤官九郎
1718,伊势谷友介
1719,黑泽明日香
1720,市川实日子
1721,角野卓造
1722,荒川良良
1723,谷原章介
1724,柄本明
1725,谷中敦
1726,中谷美纪
1727,剧团一人
1728,永山瑛太
1729,土屋安娜
1730,木村凯拉
1731,奥之矢佳奈
1732,柴崎幸
1733,田中要次
1734,约翰尼·德普
1735,杰克·达文波特
1736,凯拉·奈特莉
1737,杰弗里·拉什
1738,乔纳森·普雷斯
1739,朱莉·克里斯蒂
1740,里根·利奥纳德
1741,萨米·盖尔
1742,阿尔·卡尔德隆
1743,马西娅·盖伊·哈登
1744,小伊塞亚·维特洛克
1745,布莱思·丹纳
1746,路易斯·佐里奇
1747,帕特里夏·雷
1748,蒂姆·布雷克·尼尔森
1749,道格·伊·道格
1750,拉尔夫·罗德里格斯
1751,威廉·彼德森
1752,约翰·塞纳迭姆博
1753,西莉亚·奥
1754,罗南·鲁宾斯坦
1755,布雷南·布朗
1756,大卫·豪森
1757,萨曼萨·罗根
1758,瑞内·菲利斯·史密斯
1759,克里斯蒂娜·亨德里克斯
1760,詹姆斯·霍西
1761,刘玉玲
1762,爱河里花子
1763,岩田光央
1764,筒井康隆
1765,田中秀幸
1766,福松进纱
1767,林原惠美
1768,兴梠里美
1769,川濑晶子
1770,太田真一郎
1771,三户耕三
1772,胜杏里
1773,今敏
1774,堀胜之祐
1775,江守彻
1776,宫下荣治
1777,古谷彻
1778,山寺宏一
1779,托玛斯·博·拉森
1780,亚历山德拉·拉帕波特
1781,麦斯·米科尔森
1782,拉斯·兰特
1783,安妮卡·韦德科普
1784,安妮·路易丝·哈辛
1785,苏西·沃德
1786,拉丝·弗格斯托姆
1787,马可·斯格罗索
1788,旺妲·卡布里奥罗
1789,安东尼奥·里莫尔迪
1790,迈克尔·斯图巴
1791,艾米·汉莫
1792,阿蜜拉·卡萨
1793,维克图瓦尔·杜布瓦
1794,埃琳娜·布奇
1795,彼得·斯皮尔斯
1796,艾斯特·加瑞尔
1797,柳承龙
1798,郑满植
1799,郑镇荣
1800,朴元尚
1801,阿尔弗雷德·希区柯克
1802,张彻
1803,阿涅斯·瓦尔达
1804,王晶
1805,罗伯托·罗西里尼
1806,伍迪·艾伦
1807,楚原
1808,史蒂文·斯皮尔伯格
1809,沟口健二
1810,黑泽明
1811,杜琪峰
1812,让-吕克·戈达尔
1813,李翰祥
1814,克日什托夫·基耶斯洛夫斯基
1815,桂治洪
1816,张艺谋
1817,徐克
1818,何梦华
1819,孙仲
1820,斯坦·布拉哈格
1821,米开朗基罗·安东尼奥尼
1822,吴宇森
1823,刘家良
1824,吕克·贝松
1825,朱延平
1826,邱礼涛
1827,胡鹏
1828,比利·怀尔德
1829,马丁·斯科塞斯
1830,斯坦利·库布里克
1831,袁和平
1832,雷德利·斯科特
1833,林超贤
1834,英格玛·伯格曼
1835,蒂姆·波顿
1836,陈嘉上
1837,王风
1838,彭浩翔
1839,张坚庭
1840,小津安二郎
1841,刘伟强
1842,斯蒂芬·金
1843,弗兰克·德拉邦特
1844,李碧华
1845,芦苇
1846,艾瑞克·罗斯
1847,温斯顿·格鲁姆
1848,詹姆斯·卡梅隆
1849,温琴佐·切拉米
1850,宫崎骏
1851,斯蒂文·泽里安
1852,托马斯·肯尼利
1853,克里斯托弗·诺兰
1854,新藤兼人
1855,斯蒂芬·P·林赛
1856,乔纳森·诺兰
1857,安德鲁·尼科尔
1858,亚利桑德罗·巴里克
1859,拉吉库马尔·希拉尼
1860,阿希贾特·乔希
1861,维德胡·维诺德·乔普拉
1862,吉姆·里尔顿
1863,勒·惠勒
1864,乔治·沙普罗
1865,菲利普·洛佩斯-屈瓦尔
1866,克里斯托夫·巴拉蒂
1867,庄文强
1868,麦兆辉
1869,珍妮弗·李
1870,孔枝泳
1871,黄东赫
1872,弗朗西斯·福特·科波拉
1873,马里奥·普佐
1874,阿加莎·克里斯蒂
1875,哈里·库尼兹
1876,斯蒂夫·康拉德
1877,奥利维埃·纳卡什
1878,埃里克·托莱达诺
1879,罗伯·莱纳
1880,文德琳·范·德拉安南
1881,安德鲁·沙因曼
1882,贝纳尔多·贝托鲁奇
1883,马克·派普罗
1884,大卫·S·高耶
1885,阿德里安·莫利纳
1886,马修·奥尔德里奇
1887,詹森·卡茨
1888,李·昂克里奇
1889,余华
1890,J. K. 罗琳
1891,史蒂夫·克洛夫斯
1892,J. R. R. 托尔金
1893,菲利帕·鲍恩斯
1894,弗兰·威尔士
1895,西德尼·霍华德
1896,本·赫克特
1897,玛格丽特·米歇尔
1898,乔·斯沃林
1899,奥利弗·H·P·加勒特
1900,约翰·范·德鲁登
1901,金成旭
1902,金智慧
1903,曹重勋
1904,汤姆·麦卡锡
1905,施热亚·简
1906,涅提·蒂瓦里
1907,比于什·古普塔
1908,尼基尔·麦罗特拉
1909,文牧野
1910,韩家女
1911,钟伟
1912,哈立德·穆扎纳
1913,乔治斯·哈巴兹
1914,米歇尔·凯斯沃尼
1915,吉哈德·霍加里
1916,雷金纳德·罗斯
1917,黛安娜·温恩·琼斯
1918,大卫·麦基
1919,扬·马特尔
1920,尤凤伟
1921,吴承恩
1922,杰夫·内桑森
1923,瓦娜·波利
1924,斯蒂芬·辛克莱
1925,乔瓦尼·阿尔皮诺
1926,博·古德曼
1927,罗纳德·哈伍德
1928,达尔顿·特朗勃
1929,伊安·麦克莱伦·亨特
1930,约翰·戴顿
1931,郭俊立
1932,马识途
1933,朱苏进
1934,李不空
1935,约翰娜·施皮里
1936,佩特拉·比翁迪娜·沃尔普
1937,莉莉·沃卓斯基
1938,拉娜·沃卓斯基
1939,李克弱
1940,万籁鸣
1941,杨宇硕
1942,尹贤浩
1943,汤姆·舒尔曼
1944,乔纳森·罗伯特
1945,艾琳·梅琪
1946,琳达·伍尔芙顿
1947,彼得·法雷里
1948,吉姆·乌尔斯
1949,恰克·帕拉尼克
1950,詹姆斯·夏慕斯
1951,李安
1952,王蕙玲
1953,西尔维娅·纳萨尔
1954,阿齐瓦·高斯曼
1955,F·司各特·菲茨杰拉德
1956,罗宾·史威考德
1957,弗洛里安·亨克尔·冯·多纳斯马尔克
1958,岩井俊二
1959,约翰·伯恩
1960,马克·赫尔曼
1961,盖·里奇
1962,卢恰诺·温琴佐尼
1963,奥里奥尔·保罗
1964,罗伯特·罗达特
1965,乔治·胡达勒克
1966,恩斯特·莱赫曼
1967,拉塞尔·克劳斯
1968,霍华德·林赛
1969,劳伦斯·奥邦
1970,达尔·瓦瑟曼
1971,肯·凯西
1972,马基德·马基迪
1973,泰德·塔里
1974,托马斯·哈里斯
1975,马克·蒙雷
1976,克里斯托弗·普瑞丝特
1977,丹尼斯·勒翰
1978,莱塔·卡罗格里迪斯
1979,斯蒂芬·茨威格
1980,韦斯·安德森
1981,雨果·吉尼斯
1982,弗兰科·费里尼
1983,赛尔乔·莱昂内
1984,恩里科·梅迪欧力
1985,皮耶罗·德·贝纳迪
1986,弗兰科·奥卡利
1987,莱奥纳多·本韦努蒂
1988,J·麦基·格鲁伯
1989,埃里克·布雷斯
1990,昆汀·塔伦蒂诺
1991,罗杰·阿夫瑞
1992,王家卫
1993,卡洛·里姆
1994,皮埃尔·博斯特
1995,让·奥朗什
1996,克洛德·奥当-拉哈
1997,Liana Ferri
1998,艾维而.巴赞
1999,图里·瓦西里
2000,夏尔·斯巴克
2001,科莱特
2002,安东尼奥·彼得兰杰利
2003,莱奥·若阿农
2004,Jules-Amédée Barbey d'Aurevilly
2005,迭戈·法布里
2006,曾瑾昌
2007,梁嘉杰
2008,冯勉恒
2009,李敏
2010,迈克尔·库尼
2011,金光林
2012,奉俊昊
2013,霍昕
2014,陈文强
2015,山田宗树
2016,中岛哲也
2017,杰·沃尔伯特
2018,特里·鲁西奥
2019,斯图尔特·贝亚蒂耶
2020,泰德·艾略特
2021,卡尔·隆德
2022,水上清资
2023,托比亚斯·林道赫姆
2024,托马斯·温特伯格
2025,詹姆斯·伊沃里
2026,李焕庆
2027,刘英雅
2028,卡罗琳·汤普森
2029,兰道尔·华莱士
2030,黛安娜·奥撒纳
2031,安妮·普鲁
2032,拉里·麦克穆特瑞
2033,谷德昭
2034,李力持
2035,小山薰堂
2036,纪尧姆·洛朗
2037,让-皮埃尔·热内
2038,M·奈特·沙马兰
2039,理查德·林克莱特
2040,金·克里桑
2041,杨德昌
2042,五十岚大介
2043,森淳一
2044,王朔
2045,北野武
2046,罗伯特·L·贝尔德
2047,丹尼尔·吉尔森
2048,乔丹·罗伯茨
2049,约翰·李·汉考克
2050,是枝裕和
2051,吉莉恩·弗林
2052,朱莉·德尔佩
2053,阮继志
2054,丹羽圭子
2055,玛丽·诺顿
2056,岸西
2057,柊葵
2058,萨沙·杰瓦西
2059,绿川幸
2060,葛蕾熙达·柯维尔
2061,迪恩·德布洛斯
2062,威廉姆·戴维斯
2063,克里斯·桑德斯
2064,理查德·柯蒂斯
2065,亚当·艾略特
2066,吉尔·卡尔顿
2067,瑞特·里斯
2068,拉夫·埃格尔斯顿
2069,约翰·奥古斯特
2070,Daniel Wallace
2071,弗雷德里克·巴克曼
2072,汉内斯·赫尔姆
2073,凑佳苗
2074,迈克尔·阿恩特
2075,约翰·拉塞特
2076,黛博拉·莫盖茨
2077,简·奥斯汀
2078,塞尔希奥·巴勃罗斯
2079,肯·道里欧
2080,辛科·保罗
2081,李炳宪
2082,姜炯哲
2083,延尚昊
2084,韩珍元
2085,金秉祐
2086,村井贞之
2087,竹内义和
2088,王树忱
2089,安德鲁·奈特
2090,罗伯特·申坎
2091,杰茜·尼尔森
2092,克里斯汀·约翰逊
2093,扎克·佩恩
2094,恩斯特·克莱恩
2095,朴勋政
2096,小国英雄
2097,桥本忍
2098,冯光远
2099,安德鲁·霍奇斯
2100,格拉汉姆·摩尔
2101,雷·沃纳尔
2102,温子仁
2103,西蒙·里奇
2104,罗纳尔多·德尔·卡门
2105,比尔·哈德尔
2106,艾米·波勒
2107,梅格·勒福夫
2108,马丁·麦克唐纳
2109,凯尔·皮尔森
2110,特瑞·乔治
2111,新海诚
2112,克莱格·鲍登
2113,梅丽莎·沃雷克
2114,柯克·德·米科
2115,保罗·林斯
2116,布罗里欧·曼托伐尼
2117,乔治·诺非
2118,托尼·吉尔罗伊
2119,斯科特·Z·本恩斯
2120,罗伯特·鲁德鲁姆
2121,梁淑华
2122,陈庆嘉
2123,鲁妮凡
2124,冯元良
2125,忻钰坤
2126,秦小珍
2127,高志森
2128,罗伯特·布洛克
2129,约瑟夫·斯蒂凡诺
2130,张婉婷
2131,罗启锐
2132,吉田秋生
2133,达米安·斯兹弗隆
2134,达米恩·查泽雷
2135,西蒙·博福伊
2136,维卡斯·史瓦卢普
2137,金庸
2138,贾里德·斯特恩
2139,约翰·C·赖利
2140,山姆·J·莱文
2141,张爱玲
2142,张承
2143,迈克尔·伯格
2144,迈克尔·J·威尔森
2145,彼得·阿克曼
2146,马克·海曼
2147,约翰·J·麦克劳克林
2148,安德雷斯·海因斯
2149,村上修
2150,神野博明
2151,宫西达也
2152,贝蒂·康登
2153,阿多夫·格林
2154,克里斯托弗·史密斯
2155,亚瑟·克拉克
2156,罗纳德·巴斯
2157,巴里·莫罗
2158,尼古拉斯·斯帕克斯
2159,杰里米·莱文
2160,扬·萨尔迪
2161,角野荣子
2162,野坂昭如
2163,高畑勋
2164,贾斯汀·扎克汉姆
2165,老舍
2166,陆川
2167,黄信尧
2168,乔治·塔贝
2169,安德烈·塔贝
2170,马塞尔·朱利安
2171,达妮埃尔·汤普森
2172,热拉尔·乌里
2173,赖铭堂
2174,鸿鸿
2175,杨顺清
2176,布莱恩·奥尔迪斯
2177,伊恩·沃森
2178,普特鹏·普罗萨卡·那·萨克那卡林
2179,本·雷普利
2180,肯尼思·洛纳根
2181,信本敬子
2182,芥川龙之介
2183,黄建新
2184,刘醒龙
2185,孙毅安
2186,小威廉·威谢尔
2187,R·J·帕拉西奥
2188,斯蒂芬·卓博斯基
2189,杰克·索恩
2190,托德·菲利普斯
2191,鲍勃·凯恩
2192,比尔·芬格
2193,斯科特·西尔弗
2194,杰瑞·罗宾逊
2195,艾玛·多诺霍
2196,皮特·摩根
2197,安东尼·麦卡滕
2198,何冀平
2199,张炭
2200,尼克·拉图里
2201,乔治·米勒
2202,布伦丹·麦卡锡
2203,罗伯特·E·舍伍德
2204,汉斯·拉莫
2205,塞缪尔·N·贝尔曼
2206,乔治·弗罗斯切尔
2207,查尔斯·里维特
2208,亚历克斯·马努吉安
2209,詹姆斯·沃德·布柯特
2210,威廉·D·威特利夫
2211,苏珊·希利迪
2212,吉姆·哈里森
2213,斯特凡纳·迪朗
2214,弗朗索瓦·萨兰诺
2215,洛朗·德巴
2216,洛朗·戈德
2217,雅克·克鲁奥德
2218,克里斯托夫·谢松
2219,W·布莱克·赫伦
2220,麦克·琼斯
2221,凯普·鲍尔斯
2222,奥寺佐渡子
2223,约翰·卡尼
2224,汤姆·提克威
2225,安德鲁·伯金
2226,帕特里克·聚斯金德
2227,贝尔恩德·艾辛格
2228,阿莫尔·古普特
2229,德鲁·戈达德
2230,安迪·威尔
2231,本哈德·施林克
2232,戴维·黑尔
2233,秋昌旼
2234,姜草
2235,菲利波·博洛尼亚
2236,保罗·克斯泰拉
2237,宝拉·马米妮
2238,保罗·杰诺维塞
2239,罗兰多·拉维洛
2240,卡莉·克里
2241,刘露
2242,周申
2243,乔希·辛格
2244,维杰耶德拉·普拉萨德
2245,卡比尔·汗
2246,周楚岑
2247,韩晓邯
2248,修梦迪
2249,弗朗塞斯卡·马尼里
2250,希德尼·希比利亚
2251,乔治·阿克塞尔罗德
2252,德里克·贾曼
2253,乔治·加洛
2254,袁牧之
2255,马特·里夫斯
2256,彼得·克莱格
2257,萨缪尔·A·泰勒
2258,沃尔特·纽曼
2259,莱赛尔·萨缪尔斯
2260,帕特里克·伯利
2261,赵婷
2262,瑞恩·弗雷波
2263,杰克·科比
2264,马修·弗雷波
2265,伊利亚·卡赞
2266,莫斯·哈特
2267,吴念真
2268,钟肇政
2269,中野量太
2270,菅野友惠
2271,查尔斯·布拉克特
2272,理查德·L·布林
2273,恩尼奥·弗拉亚诺
2274,图里奥·皮内利
2275,费德里科·费里尼
2276,倪匡
2277,艾米利奥·艾斯特维兹
2278,杰克·希特
2279,蒋琳
2280,万秦
2281,徐芸
2282,哈洛德·克卢瑟
2283,罗兰·艾默里奇
2284,斯宾塞·科恩
2285,弗兰克·卡韦特
2286,弗兰克·巴特勒
2287,邢文雄
2288,Thomas Monroe
2289,哈利·图根德
2290,陈宇
2291,爱比·希薇亚
2292,中岛京子
2293,大野敏哉
2294,阿尔贝托·米尔戈
2295,Jean Aurel
2296,Marie-France Pisier
2297,弗朗索瓦·特吕弗
2298,苏珊·席夫曼
2299,杨静尘
2300,尼克·霍恩比
2301,Cheryl Strayed
2302,张敏
2303,阿瑟·温珀里斯
2304,伊尔佳·佐芬
2305,沃尔夫冈·科尔哈泽
2306,杨翠兰
2307,郝杰
2308,郝启田
2309,杰森·阿库纳
2310,埃里克·安德烈
2311,约翰尼·诺克斯维尔
2312,杰夫·特里梅因
2313,艾伦·麦格海
2314,斯派克·琼斯
2315,普雷斯顿·莱西
2316,克里斯·庞蒂斯
2317,班姆·玛吉瑞
2318,戴夫·英格兰
2319,史蒂夫
2320,德里克·贝克尔斯
2321,凯蒂·弗林斯
2322,范文文
2323,潘依然
2324,常小琥
2325,朱炫
2326,黄海
2327,王亚鹤
2328,朗·汉森
2329,吉姆·谢泼德
2330,菲利普·邓恩
2331,司徒安
2332,舒兰
2333,特娅·冯·哈堡
2334,付丹迪
2335,蔚捷
2336,刘迟
2337,横浜聪子
2338,越谷治
2339,埃德温·贾斯特斯·迈耶
2340,弗朗茨·舒尔茨
2341,别克
2342,陈珠珠
2343,赵颢喆
2344,罗兆粦
2345,莎拉·施特莱歇尔
2346,茱莉亚·赵
2347,石之予
2348,沃尔特·瑞奇
2349,黄浩华
2350,克里斯·麦克纳
2351,史蒂夫·迪特寇
2352,斯坦·李
2353,埃里克·萨默斯
2354,Bernard Revon
2355,克劳德·德吉弗雷
2356,Miguel De Echarri
2357,吴炜伦
2358,梁乐民
2359,托尼·库什纳
2360,亚瑟·劳伦特斯
2361,罗伯特·里斯金
2362,Jan Lustig
2363,马克斯·科尔佩
2364,Claude-André Puget
2365,里则林
2366,德里克·科尔斯塔
2367,王越
2368,张铂雷
2369,薛晓路
2370,郝哲
2371,柳青
2372,Sara Gay Forden
2373,贝基·琼斯顿
2374,罗伯托·本提维尼亚
2375,乔安娜·霍格
2376,诺曼·赖利·雷恩
2377,海因茨·海劳尔德
2378,波巴克-埃斯法尔贾尼
2379,格雷琴·恩德斯
2380,Laura Donney 
2381,Cameron Squires
2382,Chuck Hayward
2383,Megan McDonnell
2384,雅克·舍费尔
2385,Mackenzie Dohr
2386,彼特·卡梅隆
2387,夏侯云姗
2388,伊萨克·厄兹本
2389,莫非
2390,保罗·托马斯·安德森
2391,伊哥·斯坦普陈科
2392,阿列克谢·彼得鲁欣
2393,丁涵
2394,赵哲恩
2395,陈力
2396,Emmanuèle Bernheim
2397,菲利普·皮亚佐
2398,弗朗索瓦·欧容
2399,威廉·安东尼·麦圭尔
2400,朱尔斯·福瑟曼
2401,塔尔博特·詹宁斯
2402,凯里·威尔逊
2403,冯德伦
2404,杜如风
2405,罗耀辉
2406,杨梅媛
2407,刘吾驷
2408,李鹏
2409,肯尼思·布拉纳
2410,吉田惠辅
2411,让·科克托
2412,罗伯特·布列松
2413,亚历克·吉尼斯
2414,马里奥·马托利
2415,诺埃尔·考沃德
2416,索恩亚·
2417,雷金纳德·贝克莱
2418,高可
2419,杨晓明
2420,加斯·詹宁斯
2421,山内麻里子
2422,岨手由贵子
2423,龙比意
2424,保罗·惠勒
2425,Bennett Davlin
2426,柯贞年
2427,林品君
2428,简·坎皮恩
2429,托马斯·萨维奇
2430,Ray DeLaurentis
2431,吉姆·赫克特
2432,William Schifrin
2433,张本煜
2434,柯达
2435,刘循子墨
2436,里八神
2437,阿斯哈·法哈蒂
2438,威廉·林赛·葛雷逊
2439,吉尔莫·德尔·托罗
2440,金·摩根
2441,Gordon Williams
2442,戴维·泽拉·古德曼
2443,萨姆·佩金帕
2444,李作楠
2445,兰晓龙
2446,邵艺辉
2447,瑟琳·席安玛
2448,阿彼察邦·韦拉斯哈古
2449,唐季礼
2450,邵丽琼
2451,张彦
2452,何可可
2453,李媛
2454,林炳宝
2455,华玮琳
2456,俞白眉
2457,夏安·海德
2458,维多利亚·贝多斯
2459,艾里克·拉缇戈
2460,斯坦尼斯拉斯·卡雷·德·马尔博格
2461,托马斯·彼得葛恩
2462,奥黛丽·迪万
2463,玛西娅·罗马诺
2464,邓景生
2465,钟菊芳
2466,洪常秀
2467,乔纳森·拉森
2468,史蒂文·莱文森
2469,詹姆斯·格利肯豪斯
2470,维尔戈特·斯耶曼
2471,郭一路
2472,温琴佐·塔拉里科
2473,Sonali Senroy DasGupta
2474,费雷敦·霍维达
2475,杨枫
2476,宝禾创作组
2477,罗恩·梅尔
2478,罗素·梅尔
2479,威廉·莎士比亚
2480,乔尔·科恩
2481,哈尔·尼达姆
2482,Brock Yates
2483,李牧
2484,宋坤儒
2485,大卫·米切尔
2486,亚历山大·赫蒙
2487,埃斯基尔·沃格特
2488,约阿希姆·提尔
2489,韦辛
2490,冲田修一
2491,T.J. Gnanavel
2492,大卫·伯克
2493,保罗·范霍文
2494,Judith C. Brown
2495,黄炳耀
2496,亚当·麦凯
2497,戴维·西罗塔
2498,拉蒙·佐尔彻
2499,西尔万·佐尔彻
2500,杰森·汉德
2501,林-曼努尔·米兰达
2502,查里斯·卡斯特罗·史密斯
2503,南茜·克鲁斯
2504,庵野秀明
2505,阿娜塔莎·米科娃
2506,扬·阿尔蒂斯-贝特朗
2507,约翰内斯·罗伯茨
2508,金鑫
2509,雷达尔·荣松
2510,波·伯格伦德
2511,布拉西·布兰斯特罗姆
2512,拉斯·霍尔斯道姆
2513,程刚
2514,Vince McKewin
2515,Robert Rodat
2516,维基·包姆
2517,威廉·A·德拉克
2518,特伟
2519,包蕾
2520,扎克·贝林
2521,沈耀庭
2522,于本正
2523,保罗·施拉德
2524,胡金铨
2525,莎拉·史密斯
2526,彼得·贝恩汉姆
2527,叶伟信
2528,邹凯光
2529,布鲁诺·杜蒙
2530,霍华德·埃斯塔布鲁克
2531,亚历山大·科贝里泽
2532,海因里希·伯尔
2533,沃尔克·施隆多夫
2534,玛加蕾特·冯·特罗塔
2535,莫尼卡·扎佩利
2536,克里斯提诺·波顿
2537,帕罗·萨森内里
2538,左几
2539,妮可·哈罗芬瑟
2540,埃里克·贾格
2541,杨柳青
2542,吉约姆·布哈克
2543,凯瑟琳·派勒
2544,诺曼·休斯敦
2545,爱德芒德·古尔丁
2546,詹姆斯·格利森
2547,萨拉·Y·梅森
2548,I·A·L·戴蒙德
2549,罗维
2550,冯小宁
2551,奥伦·佩利
2552,克里斯托弗·兰登
2553,安东尼·维勒
2554,欧内斯特·海明威
2555,约瑟夫·L·曼凯维奇
2556,黄黎明
2557,Streeter Seidell
2558,麦基·戴
2559,江扬
2560,王鹏展
2561,王川
2562,凯莉·马塞尔
2563,罗伯特·韦德
2564,伊恩·弗莱明
2565,尼尔·珀维斯
2566,菲比·沃勒-布里奇
2567,凯瑞·福永
2568,何仁
2569,吉恩·L·库恩
2570,阿基·考里斯马基
2571,李嘉
2572,朱岳
2573,关皓天
2574,汤俊
2575,田博
2576,武寒青
2577,马华
2578,戴夫·卡拉汉姆
2579,德斯汀·克里顿
2580,安德鲁·兰纳姆
2581,史蒂夫·恩格尔哈特
2582,吉姆·斯特林
2583,黄枫
2584,李洁
2585,赵天宇
2586,Ivor Powell
2587,克雷格·勒克
2588,蒲松龄
2589,陈白尘
2590,鲁迅
2591,青山刚昌
2592,樱井武晴
2593,梁仁
2594,亨特·S·汤普森
2595,亚力克斯·考克斯
2596,Tod Davies
2597,托尼·格里索尼
2598,特瑞·吉列姆
2599,丁善玺
2600,克洛德·夏布洛尔
2601,科洛·塔维涅
2602,Francis Szpiner
2603,野泽尚
2604,李志毅
2605,驰星周
2606,多洛雷斯·希钦斯
2607,沙颂
2608,李骏
2609,迈克尔·鲍威尔
2610,埃默里克·普雷斯伯格
2611,桑弧
2612,徐进
2613,蔡楚生
2614,郑君里
2615,Henri La Barthe
2616,朱利安·杜维威尔
2617,李愿闻
2618,阿尔贝托·莫拉维亚
2619,李廷香
2620,乔·斯派茨
2621,弗兰克·赫伯特
2622,丹尼斯·维伦纽瓦
2623,Nic Young
2624,贾樟柯
2625,万佳欢
2626,朱利亚·迪库诺
2627,Michael Hutchinson
2628,王林谷
2629,沈浮
2630,徐韬
2631,赵丹
2632,西川美和
2633,佐木隆三
2634,卡拉·林德斯特罗姆
2635,肖恩·弗伦奇
2636,山姆森·雷佛森
2637,陈怀恩
2638,维姆·文德斯
2639,吉姆·贾木许
2640,维克多·艾里斯
2641,沃纳·赫尔佐格
2642,D·B·威斯
2643,戴维·贝尼奥夫
2644,柳昇完
2645,李基哲
2646,张贤亮
2647,李唯
2648,金世谦
2649,金郑勋
2650,维托里奥·德西卡
2651,奥雷斯特·比安科利
2652,苏索·切基·达米科
2653,切萨雷·扎瓦蒂尼
2654,杰拉尔多·圭列里
2655,阿道夫·弗兰奇
2656,斯蒂芬·苏斯科
2657,沈洋
2658,詹晨
2659,村上春树
2660,滨口龙介
2661,大江崇允
2662,王培公
2663,唐耀良
2664,陈木胜
2665,凌伟骏
2666,N·理查德·纳什
2667,尼克·申克
2668,舒琪
2669,王安忆
2670,赵宁宇
2671,余曦
2672,马特·利伯曼
2673,史铁生
2674,李保罗
2675,吴滨
2676,贾大山
2677,特丽莎·艾科科
2678,克莱尔·威尔森
2679,陈迈平
2680,阿城
2681,Rémy Belvaux
2682,André Bonzel
2683,吕奇
2684,相泽虎之助
2685,扎克·迪恩
2686,高力力
2687,于勇敢
2688,克利斯提·普优
2689,Vladimir Solovyov
2690,柯蓝
2691,张子良
2692,游乃海
2693,司徒锦源
2694,周燕娴
2695,内藤忠司
2696,大林宣彦
2697,小中和哉
2698,雷蒙德·钱德勒
2699,斯特林·西利芬特
2700,斯坦尼斯瓦夫·莱姆
2701,弗雷德里克·格伦斯廷
2702,安德烈·塔可夫斯基
2703,纳尔逊·格里弗斯
2704,丁亚民
2705,侯孝贤
2706,许淑贞
2707,朱天文
2708,深田晃司
2709,星里望留
2710,三谷伸太朗
2711,大毛
2712,Mame
2713,黄百鸣
2714,特拉文·弗里
2715,凌汉
2716,布赖恩·加菲尔德
2717,布莱恩·福布斯
2718,Don Houghton
2719,宋纮
2720,王小棣
2721,Nhi Bui
2722,詹姆斯·里德
2723,皮帕·埃尔利希
2724,吴晓宇
2725,王云飞
2726,濑古浩司
2727,琳恩·拉姆塞
2728,布拉德·英格尔斯比
2729,宋存寿
2730,吉田刚
2731,佐藤纯弥
2732,黄蜀芹
2733,宋国勋
2734,李子羽
2735,艾莲·布洛什·麦肯纳
2736,道迪·史密斯
2737,史蒂夫·齐西斯
2738,托尼·麦克纳马拉
2739,达纳·福克斯
2740,简持中
2741,傅凯羚
2742,查克·狄克逊
2743,格雷格·兰德
2744,乔丹·B·戈芬克尔
2745,克里斯蒂娜·霍德森
2746,迈克尔·海尔
2747,古斯塔夫·哈斯福德
2748,陈玉勋
2749,坂元裕二
2750,珠玑
2751,刘芳
2752,雷内·克莱尔
2753,Traudl Junge
2754,Melissa Müller
2755,约阿希姆·费斯特
2756,亚历杭德罗·阿梅纳瓦尔
2757,张珂
2758,京榆
2759,管虎
2760,吴兵
2761,藤井清美
2762,大友启史
2763,和月伸宏
2764,徐逸洲
2765,詹姆斯·古恩
2766,西德尼·巴克曼
2767,盖瑞·斯科特·汤普森
2768,丹·凯西
2769,吴丹
2770,秦剑
2771,安东尼·阿斯奎斯
2772,奥斯卡·王尔德
2773,汪梨
2774,伊伦·克鲁格
2775,郭敬明
2776,陈哲艺
2777,迈克尔·威尔逊
2778,卡尔·福尔曼
2779,唐娄彝
2780,黄丹
2781,让-克劳德·卡里埃尔
2782,阿莱特·朗曼
2783,菲利普·加瑞尔
2784,卢敦
2785,陈云
2786,Joseph Carter
2787,麦迪克·马丁
2788,彼得·萨瓦奇
2789,杰克·拉莫塔
2790,萨维里奥·科斯坦佐
2791,埃莱娜·费兰特
2792,弗朗西斯·皮克罗
2793,劳拉·保卢奇
2794,郑宜迅
2795,果靖霖
2796,甲子复
2797,池田千寻
2798,青山真治
2799,小竹正人
2800,焦婷婷
2801,韩天
2802,张影
2803,碧翠丝·波特
2804,威尔·古勒
2805,唐·赫克
2806,埃里克·皮尔森
2807,内德·本森
2808,唐·里科
2809,叶逸芳
2810,李平分
2811,王军
2812,史超
2813,亨利-乔治·克鲁佐
2814,弗雷德里克·格伦德尔
2815,托马·纳西雅克
2816,皮埃尔·布瓦洛
2817,René Masson
2818,大卫·芬
2819,理查德·斯塔扎克
2820,罗伯·达德利
2821,艾莉森·斯诺登
2822,尼克·帕克
2823,Shem Bitterman
2824,汪远
2825,吕克·达内
2826,让-皮埃尔·达内
2827,赛尔乔·阿米德伊
2828,巴西利奥·弗兰基纳
2829,卡洛·利扎尼
2830,Chris Hampel
2831,Bryan H. Carroll
2832,Anna Benevuti
2833,Ramón del Valle-Inclán
2834,约翰·里德利
2835,所罗门·诺萨普
2836,郭子健
2837,翁子光
2838,梁礼彦
2839,杰弗里·M·霍华德
2840,马塞洛·巴格利埃罗
2841,艾尔弗雷德·海斯
2842,瓦斯科·普拉托里尼
2843,Rod E. Geiger
2844,克劳斯·曼
2845,王志勇
2846,巴德·舒尔伯格
2847,横幕智裕
2848,庞贝
2849,虹影
2850,胡雪桦
2851,足立绅
2852,布莱恩·伍兹
2853,约翰·卡拉辛斯基
2854,斯科特·贝克
2855,野崎惑
2856,白坂依志夫
2857,和田夏十
2858,谷川俊太郎
2859,市川昆
2860,西蒙·斯蒂芬森
2861,埃里康·卡萨罗萨
2862,兰达尔·格林
2863,杰西·安德鲁斯
2864,朱莉·林恩
2865,全勇先
2866,吾峠呼世晴
2867,Ufotable
2868,隅沢克之
2869,陈健鸿
2870,吕冠南
2871,许悦铭
2872,柴门文
2873,汤姆·弗林
2874,沃尔特·特维斯
2875,斯科特·弗兰克
2876,艾伦·斯科特
2877,殳俏
2878,成泽昌茂
2879,陈果
2880,保罗·拉弗蒂
2881,艾伦·索金
2882,川口松太郎
2883,陶秦
2884,依田义贤
2885,吕聿来
2886,樊菁
2887,蒋丽华
2888,山崎贵
2889,藤子·F·不二雄
2890,乔什·斯托博格
2891,皮特·古德芬格
2892,巴贝特·施罗德
2893,伊夫·米朗德
2894,亨利·让松
2895,约翰·斯卡尔齐
2896,马尔科·克鲁斯
2897,彼得·F·汉密尔顿
2898,阿拉斯泰尔·雷诺兹
2899,乔·R·兰斯代尔
2900,蒂姆·米勒
2901,贾尼斯·罗伯逊
2902,路遥
2903,布兰登·曼森
2904,阿丽萨·L·福格尔
2905,克里斯·博兰
2906,伊凡·阿特金森
2907,尼古拉斯·布赫里夫
2908,艾瑞克·贝斯纳
2909,马恩·戴维斯
2910,游晓颖
2911,玛丽莎·凯特·古德希尔
2912,饶晓志
2913,范翔
2914,李想
2915,迈克尔·科里塔
2916,泰勒·谢里丹
2917,凯瑟琳·阿普尔盖特
2918,麦克·怀特
2919,李祐汀
2920,大卫·戈登·格林
2921,路易斯·特伦克尔
2922,马天
2923,何念
2924,李扬
2925,任大炯
2926,伍思薇
2927,郭宇鹏
2928,卜钰
2929,孙集斌
2930,王宇
2931,贾玲
2932,刘宏禄
2933,中岛一基
2934,井原西鹤
2935,巴斯特·基顿
2936,克莱德·布鲁克曼
2937,斯蒂芬·加汉
2938,威尔·麦克马克
2939,Michael Govier
2940,安东尼·吉亚奇诺
2941,弗雷德里克·特里夫斯
2942,克里斯托弗·德沃雷
2943,阿什利·蒙塔古
2944,埃里克·伯格恩
2945,大卫·林奇
2946,Alessandro De Stefani
2947,奥古斯托·吉尼那
2948,Edoardo Anton
2949,崔铁志
2950,张宇
2951,埃默拉尔德·芬内尔
2952,舟桥和郎
2953,禹扬
2954,路阳
2955,秦海燕
2956,陈舒
2957,黑泽清
2958,野原位
2959,罗恩·切尔诺夫
2960,索菲·勒图讷尔
2961,Mathias Gavarry
2962,尼古拉斯·贝多斯
2963,山崎丰子
2964,井上由美子
2965,克里斯蒂安·穆勒克
2966,玛蒂厄·佩蒂特
2967,尼古拉·瓦尼埃
2968,丽露·弗格利
2969,克里斯·艾伯翰斯
2970,奥古斯特·威尔逊
2971,鲁本·桑地亚哥-哈德森
2972,佛罗莱恩·泽勒
2973,克里斯托弗·汉普顿
2974,野田高梧
2975,张家鲁
2976,翦以玟
2977,克里斯·特里奥
2978,扎克·施奈德
2979,乔·舒斯特
2980,杰里·西格尔
2981,威尔·比尔
2982,布鲁内洛·龙迪
2983,古军
2984,卡尔米内·加洛内
2985,S.A. Luciani
2986,Camillo Mariani Dell'Anguillara
2987,柳国庆
2988,大和屋晓
2989,沐川
2990,宮崎光代
2991,皮耶特罗·马切罗
2992,杰克·伦敦
2993,毛里齐奥·布拉奇
2994,久板荣二郎
2995,Gino Rocca
2996,Joseph Peyré
2997,Gino Valori
2998,阿黛勒·林
2999,阮基
3000,卡洛斯·洛佩斯·埃斯特拉达
3001,唐·霍尔
3002,迪恩·威林斯
3003,保罗·布里格斯
3004,基尔·默里
3005,约翰·瑞帕
3006,扎克·希尔兹
3007,麦克思·鲍伦斯坦
3008,迈克尔·道赫蒂
3009,让-皮埃尔·梅尔维尔
3010,奥古斯特·布里多
3011,阿方索·布雷西亚
3012,C·S·福里斯特
3013,拉杜·裘德
3014,约翰·休斯顿
3015,达希尔·哈米特
3016,李·以萨克·郑
3017,黄怡玫
3018,许承杰
3019,Matsuo Kishi
3020,清水宏
3021,Kei Moriyama
3022,韩今谅
3023,韩延
3024,李晗
3025,贾佳薇
3026,德里克·斯安弗朗斯
3027,达里尔斯·马德尔
3028,亚伯拉罕·马德尔
3029,稻垣浩
3030,若尾德平
3031,瓦伦丁·埃佐霍夫
3032,格利高利·丘赫莱依
3033,切萨雷·朱利奥·维奥拉
3034,Fulvio Palmieri
3035,Francesco Masoero
3036,大鹏
3037,真山青果
3038,原健一郎
3039,金百伦
3040,程伟豪
3041,陈彦齐
3042,斯派克·李
3043,凯文·威尔默特
3044,丹尼·比尔森
3045,保罗·德米奥
3046,奥利佛·斯通
3047,李昇
3048,高桥泉
3049,河濑直美
3050,辻村深月
3051,村松梢风
3052,雅罗斯拉夫·帕布塞科
3053,米洛斯·福尔曼
3054,罗臻
3055,Corrado Pavolini
3056,Armandeo Macaluso
3057,阿历山德罗·布拉塞蒂
3058,李克龙
3059,威尔·伯森
3060,沙卡·金
3061,基斯·卢卡斯
3062,肯尼斯·卢卡斯
3063,列夫·托尔斯泰
3064,Dave Johannson
3065,常远
3066,王志君
3067,冷旭阳
3068,Emi Gunji
3069,Tadashi Fujiwara
3070,Saburo Okada
3071,罗斯·格拉斯
3072,亚历山大·库普林
3073,伊桑·科恩
3074,邱刚健
3075,Cesare Ludovici
3076,Domenico Meccoli
3077,Callisto V. Vanzin
3078,谭宇力
3079,王思敏
3080,支雅卿
3081,托马斯·伯祖查
3082,拉里·沃森
3083,高島達之助
3084,泉镜花
3085,内尔斯·班格特
3086,克斯汀·约翰逊
3087,夏目漱石
3088,埃马纽埃尔·穆雷
3089,奎因·K·雷德克
3090,迈克尔·西米诺
3091,路易斯·加芬克尔
3092,德里克·沃什伯恩
3093,托尼·莫费特
3094,彼得·威尔
3095,落落
3096,库尔蒂亚·纽兰德
3097,史蒂夫·麦奎因
3098,张少初
3099,易小星
3100,奥逊·威尔斯
3101,惠特·马斯特森
3102,李智敏
3103,禹民镐
3104,Ryunosuke Shimizu
3105,许慧晶
3106,山岸菊美
3107,罗伯特·艾格斯
3108,William Tennant
3109,麦克斯·朱利恩
3110,何玥妮
3111,王昂
3112,卡塔·韦伯
3113,塞缪尔·霍普金斯·亚当斯
3114,浅野妙子
3115,子母泽宽
3116,刘浩良
3117,洪亮
3118,杰西卡·布鲁德
3119,中村努
3120,中冈京平
3121,胜新太郎
3122,市山達巳
3123,邹静之
3124,马里奥·科雷亚
3125,马修·迈克尔·卡纳汉
3126,纳撒尼尔·里奇
3127,服部佳子
3128,蒂姆·克拉贝
3129,乔治·斯鲁依泽
3130,靳蜀美
3131,保罗·韦尼克
3132,派蒂·杰金斯
3133,乔夫·琼斯
3134,犬冢稔
3135,丹·哈格曼
3136,凯文·哈格曼
3137,直居欽哉
3138,杨薇薇
3139,李慧研
3140,冉平
3141,冉甲男
3142,伊恩·里德
3143,查理·考夫曼
3144,弗兰克·皮尔森
3145,唐·皮尔斯
3146,Hal Dresner
3147,山田隆之
3148,安田公义
3149,彼得·巴恩斯
3150,查克·霍根
3151,米切尔·朱可夫
3152,张耀升
3153,钟孟宏
3154,乔纳森·雷蒙德
3155,凯莉·莱卡特
3156,梁璐璐
3157,王丹阳
3158,本·萨弗迪
3159,罗纳德·布隆斯坦
3160,约书亚·萨弗迪
3161,冈本喜八
3162,吉田哲郎
3163,杰克·芬奇
3164,猿若清方
3165,雅克·贝克
3166,何塞·乔凡尼
3167,狄龙
3168,克里斯托弗·马库斯
3169,斯蒂芬·麦克菲利
3170,弗朗西斯·李
3171,顾晓刚
3172,笠原良三
3173,尼古拉斯·派勒吉
3174,张冀
3175,艾什姆·内尔姆斯
3176,伊恩·内尔姆斯
3177,中岛丈博
3178,Prami Larsen
3179,谢茜颖
3180,高岩肇
3181,蒂洛·罗斯切森
3182,基·霍普金斯
3183,米夏埃尔·赫尔比希
3184,卡尔·西奥多·德莱叶
3185,林千鶴
3186,伊藤大辅
3187,浅井昭三郎
3188,周运海
3189,波尔·克努森
3190,紫金陈
3191,刘国庆
3192,威廉姆·高德曼
3193,霍华德·塞克勒
3194,内特·李
3195,约什·布恩
3196,星川清司
3197,松村正温
3198,葛瑞
3199,黄绮琳
3200,穆罕默德·拉索罗夫
3201,太田昭和
3202,子母沢寛
3203,潘幸枝
3204,孙浩洋
3205,李·哈尔
3206,林兵
3207,弗洛伦斯·赖尔森
3208,埃德加·艾伦·伍尔夫
3209,诺埃尔·兰利
3210,常爱君
3211,郑执
3212,布赖恩·韦弗
3213,大卫·H·斯坦伯格
3214,威利斯·霍尔
3215,基斯·沃特豪斯
3216,李沧东
3217,吴胜旭
3218,郑世朗
3219,卓韵芝
3220,尹志文
3221,保罗·舒尔灵
3222,邢爱娜
3223,高建国
3224,纽纳利·约翰逊
3225,约翰·斯坦贝克
3226,布鲁斯·罗宾逊
3227,舒菊
3228,爱丽丝·伯奇
3229,萨莉·鲁尼
3230,马克·奥罗
3231,凯瑞·柯克帕特里克
3232,约翰·奥法雷尔
3233,马克·伯顿
3234,彼得·洛伊德
3235,施柏林
3236,黎兆钧
3237,刘永泰
3238,黄咏诗
3239,帕迪·查耶夫斯基
3240,刘翁
3241,Elmer Plummer
3242,Sylvia Moberly-Holland
3243,Lee Blair
3244,张挺
3245,马楚成
3246,吉野智美
3247,刘骐
3248,普莱斯顿·斯特奇斯
3249,潘垒
3250,吉姆·泰勒
3251,雷克斯·皮克特
3252,亚历山大·佩恩
3253,朱尔斯·达辛
3254,达斯汀·兰斯·布莱克
3255,苏珊娜·格兰特
3256,迈克尔·夏邦
3257,贝基·莫德
3258,肯·阿姆斯特朗
3259,艾莱·沃尔德曼
3260,T·克里斯蒂安·米勒
3261,珍妮弗·舒尔
3262,段炼
3263,陶日成
3264,杨丹
3265,宋文
3266,李宗雷
3267,基思·布宁
3268,丹·斯坎隆
3269,克里斯·马克
3270,埃里克·哈奇
3271,莫里·里斯金德
3272,申江
3273,伊藤和典
3274,士郎正宗
3275,阿杰诺雷·因克罗奇
3276,富里奥·斯卡佩利
3277,布鲁斯·A·埃文斯
3278,雷纳尔多·吉迪恩
3279,高桥洋
3280,一濑隆重
3281,石岗
3282,埃里克·海瑟尔
3283,凯文·范霍克
3284,杰夫·瓦德洛
3285,冲方丁
3286,藤咲淳一
3287,雅克·塔蒂
3288,Matruka
3289,Chiio Kimura
3290,木村千疋男
3291,菊池宽
3292,十一谷義三郎
3293,畑本秋一
3294,Jacques Lagrange
3295,亨利·马尔凯
3296,Pierre Aubert
3297,张曾泽
3298,魏德圣
3299,林纪陶
3300,陈咏燊
3301,陈小娟
3302,曼纽尔·科姆罗夫
3303,詹姆斯·范德比尔特
3304,J.O.C. Orton
3305,安格斯·麦克费尔
3306,道格·曼德
3307,休·洛夫廷
3308,丹·格雷戈尔
3309,大卫·利兰
3310,尼尔·乔丹
3311,Adrian McDowall
3312,Simon Ellis
3313,迈克·李
3314,Asif Kapadia
3315,突尼斯
3316,卢森堡
3317,葡萄牙
3318,中国
3319,肖申克的救赎
3320,霸王别姬
3321,阿甘正传
3322,泰坦尼克号
3323,这个杀手不太冷
3324,美丽人生
3325,千与千寻
3326,辛德勒的名单
3327,盗梦空间
3328,忠犬八公的故事
3329,星际穿越
3330,楚门的世界
3331,海上钢琴师
3332,三傻大闹宝莱坞
3333,机器人总动员
3334,放牛班的春天
3335,无间道
3336,疯狂动物城
3337,大话西游之大圣娶亲
3338,熔炉
3339,教父
3340,控方证人
3341,当幸福来敲门
3342,触不可及
3343,怦然心动
3344,龙猫
3345,末代皇帝
3346,蝙蝠侠：黑暗骑士
3347,寻梦环游记
3348,活着
3349,哈利·波特与魔法石
3350,指环王3：王者无敌
3351,乱世佳人
3352,素媛
3353,飞屋环游记
3354,摔跤吧！爸爸
3355,我不是药神
3356,何以为家
3357,十二怒汉
3358,哈尔的移动城堡
3359,少年派的奇幻漂流
3360,鬼子来了
3361,大话西游之月光宝盒
3362,猫鼠游戏
3363,天空之城
3364,天堂电影院
3365,指环王2：双塔奇兵
3366,闻香识女人
3367,钢琴家
3368,罗马假日
3369,让子弹飞
3370,海蒂和爷爷
3371,指环王1：护戒使者
3372,黑客帝国
3373,大闹天宫
3374,辩护人
3375,教父2
3376,死亡诗社
3377,狮子王
3378,绿皮书
3379,搏击俱乐部
3380,饮食男女
3381,美丽心灵
3382,本杰明·巴顿奇事
3383,窃听风暴
3384,情书
3385,穿条纹睡衣的男孩
3386,两杆大烟枪
3387,西西里的美丽传说
3388,看不见的客人
3389,拯救大兵瑞恩
3390,音乐之声
3391,飞越疯人院
3392,小鞋子
3393,阿凡达
3394,哈利·波特与死亡圣器(下)
3395,沉默的羔羊
3396,海豚湾
3397,致命魔术
3398,禁闭岛
3399,布达佩斯大饭店
3400,美国往事
3401,蝴蝶效应
3402,心灵捕手
3403,低俗小说
3404,春光乍泄
3405,摩登时代
3406,七宗罪
3407,喜剧之王
3408,致命ID
3409,杀人回忆
3410,功夫
3411,被嫌弃的松子的一生
3412,加勒比海盗
3413,哈利·波特与阿兹卡班的囚徒
3414,超脱
3415,红辣椒
3416,狩猎
3417,请以你的名字呼唤我
3418,7号房的礼物
3419,剪刀手爱德华
3420,勇敢的心
3421,断背山
3422,唐伯虎点秋香
3423,入殓师
3424,天使爱美丽
3425,第六感
3426,哈利·波特与密室
3427,重庆森林
3428,爱在黎明破晓前
3429,幽灵公主
3430,一一
3431,小森林
3432,蝙蝠侠：黑暗骑士崛起
3433,阳光灿烂的日子
3434,菊次郎的夏天
3435,超能陆战队
3436,完美的世界
3437,无人知晓
3438,消失的爱人
3439,爱在日落黄昏时
3440,倩女幽魂
3441,借东西的小人阿莉埃蒂
3442,甜蜜蜜
3443,侧耳倾听
3444,幸福终点站
3445,萤火之森
3446,驯龙高手
3447,时空恋旅人
3448,玛丽和马克思
3449,怪兽电力公司
3450,教父3
3451,大鱼
3452,一个叫欧维的男人决定去死
3453,告白
3454,玩具总动员3
3455,傲慢与偏见
3456,神偷奶爸
3457,阳光姐妹淘
3458,釜山行
3459,射雕英雄传之东成西就
3460,寄生虫
3461,被解救的姜戈
3462,恐怖直播
3463,未麻的部屋
3464,哪吒闹海
3465,血战钢锯岭
3466,我是山姆
3467,头号玩家
3468,哈利·波特与火焰杯
3469,新世界
3470,七武士
3471,喜宴
3472,模仿游戏
3473,黑客帝国3：矩阵革命
3474,花样年华
3475,电锯惊魂
3476,头脑特工队
3477,三块广告牌
3478,卢旺达饭店
3479,你的名字。
3480,达拉斯买家俱乐部
3481,疯狂原始人
3482,上帝之城
3483,谍影重重3
3484,风之谷
3485,英雄本色
3486,心迷宫
3487,纵横四海
3488,惊魂记
3489,九品芝麻官
3490,岁月神偷
3491,海街日记
3492,记忆碎片
3493,忠犬八公物语
3494,荒蛮故事
3495,绿里奇迹
3496,爱在午夜降临前
3497,爆裂鼓手
3498,贫民窟的百万富翁
3499,小偷家族
3500,真爱至上
3501,东邪西毒
3502,无敌破坏王
3503,色，戒
3504,疯狂的石头
3505,冰川时代
3506,黑天鹅
3507,你看起来好像很好吃
3508,雨中曲
3509,恐怖游轮
3510,2001太空漫游
3511,雨人
3512,恋恋笔记本
3513,魔女宅急便
3514,萤火虫之墓
3515,城市之光
3516,遗愿清单
3517,茶馆
3518,可可西里
3519,大佛普拉斯
3520,虎口脱险
3521,无间道2
3522,牯岭街少年杀人事件
3523,人工智能
3524,初恋这件小事
3525,源代码
3526,海边的曼彻斯特
3527,东京教父
3528,罗生门
3529,背靠背，脸对脸
3530,终结者2：审判日
3531,二十二
3532,奇迹男孩
3533,小丑
3534,青蛇
3535,房间
3536,波西米亚狂想曲
3537,新龙门客栈
3538,疯狂的麦克斯4：狂暴之路
3539,无耻混蛋
3540,魂断蓝桥
3541,血钻
3542,步履不停
3543,黑客帝国2：重装上阵
3544,千钧一发
3545,彗星来的那一夜
3546,战争之王
3547,崖上的波妞
3548,燃情岁月
3549,谍影重重2
3550,爱乐之城
3551,阿飞正传
3552,海洋
3553,谍影重重
3554,心灵奇旅
3555,穿越时空的少女
3556,再次出发之纽约遇见你
3557,香水
3558,地球上的星星
3559,火星救援
3560,朗读者
3561,我爱你
3562,完美陌生人
3563,末路狂花
3564,千年女优
3565,驴得水
3566,聚焦
3567,小萝莉的猴神大叔
3568,奇迹·笨小孩
3569,玫瑰岛的不可思议的历史
3570,七年之痒
3571,庆典
3572,警察
3573,午夜狂奔
3574,马路天使
3575,新蝙蝠侠
3576,龙凤配
3577,秦时明月之一舞倾城
3578,倒扣的王牌
3579,永恒族
3580,君子协定
3581,鲁冰花
3582,浅田家！
3583,柏林艳史
3584,白酋长
3585,愤怒青年
3586,朝圣之路
3587,熊出没·重返地球
3588,月球陨落
3589,璇宫艳舞
3590,与我同行
3591,这个杀手不太冷静
3592,阿波罗10?号：太空时代的童年
3593,艳曲迷魂
3594,狙击手
3595,塔米·菲的眼睛
3596,篮球女王
3597,漫长的告别
3598,皆为爱
3599,开罗谍报战
3600,爱情狂奔
3601,豪客
3602,涉足荒野
3603,错位
3604,忠勇之家
3605,波斯语课
3606,大人与小孩
3607,光棍儿
3608,蠢蛋搞怪到永远
3609,良宵苦短
3610,古董局中局
3611,打开心世界
3612,死亡工厂
3613,火球
3614,青山翠谷
3615,婚姻生活
3616,阿牛入城记
3617,大都会
3618,以年为单位的恋爱
3619,琴茧
3620,午夜
3621,门锁
3622,青春变形记
3623,妮诺契卡
3624,水俣曼荼罗
3625,反贪风暴5：最终章
3626,蜘蛛侠：英雄无归
3627,蓝胡子的第八任妻子
3628,偷吻
3629,龙虎走天涯
3630,深渊
3631,梅艳芳
3632,西区故事
3633,浮生若梦
3634,坏种
3635,雄狮少年
3636,小人物
3637,总是有爱在隔离
3638,穿过寒冬拥抱你
3639,古驰家族
3640,纪念品：第二部分
3641,爱之歌
3642,混合容器
3643,The
3644,Crack
3645,恒星
3646,色彩黑白研究
3647,黑冰
3648,为了玛丽莲
3649,Delicacies
3650,全神贯注的凝视
3651,愤怒之网
3652,夜间音乐
3653,Hell
3654,但丁四重奏
3655,我……做梦
3656,儿童游戏
3657,星辰美丽
3658,现世欢乐的花园
3659,荒野阴影
3660,眼之谜
3661,飞蛾之光
3662,水窗中的颤动婴儿
3663,翻绳作戏
3664,左拉传
3665,旺达幻视
3666,曾经相爱的我们
3667,太极拳
3668,意外空间
3669,白蛇传·情
3670,甘草披萨
3671,龙牌之谜
3672,守岛人
3673,一切顺利
3674,歌舞大王齐格飞
3675,海女
3676,叛舰喋血记
3677,大佬爱美丽
3678,误杀2
3679,贝尔法斯特
3680,空白
3681,龙的深处―失落的拼图
3682,布劳涅森林的女人们
3683,财星高照
3684,活泼的特丽萨
3685,乱世春秋
3686,李茂扮太子
3687,欢乐好声音2
3688,东京贵族女子
3689,飞龙再生
3690,无声
3691,犬之力
3692,冰川时代：巴克·怀尔德的冒险之旅
3693,成龙的特技
3694,扬名立万
3695,一个英雄
3696,玉面情魔
3697,成龙的传奇
3698,稻草狗
3699,鬼马两金刚
3700,火刑柱上的贞德
3701,长津湖之水门桥
3702,爱情神话
3703,小妈妈
3704,记忆
3705,超级计划
3706,我和我的父辈
3707,健听女孩
3708,正发生
3709,扭计杂牌军
3710,同学麦娜丝
3711,在你面前
3712,倒数时刻
3713,威龙猛探
3714,我好奇之蓝
3715,艳女还魂
3716,印度
3717,铁道英雄
3718,灵魂乐之夏
3719,浅草小子
3720,神勇双响炮
3721,无尽攀登
3722,安妮特
3723,麦克白的悲剧
3724,炮弹飞车2
3725,1950他们正年轻
3726,黑客帝国：矩阵重启
3727,世界上最糟糕的人
3728,迷你特攻队
3729,我好奇之黄
3730,五大汉
3731,啄木鸟和雨
3732,杀马特我爱你
3733,杰伊·比姆
3734,圣母
3735,龙少爷
3736,长津湖
3737,不要抬头
3738,女孩和蜘蛛
3739,三十六迷形拳
3740,好好拍电影
3741,魔法满屋
3742,新·福音战士剧场版：终
3743,女人
3744,新生化危机
3745,少林木人巷
3746,狗脸的岁月
3747,天网
3748,伴你高飞
3749,大饭店
3750,金猴降妖
3751,国王理查德
3752,法兰西特派
3753,密宗圣手
3754,405谋杀案
3755,算牌人
3756,忠烈图
3757,天赐灵机
3758,朱丽叶与梁山伯
3759,法兰西
3760,壮志千秋
3761,当我们仰望天空时看见什么？
3762,拍案惊奇
3763,肉体的代价
3764,舞衣
3765,听见天堂
3766,细路祥
3767,最后的决斗
3768,花飞满城春
3769,我这一辈子
3770,南法撩妹记
3771,百老汇旋律
3772,桃色公寓
3773,铁娃
3774,紫日
3775,鬼影实录：血亲
3776,码头大决斗
3777,绣巾蒙面盗
3778,朱门怨
3779,彗星美人
3780,剧场前
3781,魔法阿妈
3782,新小鬼当家
3783,鱿鱼游戏
3784,埋伏
3785,魁拔Ⅲ战神崛起
3786,毒液2
3787,北派功夫
3788,魁拔之大战元泱界
3789,007：无暇赴死
3790,合气道
3791,财色惊魂
3792,电单车
3793,浮云世事
3794,魁拔之十万火急
3795,尚气与十环传奇
3796,鬼怒川
3797,关于我妈的一切
3798,芬奇
3799,侠女
3800,阿Q正传
3801,名侦探柯南：绯色的子弹
3802,荒江女侠
3803,恐惧拉斯维加斯
3804,吃人井
3805,女人韵事
3806,不夜城
3807,法外之徒
3808,鱼美人
3809,峰爆
3810,百战将军
3811,梁山伯与祝英台
3812,一江春水向东流
3813,逃犯贝贝
3814,大小黄天霸
3815,蔑视
3816,捉鼠记
3817,爱·回家
3818,大学
3819,沙丘
3820,秦始皇陵的惊天秘密
3821,一直游到海水变蓝
3822,钛
3823,海神
3824,乌鸦与麻雀
3825,美好的世界
3826,温柔地杀我
3827,天堂里的烦恼
3828,少年与少妇
3829,死寂
3830,练习曲
3831,吉米玩转蒙特雷音乐节
3832,十分钟年华老去：小号篇
3833,权力的游戏
3834,太太万岁
3835,摩加迪沙
3836,和你在一起
3837,黑炮事件
3838,兹山鱼谱
3839,蒙特雷流行音乐节
3840,偷自行车的人
3841,吸毒者
3842,解除好友2：暗网
3843,盛夏未来
3844,驾驶我的车
3845,荆轲刺秦王
3846,怒火·重案
3847,哭泣的男人
3848,风月
3849,1921
3850,失控玩家
3851,边走边唱
3852,村戏
3853,洛克斯
3854,孩子王
3855,人咬狗
3856,疯狂大笨贼
3857,曼谷之夜
3858,囚
3859,明日之战
3860,大阅兵
3861,中国医生
3862,马尔姆克罗格庄园
3863,黄土地
3864,非常突然
3865,海边电影院
3866,菲利普·马洛
3867,飞向太空
3868,女人面面观
3869,解除好友
3870,小毕的故事
3871,真心的符号
3872,白蛇2：青蛇劫起
3873,与爱同居之永恒的爱
3874,搭错车
3875,两个遥远的陌生人
3876,甜姐儿
3877,跳房子
3878,夺命刺客
3879,迷雾
3880,稻草人
3881,再见，妈妈
3882,盘丝洞
3883,我的章鱼老师
3884,西游记之再世妖王
3885,鸣鸟不飞：乌云密布
3886,早知当初我唔嫁
3887,捕鼠者
3888,东城梦魇
3889,早熟
3890,敦煌
3891,人·鬼·情
3892,黑白魔女库伊拉
3893,当男人恋爱时
3894,猛禽小队和哈莉·奎茵
3895,全金属外壳
3896,热带鱼
3897,花束般的恋爱
3898,孤星血泪
3899,巴黎屋檐下
3900,鬼马小天使
3901,帝国的毁灭
3902,小岛惊魂
3903,革命者
3904,浪客剑心
3905,了不起的老爸
3906,X特遣队：全员集结
3907,燃野少年的天空
3908,史密斯先生到华盛顿
3909,速度与激情9
3910,儿女债
3911,贵在真诚
3912,多嘴街
3913,万能钥匙
3914,冷血狂宴
3915,偶然与想象
3916,热带雨
3917,桂河大桥
3918,酒精计划
3919,我的1919
3920,眼泪之盐
3921,危楼春晓
3922,愤怒的公牛
3923,我的天才女友
3924,天才一族
3925,洋妓
3926,记忆切割
3927,美利坚女士
3928,超越
3929,住在空中
3930,引见
3931,你的婚礼
3932,比得兔2：逃跑计划
3933,黑寡妇
3934,千万人家
3935,心灵与智慧
3936,恶虎村
3937,青春1000日
3938,潜伏
3939,大决战之淮海战役
3940,恶魔
3941,小羊肖恩
3942,惠特妮
3943,爱情公寓
3944,亲情保卫战
3945,两天一夜
3946,德意志零年
3947,我们为何骑车
3948,爱情
3949,为奴十二年
3950,救火英雄
3951,飞机总动员2：火线救援
3952,战火
3953,我要我们在一起
3954,码头风云
3955,在京都小住
3956,上海王2
3957,喜剧
3958,上海王
3959,寂静之地2
3960,你好世界
3961,苦海明灯
3962,东京奥林匹克
3963,通电
3964,洪拳与咏春
3965,夜奔
3966,夏日友晴天
3967,悬崖之上
3968,鬼灭之刃
3969,半妖的夜叉姬
3970,追虎擒龙
3971,东京爱情故事
3972,多哥
3973,朋友
3974,后翼弃兵
3975,秘密访客
3976,标准之外
3977,逃走的女人
3978,赤线地带
3979,去年烟花特别多
3980,对不起，我们错过了你
3981,芝加哥七君子审判
3982,杨贵妃
3983,扫黑·决战
3984,哆啦A梦：伴我同行2
3985,电锯惊魂9：漩涡
3986,新平家物语
3987,阿敏将军
3988,少林五祖
3989,舞会名册
3990,爱，死亡和机器人
3991,人生
3992,隐秘的爱
3993,人之怒
3994,谣言的女人
3995,我的姐姐
3996,绅士们
3997,远走高飞
3998,近松物语
3999,人潮汹涌
4000,那些希望我死的人
4001,独一无二的伊万
4002,祇园歌女
4003,请回答1988
4004,乔治·华盛顿
4005,少林子弟
4006,加利福尼亚的皇帝
4007,21克拉
4008,致允熙
4009,真心半解
4010,武藏野夫人
4011,你好，李焕英
4012,蜂蜜之地
4013,普罗米亚
4014,西鹤一代女
4015,将军号
4016,毒品网络
4017,五虎将
4018,无论如何我爱你
4019,柯莱特
4020,象人
4021,阿尔卡扎尔之围
4022,熊出没·狂野大陆
4023,教宗的承继
4024,前程似锦的女孩
4025,雪夫人绘图
4026,刺杀小说家
4027,间谍之妻
4028,汉密尔顿
4029,太棒了
4030,好梦一日游
4031,白色巨塔
4032,给我翅膀
4033,女优须磨子之恋
4034,许愿神龙
4035,蓝调天后
4036,困在时间里的父亲
4037,女性的胜利
4038,侍神令
4039,波士顿市政厅
4040,扎克·施奈德版正义联盟
4041,歌女五美图
4042,朱丽叶与魔鬼
4043,红孩儿
4044,女人与海
4045,T省的84·85年
4046,数码宝贝：最后的进化
4047,我的爱在燃烧
4048,新神榜：哪吒重生
4049,37秒
4050,马丁·伊登
4051,夜之女
4052,利比亚骑兵
4053,寻龙传说
4054,哥斯拉大战金刚
4055,赌徒鲍伯
4056,三超人与女霸王
4057,灰猎犬号
4058,倒霉性爱，发狂黄片
4059,马耳他之鹰
4060,米纳里
4061,名刀美女丸
4062,孤味
4063,里夫金的电影节
4064,必胜歌
4065,送你一朵小红花
4066,金属之声
4067,宫本武藏
4068,士兵之歌
4069,巴黎艳遇
4070,空军敢死队
4071,吉祥如意
4072,迈阿密的一夜
4073,元禄忠臣藏
4074,缉魂
4075,誓血五人组
4076,疤面煞星
4077,拆弹专家2
4078,晨曦将至
4079,残菊物语
4080,消防员舞会
4081,爱心千万万
4082,钢盔
4083,大红包
4084,犹大与黑弥赛亚
4085,爱怨峡
4086,老爷车
4087,温暖的抱抱
4088,阿雅与魔女
4089,浪华悲歌
4090,晴雅集
4091,圣人莫德
4092,祇园姊妹
4093,冰血暴
4094,金发女郎的爱情
4095,摄青鬼
4096,阿布纳·梅西阿斯
4097,紧急救援
4098,让他走
4099,折纸鹤的阿千
4100,迪克·约翰逊的去世
4101,虞美人草
4102,所言所行
4103,谋杀绿脚趾
4104,猎鹿人
4105,玛利亚的阿雪
4106,最后大浪
4107,大老千
4108,槟加西
4109,如果声音不记得
4110,情人的摇滚
4111,白绢之瀑
4112,沐浴之王
4113,历劫佳人
4114,南山的部长们
4115,故乡之歌
4116,棒！少年
4117,天穆
4118,最后的座头市
4119,女巫
4120,女金刚斗狂龙女
4121,幻影
4122,我和我的家乡
4123,女人的碎片
4124,一夜风流
4125,女座头市
4126,除暴
4127,无依之地
4128,座头市
4129,一秒钟
4130,黑水
4131,新座头市物语：笠间的血祭
4132,神秘失踪
4133,的士大佬
4134,鬼影特攻：以暴制暴
4135,神奇女侠1984
4136,新座头市物语：断杖
4137,疯狂原始人2
4138,座头市御用旅
4139,赤狐书生
4140,我想结束这一切
4141,铁窗喋血
4142,座头市与独臂刀
4143,豪门怪杰
4144,嬉笑怒骂
4145,危机13小时
4146,阳光普照
4147,第一头牛
4148,座头市大战火神庙
4149,喜宝
4150,原钻
4151,座头市与用心棒
4152,金刚川
4153,曼克
4154,座头市喧哗太鼓
4155,洞
4156,后生
4157,付出与收获
4158,菊石
4159,座头市战帖
4160,春江水暖
4161,信条
4162,座头市血烟街道
4163,赌城风云
4164,夺冠
4165,追杀胖老爹
4166,座头市之逃狱
4167,报童
4168,我的工作
4169,鬼话连篇
4170,座头市铁火旅
4171,姜子牙
4172,座头市渡海
4173,听见座头市的歌声
4174,气球
4175,葛楚
4176,搭错线
4177,卢佩夫人
4178,座头市地狱旅
4179,急先锋
4180,座头市逆手斩
4181,一点就到家
4182,座头市二段斩
4183,复仇之日
4184,沉默的真相
4185,虎豹小霸王
4186,血滴子
4187,杀手之吻
4188,新变种人
4189,座头市关所破
4190,座头市血笑旅
4191,座头市恣意的风筝
4192,八佰
4193,灰色花园
4194,中国超人
4195,野战排
4196,黄金时代
4197,金都
4198,无邪
4199,座头市千两首
4200,座头市喧哗旅
4201,麦路人
4202,座头市凶状旅
4203,隐秘的角落
4204,推销员
4205,跳出我天地
4206,新死亡游戏
4207,绿野仙踪
4208,新·座头市物语
4209,星期四星期三
4210,续座头市物语
4211,我在时间尽头等你
4212,美国派9
4213,阿涅斯·瓦尔达在这里和那里
4214,说谎者比利
4215,神打
4216,绿鱼
4217,灵能教师安恩英
4218,香火
4219,阿涅斯的海滩
4220,出埃及记
4221,越狱
4222,五至七时的克莱奥：回忆与逸事
4223,阿涅斯·瓦尔达定格
4224,绿草地
4225,愤怒的葡萄
4226,易迪莎，熊及其他
4227,广告之王
4228,双星伴月
4229,正常人
4230,小鸡快跑
4231,催眠·裁决
4232,艾格妮捡风景：两年后
4233,公主复仇记
4234,拾穗者
4235,电视台风云
4236,恭喜八婆
4237,雅克·德米的世界
4238,我与长指甲
4239,贼公计小偷才
4240,幻想曲
4241,洛城少女二十五岁
4242,南特的雅克·德米
4243,花木兰
4244,妄想代理人
4245,功夫大师
4246,苏利文的旅行
4247,情锁
4248,杯酒人生
4249,千面珍宝金
4250,墙的呢喃
4251,一个唱，一个不唱
4252,男人的争斗
4253,色中饿鬼
4254,米尔克
4255,达格雷街风情
4256,难以置信
4257,瑙西卡
4258,抵达之谜
4259,1/2的魔法
4260,远离越南
4261,我的戈弗雷
4262,女捕快
4263,薄荷糖
4264,幸福
4265,短岬村
4266,攻壳机动队
4267,圣母街上的大人物
4268,伴我同行
4269,咒怨：诅咒之家
4270,同居
4271,绿洲
4272,喋血战士
4273,攻壳机动队AAA
4274,攻壳机动队：崛起5
4275,玩乐时间
4276,逃亡
4277,塔奇克马的日常
4278,朝日は輝く
4279,东京进行曲
4280,唐人阿吉
4281,战略高手
4282,攻壳机动队：崛起4
4283,于洛先生的假期
4284,恶霸
4285,诗
4286,赛德克·巴莱
4287,三夫
4288,逆流大叔
4289,沦落人
4290,攻壳机动队：崛起3
4291,放荡的女皇
4292,马哥波罗
4293,十二宫
4294,一路顺风
4295,多力特的奇幻冒险
4296,少林海灯法师
4297,鼠胆龙威
4298,攻壳机动队：崛起2
4299,蒙娜丽莎
4300,谁是我最喜爱的女孩
4301,联合王国一瞥
4302,说谎
4303,荡寇志
4304,短发和卷发
4305,盗羊贼
4306,约翰·韦恩的崇拜者
4307,咫尺天涯
4308,兜风
4309,家
4310,吃口香糖的女孩
4311,煤气收费员
4312,八岁男孩
4313,亲爱的电话
4314,男孩和自行车的故事
4315,恐惧与欲望
4316,一个女孩的故事
4317,Screen
4318,感觉
4319,卡门
4320,午后的迷惘
4321,卢翁情史
4322,圆山上的孤独灵魂
4323,DE原则
4324,宇宙追缉令
4325,逝者名单
4326,托里·塔特：办公室后场控位
4327,终点酒吧
4328,黄金花
4329,文森特
4330,黎明印象
4331,自由
4332,五尺男儿成长记
4333,共进午餐
4334,夜心曲
4335,龙之吻
4336,选举之夜
4337,小号的秘密
4338,无头男人
4339,尾声
4340,谈话
4341,煤油车
4342,荒唐童话
4343,光荣的世界
4344,复印店
4345,错乱
4346,波莱罗舞鼓手
4347,冰箱
4348,<特写镜头>的首映日
4349,攻壳机动队2.0
4350,懦弱
4351,马车夫
4352,坐火车的女人
4353,政变
4354,时间终结四重奏
4355,舅舅
4356,铲车司机克劳斯——第一个工作日
4357,我的父亲100岁了
4358,希特勒奏鸣曲
4359,两车一夜
4360,袭击面包店
4361,阿牛出狱记
4362,大开眼戒
4363,叔·叔
4364,点五步
4365,老妇与鸽子
4366,在冰上
4367,审判
4368,黄蜂
4369,追踪眼前人
4370,自由和祖国
4371,再见TNS
4372,夏洛特和她的情人
4373,所有的男生都叫派翠克
4374,所谓童年
4375,谁都要走一回
4376,图像转换
4377,让的变形
4378,纪念侯麦
4379,混凝土作业
4380,话语的力量
4381,攻壳机动队SSS
4382,电影史-4A
4383,电影史-3B
4384,电影史-3A
4385,心中天网岛
4386,电影史-2B
4387,小情人大风波
4388,行者
4389,阿牛发达记
4390,翠丝
4391,暴疯语
4392,大刀王五
4393,攻壳机动队SAC
4394,淑女伊芙
4395,归来的醉鬼
4396,八道楼子
4397,电影史-2A
4398,正午
4399,大乐师．为爱配乐
4400,29+1
4401,人间·小团圆
4402,万重浪
4403,一夜
4404,攻壳机动队SAC：笑面男
4405,兄弟
4406,呼喊与细语
4407,猛龙过江
4408,八国联军
4409,当戈达尔遇见伍迪艾伦
4410,别做梦了
4411,巴黎人的香烟
4412,Schick
4413,Closed
4414,夜长梦多
4415,21世纪的起源
4416,黑太阳南京大屠杀
4417,致弗瑞迪?比阿许的信
4418,向萨拉热沃致敬
4419,关于影片《万福玛丽亚》的手记
4420,《各自逃生》的剧本
4421,近闻记录
4422,葛卢莫夫的日记
4423,帕索里尼采访庞德
4424,萨那的城墙
4425,女人苦与乐
4426,情感罗曼诗
4427,攻壳机动队2：无罪
4428,白静草原
4429,寻找塔奇奥
4430,野兽男孩Video精选
4431,公共事务
4432,四王一后
4433,攻壳机动队：SAC_2045
4434,瓦哈卡的破灭
4435,谢尔盖·爱森斯坦：梅兰芳演出
4436,伊凡雷帝3
4437,一位老太太的故事
4438,给我一个爸
4439,出轨的女人
4440,集中营的记忆
4441,女警察
4442,女孩的战地滑板课
4443,大巧局
4444,热天午后
4445,杀手
4446,大追捕
4447,贝蕾妮丝
4448,变化的风貌
4449,小人物，加油吧！
4450,当代女大学生
4451,蒙福孔的农妇
4452,喝咖啡
4453,我们一家人
4454,狂凶记
4455,关于帕斯卡尔的对话
4456,冲破铁幕
4457,东风破
4458,夏目友人帐
4459,艳贼
4460,苦雨恋春风
4461,赌王大骗局
4462,天兆
4463,梵·高
4464,大蓝湖
4465,侧颜
4466,他们已不再变老
4467,群鸟
4468,线人
4469,金发男子
4470,街角事件
4471,高更
4472,音乐人生
4473,格尔尼卡
4474,痛苦与荣耀
4475,伸冤记
4476,全世界的记忆
4477,顽皮鬼
4478,为塑胶唱歌
4479,深锁春光一院愁
4480,香港奇案
4481,越狱特别篇：最后一越
4482,你这么好的女孩在这里干什么
4483,剃须记
4484,最大的小小农场
4485,心魔
4486,新咒怨(美版)
4487,擒凶记
4488,李小龙我的兄弟
4489,岚电
4490,捉贼记
4491,青苔
4492,绝地战警：疾速追击
4493,怪尸案
4494,我走我路
4495,辞郎洲
4496,绝地战警2
4497,十分爱
4498,蜜蜂与远雷
4499,电话谋杀案
4500,跟踪
4501,我的一级兄弟
4502,贞德
4503,忏情记
4504,野·良犬
4505,巴克劳
4506,列夫·朗道：娜塔莎
4507,火车怪客
4508,黑水仙
4509,人生七年9
4510,流星蝴蝶剑
4511,人生七年8
4512,姨妈的后现代生活
4513,死无对证
4514,旅途的结束，世界的开始
4515,欲海惊魂
4516,四大天王
4517,决战中途岛
4518,纽约的一个雨天
4519,风流夜合花
4520,饺子
4521,刺猬索尼克
4522,从不，很少，有时，总是
4523,夺魂索
4524,没有面孔的恶魔
4525,五毒天罗
4526,黎明墙
4527,天·火
4528,从宫本到你
4529,火口的两人
4530,凄艳断肠花
4531,阿波罗11号
4532,误杀
4533,悲惨世界
4534,变身特工
4535,美人计
4536,我为你牺牲
4537,星球大战9：天行者崛起
4538,真相
4539,人生七年7
4540,怒海孤舟
4541,变形怪体
4542,幽浮魔点
4543,老夫子
4544,1917
4545,海南鸡饭
4546,小委托人
4547,别告诉她
4548,海角擒凶
4549,肥龙过江
4550,小妇人
4551,孟买酒店
4552,理查德·朱维尔的哀歌
4553,史密斯夫妇
4554,受益人
4555,诱饵
4556,勇敢者游戏2：再战巅峰
4557,深闺疑云
4558,怪谈
4559,索命
4560,安吉里卡奇遇
4561,半个喜剧
4562,爆炸新闻
4563,朱迪
4564,蝴蝶梦
4565,鬼域
4566,半世界
4567,火箭人
4568,人生七年6
4569,海外特派员
4570,叶问4：完结篇
4571,维塔利娜·瓦雷拉
4572,小宽宽
4573,冰雪奇缘2
4574,人生七年5
4575,铁人28
4576,犬夜叉
4577,牙买加旅店
4578,南方车站的聚会
4579,爱情是什么
4580,乔乔的异想世界
4581,邻居的窗
4582,再见，嘴唇
4583,双峰
4584,年轻姑娘
4585,姐妹情仇
4586,无法无天飞车党
4587,曾经
4588,宠爱
4589,大西洋
4590,人生七年4
4591,阴谋破坏
4592,只有芸知道
4593,行骗天下JP：浪漫篇
4594,第一滴血5：最后的血
4595,间谍
4596,两只老虎
4597,雪人奇缘
4598,终结者：黑暗命运
4599,三十九级台阶
4600,伊凡雷帝2
4601,妹妹
4602,勿忘我
4603,发之爱
4604,女儿
4605,正义仍缺席
4606,春分兄弟
4607,香港奇案之二：凶杀
4608,神圣车行
4609,犯罪现场
4610,骡子
4611,航海王：狂热行动
4612,维也纳的华尔兹
4613,大约在冬季
4614,极速车王
4615,女孩
4616,无主之作
4617,小戏骨：黄飞鸿
4618,我在雨中等你
4619,沉睡魔咒2
4620,人生七年3
4621,十七号
4622,亚历山大·涅夫斯基
4623,飞龙斩
4624,影像之书
4625,少年的你
4626,82年生的金智英
4627,人生七年2
4628,人生七年1
4629,美国工厂
4630,奇怪的富翁
4631,中国机长
4632,面子游戏
4633,小小的愿望
4634,摇摆狂潮
4635,燃烧女子的肖像
4636,我和吸铁石和一个死去的朋友
4637,兔耳袋狸
4638,灵魂
4639,小野猫与斗牛犬
4640,大唐漠北的最后一次转账
4641,舍与得
4642,绝杀慕尼黑
4643,玛丽
4644,伊凡雷帝
4645,江湖子弟
4646,忧郁症
4647,我和我的祖国
4648,舞女大盗
4649,谋杀
4650,蝴蝶
4651,双子杀手
4652,婚姻故事
4653,爱尔斯特的呼声
4654,唐顿庄园
4655,朱诺和孔雀
4656,卖花女
4657,死囚
4658,鲸骑士
4659,纪念品
4660,孟克斯人
4661,龙之家族
4662,利刃出鞘
4663,平原上的夏洛克
4664,攀登者
4665,小丑回魂2
4666,讹诈
4667,伊莎贝拉
4668,香槟
4669,不速之客
4670,好莱坞往事
4671,瀛台泣血
4672,乱世忠魂
4673,非自然死亡
4674,天气之子
4675,恋之风景
4676,水性杨花
4677,忘不了
4678,农家妇
4679,叶问之九龙城寨
4680,下坡路
4681,卖艺春秋
4682,酒帘
4683,决胜时刻
4684,拳击场
4685,诛仙1
4686,愤怒的小鸟2
4687,房客
4688,甘地传
4689,罗小黑战记
4690,假面
4691,欢乐园
4692,犯罪元素
4693,李小龙与我
4694,双峰：遗失的碎片
4695,旺角黑夜
4696,斩、
4697,白影
4698,异度空间
4699,安娜
4700,劫匪
4701,沉默的证人
4702,名侦探柯南：绀青之拳
4703,快球时刻
4704,W.C.费尔得斯-六短片
4705,蛇王子
4706,双峰：与火同行
4707,大丈夫
4708,灵欲春宵
4709,公主新娘
4710,哆啦A梦：大雄的月球探险记
4711,麦克法兰
4712,烈火英雄
4713,人尽皆知
4714,选秀日
4715,银河补习班
4716,速度与激情：特别行动
4717,三日刺杀
4718,银行妙探
4719,八部半
4720,我们与恶的距离
4721,毒后秘史
4722,革命往事
4723,见鬼
4724,丧尸未逝
4725,黑白祖孙情
4726,玩具总动员4
4727,使徒行者2：谍影行动
4728,爱宠大机密2
4729,合伙人
4730,地久天长
4731,X战警：黑凤凰
4732,新女儿
4733,上帝创造女人
4734,狐天狐地
4735,犬夜叉：红莲之蓬莱岛
4736,游园惊梦
4737,江湖浪子
4738,不要碰我
4739,关键一票
4740,瘦身男女
4741,菊与断头台
4742,布鲁克斯先生
4743,上海堡垒
4744,同义词
4745,惊涛大冒险
4746,五至七时的克莱奥
4747,蔡李佛小子
4748,大路
4749,突然死亡
4750,扫毒2天地对决
4751,铃木家的谎言
4752,愤怒之上
4753,三更
4754,黑衣人：全球追缉
4755,天地无限
4756,流星语
4757,哥斯拉2：怪兽之王
4758,驱魔人
4759,蜻蜓
4760,百万法郎
4761,方世玉与胡惠乾
4762,超越马赫极速
4763,公元2000
4764,疾速追杀3
4765,惊天骇地
4766,黄飞鸿之王者无敌
4767,一条狗的使命2
4768,惊爆十三天
4769,蜜桃成熟时
4770,阿拉丁
4771,棒球之爱
4772,魔笛
4773,俏探女娇娃
4774,穿越时空的思念
4775,追龙Ⅱ
4776,邮差
4777,最好的我们
4778,球爱的天空
4779,复仇者联盟4：终局之战
4780,未来水世界
4781,玛嘉烈与大卫
4782,打，打个大西瓜
4783,基督最后的诱惑
4784,哪吒之魔童降世
4785,窈窕淑女
4786,多情剑客无情剑
4787,榴莲飘飘
4788,树屋上的童真
4789,爆裂刑警
4790,欢乐满人间2
4791,双虎屠龙
4792,义海倾情
4793,我不是黄飞鸿
4794,夜以继日
4795,巡弋悍将
4796,心动
4797,登月第一人
4798,复仇
4799,奥菲斯的遗嘱
4800,明月刀雪夜歼仇
4801,歌厅
4802,王者归来黄飞鸿
4803,阿涅斯论瓦尔达
4804,梦幻之地
4805,神探蒲松龄
4806,保罗·桑切斯回来了！
4807,百万金臂
4808,新喜剧之王
4809,雷霆沙赞！
4810,谍海军魂
4811,蜘蛛侠：英雄远征
4812,奥菲斯
4813,猩猩王
4814,搜索者
4815,日落黄沙
4816,疯狂的外星人
4817,奎迪：英雄再起
4818,毕业派对
4819,流浪地球
4820,小飞象
4821,西瓦拉多大决战
4822,黄飞鸿之狮魂觉醒
4823,绿毛怪格林奇
4824,冲线
4825,诗人之血
4826,三少爷的剑
4827,地下特警
4828,反贪风暴4
4829,大侦探皮卡丘
4830,遗嘱
4831,血战台儿庄
4832,胡桃夹子和四个王国
4833,夜迷情
4834,下一任：前任
4835,日日是好日
4836,手机
4837,灵魂狂欢节
4838,香港奇案之三：老爷车纵火谋杀案
4839,宇宙战争
4840,地球最后的夜晚
4841,舞者
4842,小猪佩奇过大年
4843,惊奇队长
4844,庐山恋
4845,反叛的童谣
4846,大腕
4847,万世魔星
4848,香港奇案之五：奸魔
4849,我的甜蜜家园
4850,老师·好
4851,我们
4852,四个春天
4853,阿尔法围棋
4854,比悲伤更悲伤的故事
4855,你的鸟儿会唱歌
4856,一声叹息
4857,秋日奏鸣曲
4858,绝不低头
4859,最后的广播
4860,无双
4861,大法官金斯伯格
4862,金银岛
4863,熊出没·原始时代
4864,升级
4865,乐高大电影2
4866,李茶的姑妈
4867,爱在记忆消逝前
4868,人格四重奏
4869,满洲候选人
4870,我是你爸爸
4871,午夜守门人
4872,金玉良缘红楼梦
4873,龙子太郎
4874,风中有朵雨做的云
4875,季节与城堡
4876,祈祷落幕时
4877,海市蜃楼
4878,赛尔号大电影6：圣者无敌
4879,花牌情缘：结
4880,教诲师
4881,战地军魂
4882,廉政风云
4883,天上再见
4884,副总统
4885,永失我爱
4886,偷窥狂
4887,洪熙官
4888,洛丽塔
4889,沉默的教室
4890,新大头儿子和小头爸爸3：俄罗斯奇遇记
4891,飞驰人生
4892,潜行者
4893,调音师
4894,密室逃生
4895,邪不压正
4896,一吻定情
4897,信笺故事
4898,哥斯拉X摩斯拉X机械哥斯拉：东京SOS
4899,我的英雄学院：两位英雄
4900,阿德尔曼夫妇
4901,玻璃先生
4902,哥斯拉大战机械哥斯拉
4903,布拉格之恋
4904,毕业生
4905,荡妇冤魂
4906,时空大挪移
4907,城南旧事
4908,过春天
4909,欧洲攻略
4910,特工
4911,假如比尔街可以作证
4912,哥斯拉：大怪兽总攻击
4913,云南虫谷
4914,有熊谷守一在的地方
4915,海王
4916,哥斯拉复活
4917,战狼2
4918,驯龙高手3
4919,白蛇：缘起
4920,冒牌上尉
4921,铁雨
4922,花筐
4923,哥斯拉2000
4924,为了全人类
4925,香港奇案之四：庙街皇后
4926,心惊肉跳
4927,三生三世十里桃花
4928,“大”人物
4929,巴斯特·斯克鲁格斯的歌谣
4930,名侦探柯南：零的执行人
4931,阿丽塔：战斗天使
4932,蜘蛛侠：平行宇宙
4933,徒手攀岩
4934,月事革命
4935,肤色
4936,宠儿
4937,哥斯拉VS戴斯特洛伊亚
4938,叶问外传：张天志
4939,网络谜踪
4940,嗝嗝老师
4941,此房是我造
4942,月光光心慌慌
4943,靓女差馆
4944,来电狂响
4945,那天，大海
4946,不留痕迹
4947,孤狼之血
4948,你从未在此
4949,友罪
4950,哥斯拉之魔龙复仇
4951,船续前行
4952,唐人街小子
4953,风筝
4954,谁先爱上他的
4955,第一归正会
4956,天才之击
4957,神奇动物：格林德沃之罪
4958,黑色党徒
4959,珠峰清道夫
4960,一个明星的诞生
4961,大黄蜂
4962,喜欢·一个人
4963,小黄人番外篇：不消停的宾齐·尼尔森
4964,小黄人番外篇：疯狂小黄人
4965,修剪草坪的小黄人
4966,小黄人番外篇：比赛
4967,宠物
4968,收发室惊魂
4969,辅助轮
4970,迎新日
4971,香蕉
4972,周末
4973,冲破天际
4974,宽宽和非人类
4975,午后时光
4976,动物行为
4977,啥是佩奇
4978,哥斯拉VS碧奥兰蒂
4979,智斗美女蛇
4980,大象席地而坐
4981,野小子们
4982,尖端医疗的真相
4983,盛夏
4984,大坏狐狸的故事
4985,哥斯拉之机械哥斯拉的反击
4986,铁血战士
4987,克里斯托弗·罗宾
4988,修女
4989,坂本龙一：终曲
4990,哥斯拉对机械哥斯拉
4991,极度失眠
4992,海军突击队
4993,千年狐
4994,战洪图
4995,无名之辈
4996,家族之苦3
4997,日本之耻
4998,精灵旅社3：疯狂假期
4999,欲望号街车
5000,人生果实
5001,哥斯拉对美加洛
5002,贼赃
5003,狗十三
5004,幸福的拉扎罗
5005,养家之人
5006,与神同行2：因与缘
5007,摄影机不要停！
5008,现在去见你
5009,花园派对
5010,今夕何夕2
5011,今夕何夕
5012,驯兔记
5013,游子吟
5014,战龙哥斯拉之决战宇宙魔龙
5015,艾玛
5016,欢迎回家
5017,负空间
5018,女主角
5019,又见冤家
5020,黄飞鸿之怒海雄风
5021,德鲁大叔
5022,憨豆特工3
5023,战龙哥斯拉之怪兽总进击
5024,最危险的游戏
5025,罗马
5026,清宫大刺杀
5027,女体铳
5028,我的野蛮同学
5029,神秘世界历险记4
5030,游侠索罗：星球大战外传
5031,冷战
5032,怪兽岛决战：哥斯拉之子
5033,偷窥无罪
5034,找到你
5035,侏罗纪世界2
5036,八年级
5037,哥斯拉·伊比拉·摩斯拉：南海大决斗
5038,挑情
5039,胖子行动队
5040,摩天营救
5041,毒液：致命守护者
5042,哥斯拉之怪兽大战争
5043,红菱艳
5044,倚天屠龙记大结局
5045,小猪宝贝2：小猪进城
5046,水月门
5047,影
5048,怒火青春
5049,24帧
5050,战龙哥斯拉之三大怪兽
5051,生死边缘
5052,无敌破坏王2：大闹互联网
5053,一出好戏
5054,瞒天过海：美人计
5055,摩斯拉决战哥斯拉
5056,神通
5057,悲伤逆流成河
5058,摘金奇缘
5059,潜水钟与蝴蝶
5060,金刚大战哥斯拉
5061,蝇王
5062,倚天屠龙记
5063,侏罗纪进攻
5064,神出鬼没女煞星
5065,反贪风暴3
5066,死侍2：我爱我家
5067,碟中谍6：全面瓦解
5068,怪兽王哥斯拉
5069,少爷威威
5070,罗斯玛丽的婴儿
5071,西虹市首富
5072,妈妈咪呀2
5073,哥斯拉的反击
5074,杀手三分半钟
5075,黄金兄弟
5076,摩天轮
5077,阿尔法：狼伴归途
5078,哥斯拉
5079,和约翰一起钓鱼
5080,上帝的使者
5081,血芙蓉
5082,妈妈咪呀
5083,鬼流星
5084,动物世界
5085,爱猫之城
5086,蚁人2：黄蜂女现身
5087,袅袅夕阳情
5088,迷踪霍元甲
5089,快把我哥带走
5090,龙江颂
5091,江湖儿女
5092,焦点新闻
5093,公牛历险记
5094,喜欢，轻吻，快跑
5095,八月狂想曲
5096,过江龙独闯虎穴
5097,狄仁杰之四大天王
5098,打破地狱门
5099,我们是X
5100,巨齿鲨
5101,梦
5102,亨利五世
5103,杀绝
5104,图书馆战争：革命之翼
5105,剑气萧萧孔雀翎
5106,重返·狼群
5107,百战保山河
5108,武神赵子龙
5109,风语咒
5110,天梯：蔡国强的艺术
5111,曼蒂
5112,乱
5113,白玉京
5114,祝福
5115,标错参
5116,幸运是我
5117,边境杀手2：边境战士
5118,宣告黎明的露之歌
5119,德尔苏·乌扎拉
5120,乌鸦为什么是黑的
5121,少林三十六房
5122,东京流浪汉
5123,新精武门
5124,共同警备区
5125,马之诗
5126,电车狂
5127,打工皇帝
5128,武训传
5129,老师！我可以喜欢你吗？
5130,小花
5131,喋血柔情
5132,杀人者唐斩
5133,拳精
5134,花牌情缘
5135,双子神偷
5136,心理罪
5137,侠盗联盟
5138,绝不放过你
5139,完美音调3
5140,红胡子
5141,广东小老虎
5142,生死恨
5143,女拳师
5144,凤舞九天
5145,哆啦A梦：大雄的金银岛
5146,椿三十郎
5147,杀手烙印
5148,笑傲江湖
5149,险恶
5150,绝代英雄
5151,熊出没之年货
5152,风铃中的刀声
5153,剑神一笑
5154,恐袭波士顿
5155,用心棒
5156,陀地驱魔人
5157,英雄对英雄
5158,卧虎藏龙：青冥宝剑
5159,剑气满天花满楼
5160,的士速递5
5161,西部
5162,恶汉甜梦
5163,熊出没之熊心归来
5164,日常对话
5165,一凤东飞九万里
5166,川流之岛
5167,帕丁顿熊2
5168,战国英豪
5169,时光大盗
5170,济公三斗吕洞宾
5171,撒冷镇
5172,六合八法
5173,英伦对决
5174,寻龙诀
5175,追龙
5176,与神同行：罪与罚
5177,狂暴巨兽
5178,伊奥船长
5179,奎
5180,蚁蛉
5181,低下层
5182,拳赛之日
5183,伯格曼的片场小电影
5184,双面哈拉尔
5185,卡琳的面孔
5186,海员们
5187,飞翔的牧师
5188,左耳
5189,铁扇公主
5190,笑匠
5191,猛虫过江
5192,野草莓之影
5193,向阳之处必有声
5194,Reklamfilm
5195,人质
5196,偶然
5197,扎马
5198,活人的记录
5199,夏洛特烦恼
5200,夜半歌声
5201,小戏骨：刘三姐
5202,羞羞的铁拳
5203,水手服与机关枪：毕业
5204,四月是你的谎言
5205,生之欲
5206,滑稽时代
5207,南少林与北少林
5208,春风得意
5209,新步步惊心
5210,追捕
5211,西游记之孙悟空三打白骨精
5212,妖猫传
5213,我能说
5214,犬之岛
5215,踩虎尾的男人
5216,我来自北京
5217,超时空同居
5218,血肉磨坊
5219,妖铃铃
5220,我去哪儿？
5221,寂静之地
5222,白痴
5223,安德烈·卢布廖夫
5224,五毒
5225,十七岁
5226,后来的我们
5227,师父
5228,包宝宝
5229,超人总动员2
5230,祖宗十九代
5231,契克
5232,勇敢者游戏：决战丛林
5233,丑闻
5234,白发鬼
5235,捉妖记2
5236,龙腾四海
5237,摇摇晃晃的人间
5238,炙热
5239,湮灭
5240,家宴
5241,野良犬
5242,边城浪子
5243,最后的诗句
5244,黑道女霸王
5245,黄飞鸿之南北英雄
5246,以女儿之名
5247,爱你，西蒙
5248,燃烧
5249,静夜之决斗
5250,绣春刀II：修罗战场
5251,熊出没·变形记
5252,悟空传
5253,幕后玩家
5254,水形物语
5255,古墓丽影：源起之战
5256,泥醉天使
5257,雾都孤儿
5258,绝代双骄
5259,再见列宁
5260,目击者之追凶
5261,无问西东
5262,灾难艺术家
5263,佛罗里达乐园
5264,至爱梵高·星空之谜
5265,美好的星期天
5266,冈仁波齐
5267,暴裂无声
5268,芙蓉镇
5269,莫娣
5270,她的人生没有错
5271,移动迷宫3：死亡解药
5272,我对青春无悔
5273,记忆大师
5274,明月几时有
5275,勇往直前
5276,环太平洋：雷霆再起
5277,方形
5278,羞辱
5279,姿三四郎续集
5280,远大前程
5281,七煞
5282,咒怨3(美版)
5283,复仇者联盟3：无限战争
5284,忠爱无言
5285,红海行动
5286,至暗时刻
5287,她不知道名字的那些鸟儿
5288,伯德小姐
5289,昆池岩
5290,神秘巨星
5291,最美
5292,一念无明
5293,唐人街探案2
5294,灵异妙探大电影
5295,极恶非道3
5296,每分钟120击
5297,比得兔
5298,姿三四郎
5299,春娇救志明
5300,荒野生存
5301,天堂大塞车
5302,正义联盟
5303,五十度飞
5304,97家有喜事
5305,悬崖上的野餐
5306,梁天来
5307,热血警探
5308,生门
5309,春娇与志明
5310,血观音
5311,迷惘之城
5312,散步的侵略者
5313,啊，荒野
5314,潜伏4：锁命亡灵
5315,一本漫画闯天涯II妙想天开
5316,志明与春娇
5317,南极之恋
5318,之后
5319,第三度嫌疑人
5320,倔强的牛顿
5321,玛丽与魔女之花
5322,群星会
5323,嫌疑人X的献身
5324,沉默的孩子
5325,西游记女儿国
5326,肉与灵
5327,和食双神：最后的约定
5328,大佛
5329,天才枪手
5330,生在幼子
5331,情圣
5332,芬妮和亚历山大的诞生
5333,伦文敘智斗柳先开
5334,小混乱
5335,城市流浪汉
5336,基督山伯爵
5337,王朝的女人·杨贵妃
5338,脸庞，村庄
5339,前任3：再见前任
5340,魔法少女伊莉雅：雪下的誓言
5341,斯隆女士
5342,昼行闪耀的流星
5343,普通女人
5344,非洲和尚
5345,喜欢你
5346,芳华
5347,屏住呼吸
5348,你自己与你所有
5349,黑豹
5350,地球：神奇的一天
5351,赌霸
5352,非凡任务
5353,机器之血
5354,猩球崛起3：终极之战
5355,嘎嘎：五尺二寸
5356,蜘蛛侠：英雄归来
5357,春宵苦短，少女前进吧！
5358,小偷阿星
5359,魔鬼之血
5360,广东十虎与后五虎
5361,终极斗士2
5362,冲天火
5363,不成问题的问题
5364,今天的吉良同学
5365,忍之国
5366,黑执事：豪华客船篇
5367,生存家族
5368,龙凤茶楼
5369,今天也是女演员
5370,西游伏妖篇
5371,力争上游
5372,女教师
5373,这时对，那时错
5374,帝一之国
5375,江湖最后一个大佬
5376,功夫瑜伽
5377,魅影缝匠
5378,二代妖精之今生有幸
5379,熊出没·奇幻空间
5380,心理罪之城市之光
5381,长寿商会
5382,上帝之国
5383,赌圣
5384,行尸走肉
5385,I.Q.笨蛋
5386,大闹天竺
5387,恋爱诊疗中
5388,解忧杂货店
5389,吾血之血
5390,华盛顿邮报
5391,雌雄双辣
5392,你好，疯子！
5393,奇门遁甲
5394,一条狗的使命
5395,马戏之王
5396,茉莉牌局
5397,太阳高照
5398,东方快车谋杀案
5399,刑警本色
5400,相爱相亲
5401,逃出绝命镇
5402,亲爱的篮球
5403,夜空总有最大密度的蓝色
5404,最远的地方
5405,日本的天空下
5406,人生密密缝
5407,梦边缘
5408,漫长美好的星期五
5409,2.5cm
5410,万物生长
5411,七十七天
5412,野火
5413,电锯惊魂8：竖锯
5414,捕风汉子
5415,天将雄师
5416,嘉年华
5417,空难余波
5418,我，花样女王
5419,阴阳界
5420,魔鬼天使
5421,星球大战8：最后的绝地武士
5422,信任
5423,杰出公民
5424,心灵想要大声呼喊
5425,山2
5426,一日情人
5427,哥哥的女友
5428,夏日时光
5429,就这样，我们把金鱼放入了泳池
5430,金·凯瑞：我需要色彩
5431,心跳无限次
5432,异形：契约-番外：十字路口
5433,银翼杀手：2022黑暗浩劫
5434,失物招领
5435,陆小凤传奇之绣花大盗
5436,再见歌舞伎町
5437,云的彼端，约定的地方
5438,离开的女人
5439,临歧
5440,赤裸天使
5441,跪族
5442,无爱可诉
5443,我和厄尔以及将死的女孩
5444,童女贞德
5445,星际特工：千星之城
5446,缝纫机乐队
5447,好时光
5448,尊严殖民地
5449,侏罗纪世界
5450,瑞士军刀男
5451,别惹我
5452,孽扣
5453,萧十一郎
5454,空天猎
5455,像素大战
5456,王牌特工2：黄金圈
5457,黑子的篮球·终极一战
5458,复仇：爱的故事
5459,全球风暴
5460,亚瑟3：终极对决
5461,反贪风暴2
5462,终极斗士4
5463,香肠派对
5464,完美音调2
5465,追捕聂鲁达
5466,三十二
5467,阿黛拉的非凡冒险
5468,塔洛
5469,图书馆战争：最后的任务
5470,家族之苦2
5471,桑格莉之夏
5472,起跑线
5473,亚瑟和他的迷你王国2
5474,席德与南茜
5475,金瓶风月
5476,转校生
5477,武状元
5478,星球大战外传：侠盗一号
5479,小丑回魂
5480,雪路
5481,赛车总动员3：极速挑战
5482,亚瑟和他的迷你王国
5483,杀破狼·贪狼
5484,路易十四的死亡纪事
5485,雷神3：诸神黄昏
5486,人体蜈蚣3
5487,嗨翻姐妹行
5488,天使A
5489,追凶者也
5490,总有一天
5491,花与爱丽丝杀人事件
5492,银翼杀手2049
5493,悲伤秘密的摇篮曲
5494,莫西干回到故乡
5495,恐怖走廊
5496,反收数特遣队
5497,圣女贞德
5498,伊卡洛斯
5499,告别有情天
5500,十万个冷笑话2
5501,热浴盆时光机2
5502,龙虾
5503,春梦
5504,亚特兰蒂斯
5505,年轻气盛
5506,猎凶风河谷
5507,明日世界
5508,山
5509,老手
5510,女囚尼基塔
5511,秘密特工
5512,五十度黑
5513,绝命海拔
5514,奥斯曼中尉
5515,地下铁
5516,义胆雄心
5517,赏金猎人
5518,精灵旅社2
5519,红色药丸
5520,永远的托词
5521,福尔摩斯先生
5522,假面骑士平成世代
5523,最后决战
5524,裸吻
5525,赌城大亨II之至尊无敌
5526,台风俱乐部
5527,极盗车神
5528,父子雄兵
5529,追捕野蛮人
5530,真爱一夜情
5531,只是世界尽头
5532,神偷奶爸3
5533,勇闯天下
5534,我们诞生在中国
5535,贞子大战伽椰子
5536,伤物语3：冷血篇
5537,大病
5538,气味相投
5539,加勒比海盗5：死无对证
5540,我的婆婆黄飞鸿
5541,京城81号2
5542,奇幻森林
5543,变形金刚5：最后的骑士
5544,早死早投胎之地狱摇滚篇
5545,天才少女
5546,黄飞鸿之理想年代
5547,追逐珊瑚
5548,索多玛120天
5549,赌城大亨之新哥传奇
5550,为所应为
5551,敦刻尔克
5552,致青春·原来你还在这里
5553,月光男孩
5554,异形：契约
5555,隐藏人物
5556,藤田嗣治
5557,少林豪侠传
5558,绝世高手
5559,令伯特烦恼
5560,女人的阴影
5561,异星觉醒
5562,一千零一夜第3部：迷醉之人
5563,疾速追杀2
5564,勇者无惧
5565,三人行
5566,一千零一夜第2部：凄凉之人
5567,731部队的真相：精英“医者”与人体试验
5568,一千零一夜第1部：不安之人
5569,哆啦A梦：大雄的南极冰冰凉大冒险
5570,巴霍巴利王2：终结
5571,黄飞鸿与鬼脚七
5572,够格女郎
5573,布达佩斯之恋
5574,逆时营救
5575,夜行动物
5576,猜火车2
5577,这里的黎明静悄悄
5578,摇晃
5579,深夜食堂2
5580,林世荣
5581,谁的青春不迷茫
5582,魔发奇缘：幸福前奏
5583,新木乃伊
5584,新哥斯拉
5585,伤物语2：热血篇
5586,洪拳四杰
5587,滚蛋吧！肿瘤君
5588,深夜食堂电影版
5589,伤物语1：铁血篇
5590,心房客
5591,猜火车
5592,黑吃黑
5593,黄飞鸿勇破烈火阵
5594,决斗尤玛镇
5595,小楼残梦
5596,沙鸯之钟
5597,我的特工爷爷
5598,侠探杰克：永不回头
5599,沃伦
5600,97%被私人银行占据的无中生有债务货币
5601,西葫芦的生活
5602,我们在这片森林里制造梦想
5603,黄飞鸿浴血硫磺谷
5604,拆弹专家
5605,欢乐时光
5606,我们的世界
5607,超音速
5608,蓝精灵：寻找神秘村
5609,黄飞鸿神威伏三煞
5610,踏血寻梅
5611,声之形
5612,为你取名的那一天
5613,某种女人
5614,伦敦一家人
5615,丛林法则
5616,黄飞鸿虎鹤斗五狼
5617,永恒记忆
5618,麻疯怪拳
5619,隔壁的八重
5620,赤道
5621,科比的缪斯
5622,神父俱乐部
5623,黄飞鸿醉打八金刚
5624,美人鱼
5625,天空之眼
5626,鲁邦三世：血烟的石川五右卫门
5627,在这世界的角落
5628,同级生
5629,分裂
5630,黄飞鸿拳王争霸
5631,傲娇与偏见
5632,跨越栅栏
5633,生化危机：终章
5634,刺客信条
5635,恋人们
5636,黄飞鸿巧夺鲨鱼青
5637,下半生赛跑者
5638,使徒行者
5639,茜茜公主
5640,术士神传
5641,太空旅客
5642,给我危险
5643,神奇女侠
5644,米开朗基罗的凝视
5645,乐高蝙蝠侠大电影
5646,黄飞鸿大战猩猩王
5647,诺托·杏花·火山·斯特龙博利·狂欢节
5648,道士下山
5649,降临
5650,日本一点点
5651,海洋奇缘
5652,生吃
5653,朝拜
5654,错乱的一代
5655,重返利斯卡岛
5656,美女与野兽
5657,浪漫照片
5658,黄飞鸿擂台争霸战
5659,怪兽别墅
5660,哪一天我们会飞
5661,法洛丽亚雪山索道
5662,辛普森：美国制造
5663,人造丝织物
5664,毛骨悚然
5665,迷信
5666,宝贝老板
5667,爱的亡灵
5668,爱的谎言
5669,烂头何
5670,城市清洁工
5671,波河上的人
5672,纽约，我爱你
5673,流浪猫鲍勃
5674,犯罪家族
5675,黄飞鸿大破五虎阵
5676,八月
5677,成长边缘
5678,极限特工3：终极回归
5679,帕特森
5680,来自远方
5681,黄飞鸿西关抢新娘
5682,功夫皇帝
5683,奇异博士
5684,无粮的土地
5685,滚烫的爱
5686,比利·林恩的中场战事
5687,黄飞鸿狮王争霸
5688,银河护卫队2
5689,长城
5690,如何死亡：西蒙的抉择
5691,独自在夜晚的海边
5692,魔发精灵
5693,爱森斯坦在瓜纳华托
5694,一条安达鲁狗
5695,黄飞鸿喋血马鞍山
5696,天老地荒不了情
5697,审死官
5698,美国风情画
5699,老炮儿
5700,家族之苦
5701,车站
5702,喝彩！
5703,明月守护者
5704,被访者
5705,德军占领的卢浮宫
5706,黄飞鸿义救卖鱼灿
5707,乘风破浪
5708,濑户内海
5709,怒
5710,黄飞鸿义救龙母庙
5711,速度与激情8
5712,守夜者的观点
5713,第十三修正案
5714,分手再说我爱你
5715,贾斯汀·汀布莱克与田纳西孩子们
5716,七个不同年龄的女子
5717,打板
5718,鸟人
5719,安乐乡
5720,黄飞鸿醒狮会麒麟
5721,冒一切风险的阶级
5722,雪儿
5723,医院
5724,小鬼当家5
5725,我是布莱克
5726,玛·鲁特
5727,临渊而立
5728,女孩帮
5729,军火厂
5730,履历
5731,黄飞鸿沙面伏神犬
5732,十月初五的月光
5733,魔弦传说
5734,幻梦墓园
5735,人行地下道
5736,托尼·厄德曼
5737,马拉松：爱国者日爆炸案
5738,X射线
5739,欢乐好声音
5740,黄飞鸿官山大贺寿
5741,砖匠
5742,铁道飞虎
5743,金刚：骷髅岛
5744,叠句
5745,赴汤蹈火
5746,二十世纪女人
5747,我曾是个士兵
5748,水瓶座
5749,成为沃伦·巴菲特
5750,工厂
5751,黄飞鸿神鞭伏二虎
5752,血回廊
5753,洪水泛滥之前
5754,洛兹小城
5755,图派克：风华再现
5756,小子有种
5757,愿望音乐会
5758,500年后
5759,卖妻
5760,她
5761,白头盔
5762,霓虹恶魔
5763,办公室
5764,禁忌之恋
5765,美国队长
5766,黄飞鸿独臂斗五龙
5767,电车
5768,罗曼蒂克消亡史
5769,萨利机长
5770,校合唱团的秘密
5771,狗咬狗
5772,比海更深
5773,金刚狼3：殊死一战
5774,黃飛鴻大戰雙門底
5775,红海龟
5776,反情色
5777,鹬
5778,盲拳之梦中寻龙
5779,招魂2
5780,芬妮与亚历山大
5781,我的个神啊
5782,神奇动物在哪里
5783,三颗纽扣
5784,黄飞鸿大闹花灯
5785,冲上云霄
5786,第七天堂
5787,飞逝的狮子
5788,摆渡人
5789,你知道，你的楼梯很漂亮
5790,毕业会考
5791,黄飞鸿传第四集：梁宽归天
5792,女雕像物语
5793,战地新娘
5794,雄狮
5795,家屋风景
5796,电影香江之功夫世家
5797,泰山归来：险战丛林
5798,一分钟一影像
5799,黑夜传说5：血战
5800,黄飞鸿传之火烧霸王庄
5801,人言可畏
5802,尤利西斯
5803,我不是潘金莲
5804,爱的愉悦在伊朗
5805,为什么猫都叫不来
5806,保持站立
5807,圆梦巨人
5808,舞蹈家的世界
5809,天堂的孩子
5810,红粉动江湖
5811,堤
5812,绿苑春浓
5813,赌王斗千王
5814,思悼
5815,面包店的女孩
5816,弗兰兹
5817,慕尼黑
5818,秋缠断肠记
5819,惊天破
5820,乌龙特工
5821,第一夫人
5822,侏罗纪公园2：失落的世界
5823,努瓦穆捷的寡妇们
5824,女人的回答：我们的身体，我们的性
5825,电影香江：俪影倾情
5826,遇见你之前
5827,海上火焰
5828,宫本武藏续
5829,四个自杀的少女
5830,黑豹党
5831,纳萨林
5832,101夜
5833,同等族群
5834,沉默
5835,铁钩船长
5836,小巷之爱
5837,扬科叔叔
5838,玫瑰艾勒沙
5839,向古巴人致意
5840,麦当劳桥上的未婚妻
5841,纪录说谎家
5842,电影香江：刀光剑影
5843,如果和母亲一起生活
5844,奥蒂斯震撼蒙特雷音乐节
5845,藩篱
5846,直到永远
5847,走着，别跑
5848,创造物
5849,28岁未成年
5850,宾虚
5851,走近蓝色海岸
5852,季春奶奶
5853,穆府的歌剧
5854,胡丽叶塔
5855,明日瞭望塔
5856,为敲诈而做的试音
5857,太阳帝国
5858,教授
5859,三个人的麻烦
5860,无味神探
5861,呆鹅爸爸
5862,狮子、爱、谎言
5863,友善
5864,如何拍电影
5865,债券
5866,冒险者
5867,地狱天堂
5868,疗养
5869,银幕背后
5870,流浪乐手
5871,分歧者3：忠诚世界
5872,溜冰场
5873,超感猎杀：圣诞特别篇
5874,凌晨一点
5875,救火员
5876,处子之山
5877,紫色
5878,攻壳机动队：崛起1
5879,仁慈天使
5880,湄公河行动
5881,猎神：冬日之战
5882,感化院
5883,阴阳魔界
5884,天使之翼
5885,哥斯拉·迷你拉·加巴拉：全体怪兽大进击
5886,六朝怪谈
5887,橘色奇迹
5888,航海王之黄金城
5889,一九四一
5890,第七封印
5891,语路
5892,老潘的昼与夜
5893,狗的状况
5894,河上的爱情
5895,在那里
5896,我们的十年
5897,哥斯拉大战超翔龙
5898,十年
5899,下一站，说爱你
5900,三头魔王
5901,当铺
5902,仲夏夜魔法
5903,伯爵
5904,佩小姐的奇幻城堡
5905,横冲直撞大逃亡
5906,舞台春秋
5907,血光光五人帮：传说
5908,美国甜心
5909,决斗
5910,威尼斯70周年：重启未来
5911,百货店巡视员
5912,在海边
5913,在公园
5914,诱拐
5915,银行
5916,一位女士
5917,哥斯拉对黑多拉
5918,飞鸿囧传
5919,坠入
5920,从你的全世界路过
5921,辉夜姬物语
5922,下课后：升上五年级
5923,101忠狗续集：伦敦大冒险
5924,小姐与流浪汉2：狗儿逃家记
5925,报告老板
5926,报告老板！
5927,所罗门的伪证后篇：审判
5928,巴巴爸爸
5929,图书馆战争
5930,2008年第29届北京奥运会开幕式
5931,极品女士
5932,屌丝男士
5933,名侦探狄仁杰
5934,万万没想到之小兵过年
5935,万万没想到：千钧一发
5936,万万没想到
5937,唐璜
5938,将来的事
5939,时时刻刻
5940,美国队长3
5941,大决战之平津战役
5942,一人食
5943,啄木鸟伍迪
5944,单程路
5945,黄飞鸿之鬼脚七
5946,黄飞鸿之五：龙城歼霸
5947,侏罗纪公园3
5948,剑王子
5949,3D豪情
5950,狐狸猎手
5951,邪咒
5952,恶魔、变异人、异形、食人魔、地狱边缘的僵尸化的活死人携妻带子大举归来恐怖进攻不分日夜杀出个黎明2：极度震惊2D版
5953,豪情
5954,横道世之介
5955,欲望
5956,仙履奇缘3：
5957,金鸡SSS
5958,明日边缘
5959,敢死队3
5960,背负十字架的人
5961,美国战队：世界警察
5962,小时代3：刺金时代
5963,不可饶恕
5964,罗马环城高速
5965,转轮手枪
5966,狂舞派
5967,海盗
5968,浮士德
5969,对一个不容怀疑的公民的调查
5970,菲洛梅娜
5971,在某处
5972,伊老师与小蟾蜍大历险
5973,闺蜜
5974,AKB48心程纪实3：少女眼泪的背后
5975,C·罗纳尔多：世界在他脚下
5976,一场风花雪月的事
5977,AKB48心程纪实2：受伤过后再追梦
5978,仲夏夜性喜剧
5979,AKB48心程纪实1：十年后回看今天
5980,东京物语
5981,熊出没之过年
5982,满天神佛
5983,怪兽大学
5984,帮规
5985,赌神2
5986,铁路战斗队
5987,鬼打鬼
5988,浣花洗剑
5989,喜羊羊与灰太狼之飞马奇遇记
5990,熊出没之夺宝熊兵
5991,双龙出手
5992,天涯沦落女
5993,影迷
5994,天蚕变
5995,蠢蛋搞怪秀
5996,超人：钢铁之躯
5997,风暴
5998,小姐弟荒原历险
5999,大白鲨
6000,狼的孩子雨和雪
6001,知法犯法
6002,旗鼓相当
6003,莫比乌斯
6004,春
6005,再见，孩子们
6006,皇帝保重
6007,无休无止
6008,云上的日子
6009,把乐带回家2014
6010,何二狗的名单
6011,特殊身份
6012,旺角风云
6013,海扁王2
6014,海底总动员
6015,罗维雷将军
6016,四个房间
6017,毒战
6018,巨人捕手杰克
6019,我心狂野
6020,怪人怪事
6021,八月照相馆
6022,黑社会2：以和为贵
6023,特种部队2：全面反击
6024,大旗英雄传
6025,马
6026,钢琴课
6027,风花雪月
6028,僵尸肖恩
6029,人人都说我爱你
6030,黑社会
6031,副作用
6032,鳗鱼
6033,鬼画符
6034,背水一战
6035,龙虎砵兰街
6036,分手合约
6037,罗塞塔
6038,玉女嬉春
6039,光荣战役
6040,通往仙境
6041,小时代
6042,洪兴仔之江湖大风暴
6043,黑暗中的舞者
6044,野姑娘
6045,傻瓜入狱记
6046,花漾
6047,神探亨特张
6048,金刚
6049,子弹横飞百老汇
6050,变身超人
6051,帕克
6052,马达加斯加历险记
6053,上海社会档案
6054,大象
6055,面具
6056,再见古惑仔
6057,速度与激情6
6058,绅士现形记
6059,成记茶楼
6060,独家新闻
6061,旺角揸Fit人
6062,匪帮传奇
6063,善意的背叛
6064,所罗门的伪证前篇：事件
6065,午夜巴塞罗那
6066,古惑仔激情篇之洪兴大飞哥
6067,古惑仔：江湖新秩序
6068,四海一家
6069,春夏秋冬又一春
6070,女子公寓
6071,德州电锯杀人狂2
6072,古惑仔之出位
6073,叶问：终极一战
6074,长别离
6075,大海盗
6076,冰风暴
6077,诺言
6078,新飞狐外传
6079,色情男女
6080,阿凡提的故事之狩猎记
6081,地狱门
6082,精灵旅社
6083,单身日记：好孕来袭
6084,法中情
6085,西游降魔篇
6086,鬼马双星
6087,X战警：天启
6088,霍比特人1：意外之旅
6089,美国派(番外篇)4：集体露营
6090,追女三十六房
6091,暮光之城4：破晓(下)
6092,女人，四十
6093,洛奇6：永远的拳王
6094,降头
6095,通灵男孩诺曼
6096,新人肉叉烧包
6097,哥斯拉之龙战四海
6098,米兰的奇迹
6099,007：大破天幕杀机
6100,妲己
6101,黑衣人3
6102,新不了情
6103,洛奇5
6104,醉马骝
6105,大上海
6106,人肉叉烧包2之天诛地灭
6107,在撒旦的阳光下
6108,哥斯拉之怪兽王复活
6109,打蛇
6110,消失的子弹
6111,林肯
6112,回到未来3
6113,纯爱
6114,科学怪狗
6115,八仙饭店之人肉叉烧包
6116,奥赛罗
6117,骇战
6118,终极猎杀
6119,裸血
6120,魔力麦克
6121,亚飞与亚基
6122,回到未来2
6123,我为你狂
6124,诱僧
6125,太极2：英雄崛起
6126,太极1：从零开始
6127,人再囧途之泰囧
6128,一个男人和一个女人
6129,尸妖
6130,曲线难题
6131,逃离德黑兰
6132,晚9朝5
6133,X档案：我要相信
6134,神勇双妹唛
6135,十二生肖
6136,梁祝
6137,碟中谍5：神秘国度
6138,厕所里的花子
6139,油鬼子
6140,警戒结束
6141,92黑玫瑰对黑玫瑰
6142,爸爸去出差
6143,没有老公的日子
6144,新妈妈再爱我一次
6145,阮玲玉
6146,咒怨2
6147,但丁密码
6148,七金尸
6149,犀利人妻
6150,买凶拍人
6151,与魔鬼共骑
6152,变脸
6153,希区柯克
6154,德州巴黎
6155,我和春天有个约会
6156,咒怨
6157,美国派4：美国重逢
6158,蚁人
6159,蝴蝶杯
6160,锅匠，裁缝，士兵，间谍
6161,长发姑娘
6162,匹夫
6163,笼民
6164,窃听大阴谋
6165,飓风营救
6166,牛鬼蛇神
6167,爱在罗马
6168,哥斯拉决战太空哥斯拉
6169,九一神雕侠侣
6170,影武者
6171,蛊
6172,河东狮吼2
6173,五亿探长雷洛传1：雷老虎
6174,我父我主
6175,哪吒
6176,豹
6177,婚姻勿语
6178,瑟堡的雨伞
6179,欲魔
6180,寒战
6181,双城故事
6182,君子好逑
6183,西厢记
6184,喜爱夜蒲2
6185,虎度门
6186,云图
6187,维莉蒂安娜
6188,恐惧的代价
6189,解救吾先生
6190,邪
6191,低俗喜剧
6192,表姐，你好嘢！4之情不自禁
6193,朱丽小姐
6194,蛇杀手
6195,风流少年唐伯虎
6196,十八岁的天空
6197,粉红女郎
6198,陀枪师姐2
6199,陀枪师姐
6200,巴菲的奇妙命运
6201,奎迪
6202,冰海沉船
6203,金装四大才子
6204,醉打金枝
6205,苗翠花
6206,上错花轿嫁对郎
6207,至尊红颜
6208,愤怒的蝴蝶
6209,福星高照猪八戒
6210,春光灿烂猪八戒
6211,女朋友，男朋友
6212,甜蜜的生活
6213,白发魔女
6214,白眉大侠
6215,甘十九妹
6216,恋香
6217,仙剑奇侠传
6218,一米阳光
6219,玉观音
6220,永不瞑目
6221,戏说乾隆
6222,雁南飞
6223,东游记
6224,康熙王朝
6225,风云2
6226,风云
6227,飞刀又见飞刀
6228,少年包青天2
6229,少年包青天
6230,包青天
6231,风雷魔镜
6232,傻儿司令
6233,傻儿师长
6234,环形使者
6235,傻儿军长
6236,山城棒棒军
6237,济公
6238,陆小凤之凤舞九天
6239,陆小凤之决战前后
6240,天下第一
6241,功夫足球
6242,神奇四侠2015
6243,天下无双
6244,方谬神探
6245,机灵小不懂
6246,功夫小蝇
6247,少年英雄方世玉
6248,少林武王
6249,小李飞刀
6250,乌龙闯情关
6251,宝莲灯
6252,九岁县太爷
6253,莲花童子哪吒
6254,真命小和尚
6255,大醉侠
6256,铁齿铜牙纪晓岚4
6257,铁齿铜牙纪晓岚3
6258,铁齿铜牙纪晓岚2
6259,铁齿铜牙纪晓岚
6260,我在伊朗长大
6261,财神传奇
6262,康熙微服私访记4
6263,康熙微服私访记3
6264,康熙微服私访记2
6265,康熙微服私访记1
6266,宰相刘罗锅
6267,新白娘子传奇
6268,刁蛮公主
6269,歌声俪影
6270,情深深雨濛濛
6271,少年张三丰
6272,杨门虎将
6273,老房有喜
6274,第三人
6275,还珠格格第三部
6276,还珠格格第二部
6277,还珠格格
6278,情定爱琴海
6279,王牌逗王牌
6280,水浒传
6281,隋唐英雄传
6282,武林外史
6283,雪山飞狐
6284,相见恨晚
6285,西游记后传
6286,西游记
6287,投靠女与出走男
6288,碧血剑
6289,小宝与康熙
6290,鹿鼎记
6291,侠客行
6292,倚天剑屠龙刀
6293,木兰花
6294,光晕4：航向黎明号
6295,射雕英雄传
6296,咖啡公社
6297,神雕侠侣
6298,天龙八部
6299,盖世豪侠
6300,洛奇4
6301,鬼眼
6302,生化危机5：惩罚
6303,表姐，你好嘢！3之大人驾到
6304,水儿武士
6305,银河护卫队
6306,谍影重重4
6307,推手
6308,齐达内：21世纪的肖像
6309,港澳传奇
6310,灵动：鬼影实录3
6311,灵动：鬼影实录2
6312,少林寺
6313,三个火枪手
6314,卖身契
6315,港囧
6316,演出之夜
6317,新生
6318,流浪汉
6319,驾车私奔记
6320,工作
6321,致命的球棍
6322,阵雨之间
6323,梦之安魂曲
6324,全面回忆
6325,花街时代
6326,太空一号
6327,八彩林亚珍
6328,人狗奇缘
6329,今夜星光灿烂
6330,马达加斯加3
6331,八两金
6332,成为简·奥斯汀
6333,暗黑之地
6334,骗财骗色
6335,唐人街
6336,勇敢传说
6337,表姐，你好嘢！2
6338,尖峰时刻3
6339,十八般武艺
6340,表姐，你好嘢！
6341,陈梦吉计破脂粉阵
6342,铜雀台
6343,星际迷航3：超越星辰
6344,惩罚者2：战争特区
6345,爵迹
6346,双重赔偿
6347,神探飞机头3
6348,蓝与黑续集
6349,超凡蜘蛛侠
6350,不脱袜的人
6351,变相怪杰2：面具之子
6352,蓝与黑
6353,乡下人
6354,杀手蝴蝶梦
6355,唇上之歌
6356,神探飞机头2
6357,武馆
6358,M就是凶手
6359,白鹿原
6360,学校风云
6361,超人4：和平任务
6362,七小福
6363,大厨
6364,飞越黄昏
6365,神探飞机头
6366,自杀小队
6367,中华丈夫
6368,浑身是劲
6369,河东狮吼
6370,杀死一只知更鸟
6371,巴黎淘气帮
6372,扭计祖宗陈梦吉
6373,大武当之天地密码
6374,旺角卡门
6375,江湖汉子
6376,高海拔之恋Ⅱ
6377,类人体
6378,谍海风云
6379,色即是空2
6380,勾魂降头
6381,光荣之路
6382,冰川时代4
6383,三人世界
6384,美国派3：美国婚礼
6385,快活林
6386,黑暗阴影
6387,人民英雄
6388,超人3
6389,怨妇.狂娃.疯杀手
6390,敢死队2
6391,奇缘
6392,骗中骗
6393,生死新纪元
6394,万花迎春
6395,听风者
6396,不是冤家不聚头
6397,超人2
6398,贼王之王
6399,遇雨
6400,勇敢的绅士
6401,音乐流浪汉
6402,一无是处
6403,新看门人
6404,完美结局
6405,他的消遣
6406,受辱记
6407,侍者
6408,奇怪的气体
6409,拍电影
6410,大军阀
6411,致命黑兰
6412,咖喱辣椒
6413,风雨哈佛路
6414,月升王国
6415,征服1453
6416,四大名捕
6417,癫佬正传
6418,好莱坞百年百个明星
6419,我愿意
6420,老娘够骚
6421,色即是空
6422,香港73
6423,快乐的大脚2
6424,给我庇护
6425,娜嘉在巴黎
6426,维罗妮卡和她的笨学生
6427,丁一山
6428,夏洛和牛排
6429,血迷宫
6430,黑太阳731
6431,爱尔兰人
6432,水的故事
6433,谍魂
6434,爱情是狗娘
6435,花椒之味
6436,盗梦特攻队
6437,最爱
6438,黑暗侵袭2
6439,非家庭电影
6440,两小无猜
6441,人皮灯笼
6442,画皮2
6443,破事儿
6444,绿巨人浩克
6445,拈花惹草
6446,普罗米修斯
6447,发条橙
6448,山狗2003:
6449,美国派2
6450,山水情
6451,艾丽卡
6452,来如风
6453,白雪公主与猎人
6454,麦兜，菠萝油王子
6455,超人
6456,宝岛双雄
6457,山狗1999
6458,美国派
6459,闪灵
6460,香港式的偷情
6461,七月与安生
6462,林中小屋
6463,麦兜故事
6464,黑暗侵袭
6465,毒女
6466,独裁者
6467,生死线
6468,灵动：鬼影实录
6469,唐朝豪放女
6470,复仇者联盟
6471,饥饿游戏
6472,爱与和平
6473,女人风情话
6474,赛末点
6475,荡女奇行
6476,昨日的记忆
6477,三峡好人
6478,生化危机2：启示录
6479,一乐也
6480,超级战舰
6481,回到未来
6482,宝贵的秘密
6483,光杆司令
6484,刀锋战士3
6485,女拳霸
6486,声色犬马
6487,虞美人盛开的山坡
6488,海狼
6489,生化危机
6490,亲密敌人
6491,山狗
6492,无畏之心
6493,拳霸3
6494,我的少女时代
6495,风流韵事
6496,报应
6497,地下兵工厂
6498,铁皮鼓
6499,财子·名花·星妈
6500,第一次
6501,何必有我?
6502,铁血战士2
6503,丹麦娇娃
6504,阿拉伯的劳伦斯
6505,神战：权力之眼
6506,波普先生的企鹅
6507,公仆2
6508,虎胆龙威3
6509,爱奴
6510,双城计中计
6511,应召名册
6512,麦兜·当当伴我心
6513,皇家师姐5中间人
6514,网
6515,灵怪博士
6516,四百击
6517,如来神掌
6518,徐老虎与白寡妇
6519,地心历险记2：神秘岛
6520,黑色大丽花
6521,倾城之恋
6522,老雷斯的故事
6523,罗马11时
6524,金瓶双艳
6525,搜索
6526,周末时光
6527,美国X档案
6528,省港旗兵3：逃出香港
6529,快乐的大脚
6530,错点鸳鸯
6531,车手
6532,省港旗兵2：兵分两路
6533,罗拉快跑
6534,射雕英雄传第三集
6535,龙虎少年队
6536,浮华世界
6537,反贪风暴
6538,省港旗兵
6539,红猪
6540,迷魂记
6541,非法移民
6542,爱的面包魂
6543,等待黎明
6544,极限乔丹
6545,喜福会
6546,独臂刀
6547,异星战场
6548,老爸当家
6549,桃姐
6550,摇滚校园
6551,风月奇谭
6552,奇谋妙计五福星
6553,地心历险记
6554,妖魂
6555,夺命深渊
6556,向前走向爱走
6557,我和爸爸
6558,洛奇2
6559,她的强盗朋友
6560,印第安纳波利斯号：勇者无惧
6561,威尼斯儿童赛车
6562,女房东的宠物
6563,谋生之路
6564,面团与炸药
6565,梅布尔的忙碌一天
6566,梅布尔的困境
6567,冒充者
6568,忙碌的一天
6569,马贝尔的婚后生活
6570,剧院的夏尔洛
6571,酒鬼
6572,竞争对手
6573,击倒
6574,战舰波将金号
6575,窥情
6576,兰戈
6577,洗澡
6578,茅山僵尸拳
6579,痞子英雄之全面开战
6580,谁说我不在乎
6581,幽灵世界
6582,射雕英雄传续集
6583,惩罚者
6584,秦始皇
6585,杀生
6586,土拨鼠之日
6587,新木马屠城记
6588,十三太保
6589,鼠来宝3
6590,魔胎
6591,鼠来宝2：明星俱乐部
6592,钢的琴
6593,血恋2
6594,探戈纷乱
6595,下流祖父
6596,傻瓜
6597,后裔
6598,报仇
6599,铁娘子：坚固柔情
6600,上海滩十三太保
6601,迷失东京
6602,少奶奶的丝袜
6603,赛德克·巴莱(下)：彩虹桥
6604,麒麟掌
6605,异形大战铁血战士2
6606,超胆侠
6607,麦兜·饭宝奇兵
6608,娱乐
6609,公平交易
6610,二十分钟的爱情
6611,查理的约会
6612,查理的过去
6613,残酷的爱情
6614,现代豪放女
6615,禁运品
6616,我脑中的橡皮擦
6617,南洋十大邪术
6618,冬荫功
6619,佛跳墙
6620,草原英雄小姐妹
6621,赛德克·巴莱(上)：太阳旗
6622,晩春
6623,诸神之怒
6624,海底总动员2：多莉去哪儿
6625,拳霸2
6626,金色的海螺
6627,西厢艳谭
6628,鹬蚌相争
6629,三个和尚
6630,猴子捞月
6631,九色鹿
6632,老狼请客
6633,雪孩子
6634,好猫咪咪
6635,狐狸打猎人
6636,半夜鸡叫
6637,牧笛
6638,没头脑和不高兴
6639,人参娃娃
6640,小蝌蚪找妈妈
6641,猪八戒吃西瓜
6642,麦秋
6643,总统杀局
6644,骄傲的将军
6645,神笔
6646,移民
6647,快乐的一天
6648,神奇队长
6649,失常
6650,打擂台
6651,再见我们的幼儿园
6652,黄金大劫案
6653,突袭
6654,黑夜传说3：狼族崛起
6655,雷雨
6656,浮草
6657,灭门惨案2：借种
6658,灭门惨案之孽杀
6659,暂告安全
6660,九条命
6661,刀锋战士2
6662,异形大战铁血战士
6663,夜惊魂
6664,黑夜传说2：进化
6665,小亚细亚往事
6666,白兔糖
6667,生命之树
6668,拳霸
6669,山椒大夫
6670,布偶大电影
6671,阿玛柯德
6672,表错7日情
6673,刺猬的优雅
6674,艺术家
6675,藏身之所
6676,异形3
6677,半边人
6678,简爱
6679,高地战
6680,飙风战警
6681,再生人
6682,唐山五虎
6683,罗宾汉
6684,誓约
6685,罗宾汉历险记
6686,范海辛
6687,靓妹仔
6688,爵士歌手
6689,盗亦有道
6690,给朱丽叶的信
6691,提防小手
6692,黑夜传说
6693,意志的胜利
6694,夺命金
6695,侠盗王子罗宾汉
6696,胡越的故事
6697,龙纹身的女孩
6698,雨月物语
6699,逆战
6700,矮子当道
6701,长辈
6702,党同伐异
6703,大侦探福尔摩斯2：诡影游戏
6704,脑魔
6705,它在身后
6706,坏妈妈
6707,摩登保镖
6708,新年前夜
6709,保姆日记
6710,公民凯恩
6711,蔡李佛
6712,坏女孩2
6713,大魔术师
6714,速度与激情4
6715,囧探佳人
6716,刀锋战士
6717,一个美国消防员的生活
6718,一个醉鬼的白日梦
6719,摄影协会成员到达
6720,出港的船
6721,神秘的纸
6722,卡马克斯：灭炭火
6723,婴儿的午餐
6724,火车进站
6725,高楼大劫案
6726,勇士
6727,怒虎狂龙
6728,倩女幽魂3：道道道
6729,碟中谍4
6730,大话西游3
6731,歼十出击
6732,安娜·卡列尼娜
6733,人狼大战
6734,华丽的挑战
6735,月色撩人
6736,贱女孩
6737,十加十
6738,太阳泪
6739,猎人
6740,性本恶
6741,公仆
6742,背着你跳舞
6743,变身男女
6744,超级女特工
6745,爱有来生
6746,爱德华大夫
6747,战马
6748,与魔鬼同行
6749,终极匹配
6750,圣徒
6751,真心话大冒险
6752,当哈利遇到莎莉
6753,佛都有火
6754,乱战
6755,我的见鬼女友
6756,惊魂眼
6757,莫扎特传
6758,巴顿将军
6759,硬汉2：奉陪到底
6760,谜城
6761,星运里的错
6762,驱魔者
6763,人体蜈蚣2
6764,人体蜈蚣
6765,夜·店
6766,的士速递4
6767,雨果
6768,成为约翰·马尔科维奇
6769,敏感事件
6770,爱在暹罗
6771,荒野大镖客
6772,马钱
6773,特警威龙
6774,爱
6775,的士速递2
6776,亚洲秘密警察
6777,死亡挑战行动
6778,暮光之城4：破晓(上)
6779,决战猩球
6780,活该你单身
6781,的士速递
6782,宿醉2
6783,与狼共舞
6784,冲霄楼
6785,电锯惊魂5
6786,超级大坏蛋
6787,孟买日记
6788,猩球征服
6789,六刺客
6790,我们的故事
6791,孤岛惊魂
6792,电锯惊魂4
6793,宿醉
6794,大鱼海棠
6795,橘色
6796,新啼笑因缘
6797,逃离猩球
6798,穿靴子的猫
6799,电锯惊魂3
6800,恋人絮语
6801,遍地狼烟
6802,波浪预报
6803,刺马
6804,完美盗贼
6805,怪形
6806,杀手欧阳盆栽
6807,八月迷情
6808,战国
6809,怪形前传
6810,电锯惊魂2
6811,马永贞
6812,两个坏小子
6813,龙门飞甲
6814,上帝难为
6815,越空狂龙
6816,我的野蛮初恋
6817,亲家过年
6818,夏洛特的网
6819,兔子洞
6820,人生不再重来
6821,蜜桃成熟时33D
6822,丁丁历险记
6823,凶线
6824,美国：从自由到法西斯主义
6825,沉默之像
6826,抗癌的我
6827,凶猫
6828,不明身份
6829,第44条军规
6830,微光城市
6831,不能说的秘密
6832,蒸发的摩根夫妇
6833,诺丁山
6834,极速天使
6835,女校春色
6836,一次别离
6837,鬼叫春
6838,鬼妈妈
6839,销魂玉
6840,北地胭脂
6841,初哥·初女·初夜情
6842,初恋红豆冰
6843,我的母亲
6844,冰川时代5：星际碰撞
6845,子曰：食色性也
6846,捉奸趣事
6847,老无所依
6848,桃色经纪
6849,铁甲钢拳
6850,红楼春梦
6851,007之雷霆杀机
6852,太阳照常升起
6853,天降神兵
6854,空中大灌篮
6855,转山
6856,复仇之溪
6857,点球成金
6858,征婚启事
6859,地狱男爵2：黄金军团
6860,金陵十三钗
6861,微微一笑很倾城
6862,荒岛余生
6863,闪灵凶猛
6864,巴黎圣母院
6865,绿灯侠
6866,憨豆特工
6867,把乐带回家2012
6868,迈克尔·杰克逊：偶像的一生
6869,武松
6870,机械师2：复活
6871,倾城之泪
6872,蓝精灵：圣诞颂歌
6873,纳尼亚传奇2：凯斯宾王子
6874,刘三姐
6875,达·芬奇密码
6876,伴娘
6877,寻枪
6878,亡命驾驶
6879,纳尼亚传奇1：狮子、女巫和魔衣橱
6880,最忆是杭州
6881,飞狐外传
6882,Hello！树先生
6883,我要变成硬柿子
6884,头七
6885,时间规划局
6886,失陷猩球
6887,赛车传奇
6888,诅咒
6889,死神来了5
6890,僵尸秘籍
6891,那些年，我们一起追的女孩
6892,蝙蝠侠与罗宾
6893,巴黎宝贝
6894,尸家重地
6895,鸿门宴传奇
6896,相助
6897,永远的蝙蝠侠
6898,带子雄狼：三涂河的乳母车
6899,怦然星动
6900,冰河世纪：猛犸象的圣诞
6901,翻滚吧！阿信
6902,对不起，干掉你
6903,东成西就2011
6904,回来的路
6905,星空
6906,怪谈协会
6907,杨门女将之军令如山
6908,出租车司机
6909,玩命追踪
6910,飘移凶间
6911,岸边之旅
6912,绝地逃亡
6913,拜见岳父大人3
6914,月球漫步
6915,拜见岳父大人
6916,恶老板
6917,夜半无人尸语时
6918,失恋33天
6919,人猿星球
6920,铁血精英
6921,凶宅幽灵
6922,猩球崛起
6923,超能敢死队
6924,喜爱夜蒲
6925,幽灵人间II：鬼味人间
6926,致命伴旅
6927,世界之战
6928,你好，陌生人
6929,黑夜
6930,微观世界
6931,五月天追梦
6932,太平轮(下)·彼岸
6933,亨利的罪行
6934,幽灵人间
6935,超级八
6936,午夜巴黎
6937,赛车总动员2
6938,可爱的骨头
6939,寄生人
6940,汉娜
6941,索尔之子
6942,蝙蝠侠归来
6943,辛亥革命
6944,诡丝
6945,夏日乐悠悠
6946,旅行到宇宙边缘
6947,老男孩
6948,白蛇传说
6949,蝙蝠侠
6950,画壁
6951,无敌珊宝妹
6952,180台DV的故事
6953,双瞳
6954,蓝精灵
6955,焦土之城
6956,变形金刚3
6957,古惑大律师
6958,大武生
6959,少年汉尼拔
6960,B+侦探
6961,猎头
6962,肩上蝶
6963,少林英雄榜
6964,更好的世界
6965,里约大冒险
6966,汉尼拔
6967,全球热恋
6968,飞砂风中转
6969,十三
6970,红龙
6971,探索频道：生命的速度
6972,窃听风云2
6973,窃听风云
6974,六月之蛇
6975,雷神
6976,潘神的迷宫
6977,摩登新人类
6978,X战警：第一战
6979,梦中人
6980,加勒比海盗4：惊涛怪浪
6981,日本沉没
6982,武侠
6983,回魂夜
6984,保罗
6985,盗墓笔记
6986,爱丽丝梦游仙境2：镜中奇遇记
6987,热情如火
6988,我爱HK
6989,意外
6990,大象的眼泪
6991,下一站，幸福
6992,美国丽人
6993,命运规划局
6994,拜见岳父大人2
6995,众矢之的
6996,可爱的你
6997,极盗者
6998,妖兽都市
6999,隐婚男女
7000,古墓丽影2
7001,新上海滩
7002,单身男女
7003,星球大战前传2：克隆人的进攻
7004,特区爱奴
7005,都市风光
7006,忍者神龟2：破影而出
7007,老夫子之小水虎传奇
7008,不文骚
7009,私钟真面目
7010,大咸湿
7011,花街狂奔
7012,你是哪里人
7013,皇家师姐4：直击证人
7014,雪花秘扇
7015,黄昏双镖客
7016,功夫熊猫2
7017,三枪拍案惊奇
7018,卫斯理传奇
7019,太太的情人
7020,奋斗
7021,玉蒲团之偷情宝鉴
7022,聊斋艳谭之灯草和尚
7023,塘西风月痕
7024,与鸭共舞
7025,现代应召女郎
7026,奸魔
7027,教头
7028,带子雄狼：出租孩子与武艺
7029,卿本佳人
7030,四度诱惑
7031,夜生活女王之霞姐传奇
7032,日落号列车
7033,星球大战前传3：西斯的复仇
7034,穿越少女梦
7035,3分钟先生
7036,守望者：罪恶迷途
7037,一夜迷情
7038,狼图腾
7039,金鸡2
7040,黑鹰坠落
7041,那一年的幸福时光
7042,速度与激情5
7043,倩女幽魂2：人间道
7044,恋爱SOS第二季
7045,美少女特攻队
7046,英国病人
7047,财神客栈
7048,艾米
7049,渔光曲
7050,独立日
7051,围困城堡
7052,国民英雄
7053,超能游戏者2
7054,丛林有情狼
7055,小红帽
7056,皇家战士
7057,关键第四号
7058,午夜牛郎
7059,3D肉蒲团之极乐宝鉴
7060,瑞普·凡·温克尔的新娘
7061,刺客聂隐娘
7062,八恶人
7063,霹雳先锋
7064,贾斯汀·比伯：永不言败
7065,危情三日
7066,痞子英雄
7067,宅男总动员
7068,精装追女仔之2
7069,你怎么知道
7070,安乐街
7071,巴里·林登
7072,江湖告急
7073,不再让你孤单
7074,老虎连
7075,嘿咻卡
7076,刀马旦
7077,林肯律师
7078,瓶中信
7079,迷踪：第九鹰团
7080,野兽之瞳
7081,永无止境
7082,大独裁者
7083,幸福时光
7084,孔雀王朝
7085,恋爱SOS
7086,随波逐流
7087,佐罗的面具
7088,蔡李佛拳
7089,流浪汉世界杯
7090,狂暴飞车
7091,小早川家之秋
7092,沉睡者
7093,喋血街头
7094,吉诺密欧与朱丽叶
7095,关云长
7096,猫和老鼠
7097,惊声尖笑4
7098,特务风云
7099,福尔摩斯二世
7100,西线无战事
7101,封神传奇
7102,爱你一万年
7103,蠢蛋搞怪秀3D
7104,天生一对
7105,为你钟情
7106,一轮明月
7107,室友
7108,欢迎来到东莫村
7109,复仇者之死
7110,安娜斯塔西娅
7111,爱宠大机密
7112,西北偏北
7113,苹果酒屋法则
7114,爱情无线牵
7115,义盖云天
7116,遇见波莉
7117,持枪流浪汉
7118,大人物
7119,洛杉矶之战
7120,纳尼亚传奇3：黎明踏浪号
7121,瑜伽熊
7122,坏姐姐之拆婚联盟
7123,开心家族
7124,搭讪的法则
7125,日落大道
7126,大地惊雷
7127,女巫季节
7128,魔发奇缘
7129,杀人犯
7130,挪威的森林
7131,极速60秒
7132,奇爱博士
7133,功夫熊猫3
7134,雷斯特雷波
7135,歪小子斯科特对抗全世界
7136,观音山
7137,畅销书
7138,我知女人心
7139,机械师
7140,生活多美好
7141,斗士
7142,格列佛游记
7143,戒烟不戒酒
7144,2046
7145,生人勿进(美版)
7146,盗版爱情
7147,西部往事
7148,国王的演讲
7149,现代启示录
7150,刀客外传
7151,喜羊羊与灰太狼之兔年顶呱呱
7152,死亡实验
7153,邻居大战2：姐妹会崛起
7154,假如爱有天意
7155,非常嫌疑犯
7156,127小时
7157,一路有你
7158,新少林寺
7159,创：战纪
7160,活埋
7161,舞出我人生
7162,我是传奇
7163,喜马拉雅
7164,火线特攻
7165,弯刀
7166,马卓
7167,将爱情进行到底
7168,神奇侠侣
7169,武林外传
7170,青蜂侠
7171,好家伙
7172,美丽中国
7173,星月无尽
7174,横冲直撞好莱坞
7175,怪物之子
7176,东邪西毒：终极版
7177,谍影重重5
7178,单车上路
7179,刺青
7180,角斗士
7181,星球大战3：绝地归来
7182,哈利·波特与死亡圣器(上)
7183,卡萨布兰卡
7184,公主日记
7185,刺陵
7186,暖暖内含光
7187,大搜查之女
7188,恶棍天使
7189,完美嫁衣
7190,蕾蒙娜和姐姐
7191,海洋天堂
7192,换子疑云
7193,爱情36计
7194,杀破狼
7195,星球大战
7196,海云台
7197,泰迪熊2
7198,有话好好说
7199,爱丽丝梦游仙境
7200,宽恕与原谅
7201,星球大战2：帝国反击战
7202,异形2
7203,爱情维修站
7204,大玩家
7205,纽约时刻
7206,剑蝶
7207,无人驾驶
7208,出水芙蓉
7209,蓝莓之夜
7210,新猛鬼街
7211,魔侠传之唐吉可德
7212,笑侠楚留香
7213,防弹武僧
7214,康定情歌
7215,偷拐抢骗
7216,猫头鹰王国：守卫者传奇
7217,孤胆特工
7218,风流断剑小小刀
7219,阿赫迈德王子历险记
7220,陆垚知马俐
7221,叶问前传
7222,我的美女老板
7223,唐伯虎点秋香2之四大才子
7224,穆赫兰道
7225,暮光之城3：月食
7226,月满轩尼诗
7227,童眼
7228,枪王之王
7229,舞出我人生3
7230,西风烈
7231,地球四季
7232,情迷拉斯维加斯
7233,速度与激情3：东京漂移
7234,异形
7235,异形4
7236,007之海底城
7237,007之你死我活
7238,幻想曲2000
7239,摇摆de婚约
7240,画魂
7241,平常的心
7242,极速赛车手
7243,杜拉拉升职记
7244,风中奇缘
7245,翻译风波
7246,社交网络
7247,浮出水面
7248,感官游戏
7249,影子写手
7250,寒战2
7251,惊天魔盗团2
7252,初恋这首情歌
7253,女王旅途
7254,谍网雄风
7255,暴力街区13：终极
7256,怪物史瑞克4
7257,我的老婆是大佬2
7258,烟雨红颜
7259,杀死比尔
7260,谜一样的双眼
7261,魔殿屠龙
7262,终极密码战
7263,摇啊摇，摇到外婆桥
7264,街市英雄
7265,狙击职业杀手
7266,第一次的亲密接触
7267,太极战士
7268,危情谍战
7269,我的老婆是大佬
7270,二子开店
7271,血色将至
7272,世界末日
7273,三个人的冬天
7274,爱神
7275,杏花三月天
7276,喋血孤城
7277,魔法师的学徒
7278,超级学校霸王
7279,楼上的外星人
7280,阿童木
7281,死亡飞车
7282,恋爱通告
7283,发薪日
7284,田园牧歌
7285,情色
7286,狗的生活
7287,淘金记
7288,虫不知
7289,雷蒙·斯尼奇的不幸历险
7290,狄仁杰之通天帝国
7291,剑雨
7292,枕边的男人
7293,我的野蛮女友
7294,漂亮女人
7295,史努比：花生大电影
7296,百鸟朝凤
7297,华尔街：金钱永不眠
7298,老虎都要嫁
7299,赤焰战场
7300,恐怖角
7301,通缉英雄
7302,山楂树之恋
7303,举起手来2：追击阿多丸号
7304,精武风云·陈真
7305,海洋王国
7306,近在咫尺的爱恋
7307,特工绍特
7308,唐山大地震
7309,忍者刺客
7310,功夫梦
7311,绿区
7312,海扁王
7313,热浴盆时光机
7314,克洛伊
7315,地雷区
7316,桃李劫
7317,小姐
7318,剑鱼行动
7319,我的野蛮女友2
7320,不朽
7321,007之金刚钻
7322,大笑江湖
7323,神探
7324,小鬼上路2
7325,007之八爪女
7326,洛奇
7327,卡罗尔
7328,卢米埃尔与四十大导
7329,速度与激情2
7330,激战运钞车
7331,猫的报恩
7332,力王
7333,十月围城
7334,岁月的童话
7335,鼠来宝
7336,生化危机3：灭绝
7337,囡囡
7338,金臂童
7339,电锯惊魂7
7340,仙境之桥
7341,矮仔多情
7342,罪恶之城
7343,敢死队
7344,寻子遇仙记
7345,007之金手指
7346,龙在天涯
7347,竞速之王
7348,土地
7349,猎鹰行动
7350,马达加斯加
7351,麦兜响当当
7352,盲女72小时
7353,猎魔者
7354,幪面大侠
7355,呖咕呖咕新年财
7356,魔翡翠
7357,冷山
7358,叶问3
7359,五亿探长雷洛传2：父子情仇
7360,007之霹雳弹
7361,生化危机4：战神再生
7362,狂蟒之灾2
7363,墨斗先生
7364,篮球小皇帝
7365,狂蟒之灾
7366,南北狮王
7367,快餐车
7368,哭声
7369,巴黎假期
7370,最佳拍档3：女皇密令
7371,航班蛇患
7372,霹雳火
7373,悭钱家族
7374,成事在人
7375,霹雳十杰
7376,新铁血战士
7377,最佳拍档4：千里救差婆
7378,九二神雕之痴心情长剑
7379,警察故事续集
7380,流浪的迪潘
7381,江湖行
7382,枪火
7383,江湖
7384,各怀鬼胎
7385,见鬼2
7386,尖峰时刻
7387,情枭的黎明
7388,蛇蝎情人
7389,急冻奇侠
7390,华尔街之狼
7391,睡在我上铺的兄弟
7392,活着有明天
7393,天龙特攻队
7394,烈火战车2：极速传说
7395,全职杀手
7396,机动部队
7397,如梦
7398,火烧岛
7399,终极斗士3：赎罪
7400,全城戒备
7401,龙凤店
7402,嘻游记
7403,魔兽
7404,菊豆
7405,卖命小子
7406,一球成名2：梦想成真
7407,黄飞鸿义取丁财炮
7408,K歌情人
7409,野蛮的温柔
7410,风云决
7411,爱丽丝
7412,花木兰2
7413,三十年细说从头
7414,钢铁侠2
7415,三笑之才子佳人
7416,魔鬼的门廊
7417,感情生活
7418,沙胆英
7419,东风雨
7420,孔子
7421,山中传奇
7422,波斯王子：时之刃
7423,红番区
7424,焚兽之都
7425,核弹快车
7426,狂蟒凶灵
7427,今天我休息
7428,最后的巫师猎人
7429,老笠
7430,鬼马智多星
7431,理智与情感
7432,神腿铁扇功
7433,富贵再三逼人
7434,击情岁月
7435,富贵兵团
7436,生死决
7437,功夫好男儿
7438,福星高照
7439,绿色房间
7440,地下尖兵
7441,狮子王3
7442,停火区
7443,双龙记
7444,方世玉与洪熙官
7445,四眼天鸡
7446,太阳王子霍尔斯的大冒险
7447,追风战警
7448,赌侠
7449,特警新人类
7450,金毛狮王
7451,无理之人
7452,南京！南京！
7453,连城诀
7454,A计划续集
7455,独臂刀王
7456,特务迷城
7457,大事件2龙斗
7458,东京攻略
7459,天若有情3烽火佳人
7460,大贏家
7461,罪犯
7462,代号美洲豹
7463,飞虎队
7464,最佳拍档2：大显神通
7465,乌龙小子流浪记
7466,真爱之吻
7467,大提琴手
7468,灵魂战车
7469,不见不散
7470,大撒把
7471,所罗门王凯恩
7472,大决斗
7473,小杂种
7474,七年很痒
7475,大盗歌王
7476,新碧血剑
7477,新古惑仔之少年激斗篇
7478,杀人蜂
7479,新仙鹤神针
7480,车神
7481,边境杀手
7482,差人·大佬·搏命仔
7483,要命的小方
7484,天蚕变之布衣神相
7485,镖旗飞扬
7486,败家仔
7487,艺伎回忆录
7488,不死劫
7489,游侠儿
7490,不死废人
7491,与龙共舞
7492,愤怒的小鸟
7493,恐龙当家
7494,新最佳拍档
7495,原始武器
7496,蝙蝠侠大战德古拉
7497,战狼传说
7498,包剪碴
7499,重案组
7500,半边灵
7501,正将
7502,暗战
7503,战神滩
7504,夺棍
7505,暗渠
7506,至尊无上II之永霸天下
7507,中南海保镖
7508,阿虎
7509,最佳贼拍档
7510,阿呆与阿瓜
7511,驭鼠怪人
7512,最佳拍档
7513,漫画威龙
7514,致命罗密欧
7515,鹰爪铁布衫
7516,游侠
7517,狼犬丹尼
7518,火烧红莲寺
7519,少年苏乞儿
7520,木乃伊3
7521,伞中情
7522,埃及艳后
7523,结婚
7524,盘尼西林1944
7525,007之金枪人
7526,费城故事
7527,小叮当：羽翼之谜
7528,第六日
7529,间接伤害
7530,迈克尔·杰克逊-危险之旅之布加勒斯特站
7531,战·无双
7532,冷血十三鹰
7533,阴阳判官
7534,龙之诅咒
7535,追魂镖
7536,金钱帝国
7537,缴枪不杀
7538,独立日2：卷土重来
7539,小叮当与精灵杯大赛
7540,火星需要妈妈
7541,咒怨：完结篇
7542,亡命天涯
7543,警察学校3：初为人师
7544,斗爱
7545,时尚先生
7546,史酷比2：怪兽偷跑
7547,古镜怪谈
7548,寻找成龙
7549,篮球公园
7550,飞哥与小佛的时空大冒险
7551,花花型警
7552,预见未来
7553,生死时速2：海上惊情
7554,摩托教父
7555,古墓丽影
7556,白秋练
7557,未来警察
7558,决杀令
7559,罗宾汉之箭
7560,人在囧途
7561,火影忍者剧场版：博人传
7562,蝙蝠传奇
7563,寻找刘三姐
7564,四个丘比特
7565,望着我
7566,X战警2
7567,阿罗汉掌风大作战
7568,刚果惊魂
7569,玩命双雄
7570,置之死地而后生
7571,爱我别走
7572,小叮当：拯救精灵大作战
7573,天堂口
7574,澳洲乱世情
7575,狗狗旅馆
7576,地铁惊魂
7577,结婚大作战
7578,第九区
7579,一页台北
7580,行动目标希特勒
7581,护工故事
7582,小叮当与失去的宝藏
7583,无翼蝙蝠
7584,007之俄罗斯之恋
7585,甜心先生
7586,七擒七纵七色狼
7587,赎罪
7588,变形金刚
7589,神奇四侠2
7590,钢铁侠
7591,女友礼拜五
7592,十三罗汉
7593,朱诺
7594,圣诞颂歌
7595,月球
7596,七磅
7597,怪物史瑞克3
7598,毒药与老妇
7599,蜘蛛侠3
7600,我爱你莫里斯
7601,拆弹部队
7602,玩具总动员2
7603,我的名字叫可汗
7604,义胆红唇
7605,杀破狼2
7606,十二罗汉
7607,喜羊羊与灰太狼之牛气冲天
7608,反抗军
7609,大块头有大智慧
7610,碧血金沙
7611,星际迷航
7612,异教徒
7613,一个头两个大
7614,重返十七岁
7615,天地雄心
7616,我是路人甲
7617,上天救命
7618,不倫
7619,007：大战皇家赌场
7620,喜羊羊与灰太狼之虎虎生威
7621,杀手没有假期
7622,死亡幻觉
7623,夺宝奇兵4
7624,黄金三镖客
7625,小熊维尼与跳跳虎百亩森林惊魂记
7626,怒火攻心2：高压电
7627,阳光小美女
7628,夺宝奇兵3
7629,这不是斯巴达
7630,妙想天开
7631,撞车
7632,闪电狗
7633,弹道
7634,金刚狼
7635,弱点
7636,叶问2：宗师传奇
7637,加勒比海盗3：世界的尽头
7638,加勒比海盗2：聚魂棺
7639,怪物史瑞克
7640,暮光之城
7641,路边野餐
7642,特种部队：眼镜蛇的崛起
7643,猫和老鼠传奇
7644,倒霉熊
7645,美丽密令
7646,西藏小子
7647,废柴特工
7648,公主与青蛙
7649,我的初恋情人
7650,和莎莫的500天
7651,诸神之战
7652,天脉传奇
7653,夺宝奇兵2
7654,胭脂扣
7655,天伦之旅
7656,十七岁的单车
7657,一酷到底
7658,少林英雄
7659,无间道风云
7660,夺宝奇兵
7661,暗殺計畫
7662,无敌浩克
7663,舞出我人生2：街舞
7664,007之雷霆谷
7665,魔鬼山历险记
7666,分手信
7667,小熊维尼与跳跳虎：好朋友齐摆尾
7668,破茧威龙
7669,黑衣人
7670,007之黎明生机
7671,未知死亡
7672,火龙对决
7673,新宿事件
7674,致命一击
7675,天降奇兵
7676,蝙蝠侠大战超人：正义黎明
7677,神秘代码
7678,谎言之躯
7679,父子情
7680,越光宝盒
7681,007之诺博士
7682,狗蛋大兵
7683,艋舺
7684,杀人锦标赛
7685,007之太空城
7686,巴霍巴利王：开端
7687,小叮当
7688,树大招风
7689,小熊维尼与跳跳虎之超级侦探圣诞夜
7690,好奇害死猫
7691,床的另一边
7692,死神来了3
7693,天地逃生
7694,巴黎，我爱你
7695,十二猴子
7696,夜访吸血鬼
7697,汉娜·蒙塔娜：电影版
7698,暮光之城2：新月
7699,玩命速递：重启之战
7700,007之最高机密
7701,生死狙击
7702,玩命快递3
7703,孤儿怨
7704,听说
7705,灭门
7706,大侦探福尔摩斯
7707,地球风暴
7708,小美人鱼3：爱丽儿的起源
7709,非常主播
7710,邻家特工
7711,巴黎谍影
7712,成长教育
7713,时间旅行者的妻子
7714,72家租客
7715,锦衣卫
7716,特工强档
7717,桃花运
7718,金手指
7719,魔法奇缘
7720,全城热恋
7721,花田喜事2010
7722,蚁群
7723,死神来了2
7724,怒火攻心
7725,校花我爱你
7726,七秒钟
7727,蠢蛋搞怪秀2.5
7728,大兵小将
7729,橄榄树下无和平
7730,高三
7731,重庆美女
7732,处女地
7733,明明
7734,缘份
7735,霉运侦探
7736,我的机器人女友
7737,浪漫鼠德佩罗
7738,洛城机密
7739,小熊维尼的故事书
7740,卡拉是条狗
7741,棒子老虎鸡
7742,杀戮战警
7743,庙街皇后
7744,笑太极
7745,咏春
7746,江湖情
7747,龙在边缘
7748,飞侠小白龙
7749,第601个电话
7750,这个男人来自地球
7751,谋杀似水年华
7752,侠圣
7753,东方不败之风云再起
7754,蛇煞
7755,蜀山传
7756,玩命快递
7757,南北醉拳
7758,一胆二力三功夫
7759,醉拳
7760,天下第一拳
7761,神通术与小霸王
7762,拜见罗宾逊一家
7763,洪拳小子
7764,洪拳大师
7765,螳螂
7766,疯猴
7767,人类进化史之生命之初
7768,御猫三戏锦毛鼠
7769,人类进化史诗：突变
7770,无法阻挡的婚姻
7771,血战到底
7772,超脑48小时
7773,康纳斯的战争
7774,小醉拳
7775,野人兄弟
7776,哥斯拉之终极战役
7777,舞女
7778,偷天换日
7779,市政大厅
7780,甜点主厨绑票案
7781,倔强萝卜
7782,舞会战士
7783,熊的传说2
7784,通天长老
7785,八仙的传说
7786,半斤八两
7787,中华英雄
7788,疯狗强尼
7789,12怒汉：大审判
7790,伊丽莎白镇
7791,新漫画小子
7792,冰川时代3
7793,方托马斯的反击
7794,长江一号
7795,小亲亲
7796,白银帝国
7797,敌对
7798,窈窕绅士
7799,春风得意梅龙镇
7800,天安门
7801,双面情人
7802,铁面无私
7803,气喘吁吁
7804,李逵传奇
7805,PK.COM.CN
7806,恋爱前规则
7807,通天塔
7808,李米的猜想
7809,碧瑶霜迷案
7810,阿嫂
7811,双旗镇刀客
7812,戚家军
7813,爱情麻辣烫
7814,暗战2
7815,一个勺子
7816,镜中的梦幻城
7817,加菲猫
7818,豚鼠特攻队
7819,追影
7820,天下霸道之剑
7821,我的唐朝兄弟
7822,坏中尉
7823,星际宝贝：终极任务
7824,异种2
7825,终结者2018
7826,幻影凶间
7827,圣诞夜惊魂
7828,2012世界末日
7829,熊猫大侠
7830,风云Ⅱ
7831,美食总动员
7832,歌舞青春3：毕业季
7833,街头霸王:
7834,007：幽灵党
7835,死神来了4
7836,2012
7837,追爱自由行
7838,拉贝日记
7839,电锯惊魂6
7840,死神来了
7841,七龙珠
7842,虎胆龙威4
7843,小鹿斑比2
7844,北京遇上西雅图之不二情书
7845,狂野大自然
7846,爱情天文学
7847,通缉令
7848,穿普拉达的女王
7849,风声
7850,魔兽战场
7851,机器侠
7852,建国大业
7853,人生遥控器
7854,惊声尖笑
7855,星际宝贝2：史迪奇有问题
7856,拳击小子
7857,隋朝来客
7858,碟中谍3
7859,詹妮弗的肉体
7860,速度与激情
7861,不要回头
7862,解冻
7863,午夜凶铃
7864,007：大破量子危机
7865,危楼愚夫
7866,变形金刚2
7867,大内密探灵灵狗
7868,哈利·波特与混血王子
7869,007之明日帝国
7870,异邦人：无皇刃谭
7871,杀手：代号47
7872,天使与魔鬼
7873,忍者神龟
7874,加菲猫2
7875,圆月弯刀
7876,武术班
7877,小熊维尼:长鼻怪万圣节
7878,保镖
7879,我们俩
7880,伯纳德行动
7881,梅兰芳
7882,天使之城
7883,赛车总动员
7884,变相怪杰
7885,黑侠
7886,硬汉
7887,芝加哥
7888,证人
7889,别惹蚂蚁
7890,别把狗当猫看
7891,流氓医生
7892,赌侠1999
7893,功夫厨神
7894,同根生
7895,六天七夜
7896,狗狗与我的十个约定
7897,红高粱
7898,战地诗篇
7899,蜘蛛侠
7900,行运超人
7901,好好先生
7902,狼牙
7903,小娇妻
7904,雪域迷城
7905,僵尸大闹西门町
7906,行运一条龙
7907,僵尸至尊
7908,小熊维尼之长鼻怪大冒险
7909,死亡游戏
7910,龙争虎斗
7911,白玉老虎
7912,名剑风流
7913,火线追凶之无罪辩护
7914,汉江怪物
7915,八卦莲花掌
7916,我的九月
7917,魔宫战士
7918,笑林老祖
7919,对风说爱你
7920,变身国王2：高刚外传
7921,火线追凶之狂魔再现
7922,没完没了
7923,奇迹
7924,十字锁喉手
7925,X战警
7926,我的父亲母亲
7927,龙虎风云
7928,紫蝴蝶
7929,007之女王密使
7930,地上最强
7931,爱的成人式
7932,龙骑士
7933,东瀛游侠
7934,小女巫塞布丽娜之永远的朋友
7935,大电影2.0：两个傻瓜的荒唐事
7936,虎胆侠情
7937,天涯明月刀
7938,最长的一码
7939,命运呼叫转移
7940,怪兽屋
7941,火线追凶之掘墓人
7942,泰山2
7943,冰川时代2：融冰之灾
7944,暗花
7945,父子
7946,南斗官三斗北少爷
7947,龙过鼠年
7948,E.T.外星人
7949,防火墙
7950,剑花烟雨江南
7951,007之杀人执照
7952,我不做大哥好多年
7953,叶问
7954,龙的心
7955,C+侦探
7956,楚留香
7957,的士速递3
7958,五郎八卦棍
7959,八月一日
7960,十全九美
7961,黑马王子
7962,李小龙传
7963,小熊维尼：春天的百亩森林
7964,天外魔蛛
7965,小飞侠
7966,钟无艳
7967,精武家庭
7968,画皮
7969,导火线
7970,算死草
7971,星际宝贝
7972,叫我第一名
7973,画皮之阴阳法王
7974,心中有鬼
7975,赌侠大战拉斯维加斯
7976,大灌篮
7977,豪门夜宴
7978,太空黑猩猩
7979,新抢钱夫妻
7980,特警雄威
7981,无敌幸运星
7982,火线追凶之突然死亡
7983,飞鹰艾迪
7984,北极的圣诞老人兄弟
7985,刘胡兰
7986,特工佳丽2：武力巾帼
7987,绑架
7988,极限救援
7989,黄河大侠
7990,丑女大翻身
7991,龙的传人
7992,女人不坏
7993,玻璃樽
7994,米奇节日嘉年华
7995,游龙戏凤
7996,改编剧本
7997,少林搭棚大师
7998,狮子王2：辛巴的荣耀
7999,时空穿越者
8000,少林小子
8001,十万火急
8002,飞天舞
8003,007之黄金眼
8004,唐人街探案
8005,霹雳凤凰
8006,哈利·波特与凤凰社
8007,迈阿密风云
8008,海角七号
8009,国产凌凌漆
8010,爱得起
8011,放·逐
8012,世贸中心
8013,千机变
8014,酷狗上学记
8015,非诚勿扰
8016,魔鬼司令
8017,伙头军传奇
8018,大丈夫日记
8019,007之黑日危机
8020,憨豆先生
8021,家有喜事2009
8022,寻找周杰伦
8023,X战警3：背水一战
8024,魔力麦克2
8025,第五元素
8026,真味小厨王
8027,欲女
8028,超级无敌掌门狗：人兔的诅咒
8029,魅影迷情
8030,金玉满堂
8031,青面兽杨志
8032,汪洋中的一条船
8033,情迷翡冷翠
8034,神秘河
8035,尖叫皇后
8036,母牛总动员
8037,波罗的海海盗
8038,丑探七个半
8039,一个人的奥林匹克
8040,红河
8041,流言蜚语
8042,赤壁(下)
8043,耳朵大有福
8044,斯巴达300勇士
8045,藏龙
8046,插翅难飞
8047,龙虎英雄
8048,神剑震江湖
8049,东京审判
8050,侠女传奇
8051,大偷袭
8052,重振精武门
8053,泥鳅也是鱼
8054,冒险王
8055,一刀倾城
8056,江北好人
8057,亚特兰蒂斯2：神秘的水晶
8058,疯狂的赛车
8059,逃学威龙2
8060,第十九层空间
8061,新忠烈图
8062,神枪手
8063,戏王之王
8064,礼物
8065,功夫熊猫
8066,小兵张嘎
8067,马达加斯加2：逃往非洲
8068,白夜行
8069,熊的传说
8070,龙之战
8071,神奇四侠
8072,保持通话
8073,整十码
8074,种鬼
8075,死亡契约
8076,全民超人汉考克
8077,怪物史瑞克2
8078,来的都是客
8079,夏日追踪
8080,大汉风之鸿门宴
8081,光荣岁月
8082,高度戒备
8083,歌剧魅影
8084,抓壮丁
8085,文雀
8086,红磨坊
8087,逃学威龙3之龙过鸡年
8088,割草者
8089,火锅英雄
8090,灰色夜枭
8091,精舞门
8092,太阳王公
8093,杨门女将之天波府风波
8094,杨门女将之女将初征
8095,杨门女将之女儿当自强
8096,边城
8097,皇家师姐3：雌雄大盗
8098,梁山伯与祝英台新传
8099,小猪大行动
8100,整蛊大亨
8101,三国之见龙卸甲
8102,宋家皇朝
8103,奔向盐湖城
8104,即日启程
8105,霹雳娇娃2
8106,虎胆龙威2
8107,麻雀要革命
8108,百分百感觉
8109,江山美人
8110,伦敦陷落
8111,最佳女婿
8112,金牌制作人
8113,高卢勇士斗凯撒
8114,少林寺弟子
8115,至尊三十六计之偷天换日
8116,小李广花荣
8117,爱情呼叫转移Ⅱ：爱情左右
8118,赤壁(上)
8119,老鼠爱上猫
8120,冲出康普顿
8121,来电惊魂
8122,巧奔妙逃
8123,超人归来
8124,雷横与朱仝
8125,兵临城下
8126,乐自芳邻来
8127,国家宝藏：夺宝秘笈
8128,扈三娘与矮脚虎王英
8129,陆小凤传奇之血衣之谜
8130,芳香之旅
8131,博物馆奇妙夜
8132,棕榈树丛
8133,偷神家族
8134,四大金钗
8135,金刚归来
8136,江南平寇记
8137,三女休夫
8138,生死速递
8139,极限挑战之皇家宝藏
8140,神剑七式
8141,我是间谍
8142,向左走·向右走
8143,肥佬教授
8144,情牵一线
8145,皇家女将
8146,憨豆的黄金周
8147,第六计
8148,燃情狙击手
8149,超人总动员
8150,007之择日而亡
8151,恐怖因素
8152,赌侠之人定胜天
8153,自然城市
8154,离开雷锋的日子
8155,极度重犯
8156,地狱男爵
8157,下课后：回想小时候
8158,顺流逆流
8159,永不妥协
8160,喋血双雄
8161,龙威父子
8162,功夫神犬
8163,大富之家
8164,抢钱夫妻
8165,浓情巧克力
8166,第一滴血4
8167,大空头
8168,宝贝双龙
8169,暴力刑警
8170,特警屠龙
8171,风雨同路
8172,我最好朋友的婚礼
8173,再战江湖
8174,环游地球八十天
8175,龙兄虎弟
8176,云中漫步
8177,逃出克隆岛
8178,神勇奶爸
8179,花魁杜十娘
8180,小孩不笨2
8181,合约情人
8182,火云传奇
8183,长江七号
8184,王牌对王牌
8185,猛龙
8186,金刚复活
8187,箭士柳白猿
8188,夕阳天使
8189,星球大战前传1：幽灵的威胁
8190,新精武门1991
8191,一本漫画闯天涯
8192,六指琴魔
8193,盗火线
8194,暗流2：末日天使
8195,看车人的七月
8196,狙击电话亭
8197,星际宝贝史迪奇
8198,暗流
8199,落叶归根
8200,家有喜事
8201,集结号
8202,撒哈拉
8203,香草的天空
8204,百变星君
8205,虎胆龙威
8206,好小子之游侠儿
8207,不死鸟
8208,黑风暴
8209,炮弹飞车
8210,玩命快递2
8211,侏罗纪公园
8212,过年
8213,赌侠2：上海滩赌圣
8214,整蛊专家
8215,我的野蛮女老师
8216,金装大酒店
8217,风云雄霸天下
8218,钟楼怪人2：老实钟的秘密
8219,任长霞
8220,魔宫夺宝奇兵皇冠大宝藏
8221,功夫之王
8222,再说一次我爱你
8223,投名状
8224,陆小凤传奇之凤舞九天
8225,陆小凤传奇之剑神一笑
8226,查理和巧克力工厂
8227,男儿本色
8228,空中撤离
8229,花好月圆
8230,龙在少林
8231,大周秘案
8232,上海正午
8233,傲气雄鹰
8234,森林泰山
8235,千年魔界
8236,佛山赞先生
8237,碧水寒山夺命金
8238,火种
8239,邪斗邪
8240,武侠七公主
8241,决一死战
8242,作秀时刻
8243,白马飞飞
8244,烈火金钢
8245,大决战之辽沈战役
8246,地雷战
8247,地道战
8248,黄大仙
8249,星银岛
8250,酒仙十八跌
8251,疑神疑鬼
8252,人鬼情未了
8253,侠女怨
8254,钱王拳王
8255,D7特警
8256,大内神捕
8257,喋血危情
8258,纵横天下
8259,龙虎少爷
8260,猜·情·寻
8261,天子骄龙
8262,笑林小子2：新乌龙院
8263,盲剑·血滴子
8264,军阀趣史
8265,多情双宝环
8266,獨臂空手刀
8267,天残地缺
8268,观世音大战海龙王
8269,情义之战
8270,醉生梦死之湾仔之虎
8271,拳神
8272,赤裸特工
8273,低一点的天空
8274,猎豹行动
8275,八宝奇兵
8276,魔鬼末日
8277,新流星蝴蝶剑
8278,望夫成龙
8279,大蛇王
8280,军中乐园
8281,甩皮鬼
8282,霹雳神鹰
8283,阴阳路3：升棺发财
8284,安娜与武林
8285,洗黑钱
8286,魔唇劫
8287,吴三桂与陈圆圆
8288,猛鬼霸王花
8289,杀手壕
8290,干将莫邪绝情
8291,小飞侠2：梦不落帝国
8292,武状元苏乞儿
8293,全职大盗
8294,弹指神功
8295,中环英雄
8296,致命密函
8297,飞渡卷云山
8298,龙腾虎跃
8299,飞鹰计划
8300,黑金
8301,布鲁克林
8302,刀剑笑
8303,日落卡门
8304,蜀山：新蜀山剑侠
8305,黑猫
8306,飞龙猛将
8307,黄飞鸿'92之龙行天下
8308,武神黑侠
8309,杀手之王
8310,黄飞鸿之铁鸡斗蜈蚣
8311,贼王
8312,黄金岛历险记
8313,警察扒手两家亲
8314,僵尸先生
8315,神经刀与飞天猫
8316,一招半式闯江湖
8317,后会无期
8318,白幽灵传奇之绝命逃亡
8319,叉手
8320,咒怨2(美版)
8321,旺角的天空3之终极边缘
8322,咒怨：终结的开始
8323,爸爸去哪儿2
8324,92班
8325,凯撒必须死
8326,千王斗千霸
8327,咒怨(美版)
8328,京城81号
8329,一次邂逅
8330,黄埔滩头
8331,萨杜斯
8332,一步之遥
8333,双雄斗智
8334,不惧风暴
8335,我的早更女友
8336,咒怨：白老妇
8337,迁徙的鸟
8338,法老与众神
8339,超体
8340,战斗列车
8341,老男孩猛龙过江
8342,老千2：神之手
8343,干涸的夏天
8344,大鳄群雌
8345,火星人玩转地球
8346,濠江风云
8347,几近成名
8348,重返20岁
8349,舞出我人生5
8350,扑通扑通我的人生
8351,潜伏2
8352,少女怪谈
8353,鼠
8354,咒怨：黑少女
8355,撒娇女人最好命
8356,疾速追杀
8357,香魂女
8358,冰毒
8359,法官老爹
8360,中央车站
8361,老千
8362,天马茶房
8363,猩球崛起2：黎明之战
8364,太平轮(上)
8365,他和她的孤独情事
8366,武士道残酷物语
8367,分手大师
8368,四大名捕大结局
8369,心花路放
8370,白日梦
8371,危情
8372,忍者神龟：变种时代
8373,美国骗局
8374,美国心
8375,圣人文森特
8376,一夕风流恨事多
8377,魔警
8378,龙虎少年队2
8379,夜
8380,一生一台戏
8381,怒火保镖
8382,托梅斯的导盲犬
8383,同桌的妳
8384,双重人格
8385,表兄弟
8386,游客
8387,野草莓
8388,奇怪的她
8389,心声幻影
8390,狮子山下
8391,夜行者
8392,催眠大师
8393,女大不中留
8394,舞牛
8395,罗伯托·罗西里尼生平纪录
8396,春满芭提雅
8397,天才眼镜狗
8398,马丁·斯科塞斯的意大利电影之旅
8399,十万个冷笑话
8400,I型起源
8401,狗镇
8402,尴尬时刻
8403,智取威虎山
8404,弗兰西丝·哈
8405,弥赛亚
8406,霍比特人3：五军之战
8407,少年斯派维的奇异旅行
8408,笛卡尔
8409,钓鱼岛真相
8410,大幻影
8411,意大利：共和国元年
8412,浪客剑心：传说的完结篇
8413,美第奇时代
8414,白日梦想家
8415,鸣梁海战
8416,乌鼠机密档案
8417,小叮当与海盗仙子
8418,布莱兹·帕斯卡尔
8419,旺角的天空2之男燒衣
8420,希波主教奥古斯丁
8421,旺角的天空
8422,苏格拉底
8423,马达加斯加的企鹅
8424,使徒行传
8425,推拿
8426,无名家族
8427,女性瘾者：第二部
8428,伸冤人
8429,浪客剑心：京都大火篇
8430,路易十四的崛起
8431,女性瘾者：第一部
8432,罗戈帕格
8433,相残
8434,黑暗的灵魂
8435,金刚狼2
8436,意大利万岁
8437,一个人的武林
8438,冬眠
8439,狂怒
8440,瓦尼娜·瓦尼尼
8441,地狱为何恶劣
8442,夜色朦胧逃脱时
8443,壮志凌云
8444,移动迷宫
8445,不安
8446,300勇士：帝国崛起
8447,游览意大利
8448,史崔特先生的故事
8449,鬼书
8450,自由在哪里？
8451,雪国列车
8452,半世纪爱情
8453,邻居同居
8454,一九五一年的欧洲
8455,王牌播音员2
8456,我们女人
8457,如果我留下
8458,秘密炸弹
8459,阿基拉
8460,追爱大布局
8461,痞子英雄2：黎明升起
8462,圣弗朗西斯之花
8463,穿裘皮的维纳斯
8464,火山边缘之恋
8465,鲁邦三世VS名侦探柯南
8466,黎巴嫩
8467,城市英雄
8468,听见下雨的声音
8469,大梦想家
8470,摔角王
8471,丽芙与英格玛
8472,猫和老鼠：迷失之龙
8473,维拉·德雷克
8474,新浪潮双杰
8475,回归
8476,完全伯格曼
8477,玛德莲堕落少女
8478,轮回
8479,季风婚宴
8480,罪恶之城2
8481,生命的圆圈
8482,驯龙高手2
8483,看见台湾
8484,醉乡民谣
8485,暴雨将至
8486,北京爱情故事
8487,空中营救
8488,他们微笑的样子
8489,两生花
8490,那夜凌晨，我坐上了旺角开往大埔的红VAN
8491,杀死汝爱
8492,傲气盖天
8493,内布拉斯加
8494,龙之谷：破晓奇兵
8495,公主追杀令
8496,三轮车夫
8497,六福喜事
8498,再见，我的新郎
8499,爱情万岁
8500,剑风传奇
8501,绣春刀
8502,银色·性·男女
8503,早安
8504,唯爱永生
8505,北斗七星
8506,早春
8507,爸爸去哪儿
8508,短暂和平
8509,酒店
8510,变形金刚4：绝迹重生
8511,小逃亡者
8512,白发魔女传之明月天国
8513,非常父女档
8514,X战警：逆转未来
8515,悲哀的桃乐丝
8516,米奇与魔豆
8517,洛克
8518,在罗马的阳光下
8519,空中监狱
8520,冬荫功2：拳霸天下
8521,大地之光
8522,金瓶梅
8523,千言万语
8524,我所追逐的是爱情
8525,去见小洋葱的母亲
8526,我最好朋友的生日
8527,坏孩子的天空
8528,绝美之城
8529,007外传之巡弋飞弹
8530,白船
8531,黑帮暴徒
8532,怎样都行
8533,花火
8534,卡珊德拉之梦
8535,沉睡魔咒
8536,别喝生水
8537,再见溪谷
8538,曼哈顿谋杀疑案
8539,和巴什尔跳华尔兹
8540,丈夫、太太与情人
8541,反光/光的反射
8542,少年时代
8543,夜色行动
8544,影与雾
8545,灵触
8546,机器人9号
8547,小小的家
8548,罪与错
8549,安德的游戏
8550,另一个女人
8551,暴力街区
8552,起风了
8553,长大成人2
8554,长大成人
8555,邻居大战
8556,蠢蛋搞怪秀4：坏外公
8557,皮囊之下
8558,天降美食2
8559,小狐仙
8560,分歧者：异类觉醒
8561,冰雪奇缘
8562,三骑士
8563,罗马之春
8564,疯狂约会美丽都
8565,香蕉天堂
8566,我的邻居山田君
8567,天注定
8568,渺渺
8569,超凡蜘蛛侠2
8570,阿尔及尔之战
8571,谍战马德拉斯
8572,神父有难
8573,魔女嘉莉
8574,极品飞车
8575,无线电时代
8576,秋菊打官司
8577,辛亥双十
8578,浮生录
8579,长长的逆光
8580,活死人之日
8581,少年收容所
8582,致候吾友
8583,飞行员归来
8584,顽主
8585,前任攻略
8586,冰封：重生之门
8587,超验骇客
8588,星际传奇3
8589,诺亚方舟：创世之旅
8590,胜者即是正义SP
8591,沙漠驼影
8592,街头霸王：暗杀拳
8593,情怀九月天
8594,蒙古精神
8595,城寨出来者
8596,性爱狂想曲
8597,上海正午2：上海骑士
8598,仙履奇缘2：美梦成真
8599,心之魅影
8600,窃听风云3
8601,喜爱夜蒲3
8602,白发魔女2
8603,秋日和
8604,修女艾达
8605,逃离地球
8606,时光情书
8607,白宫管家
8608,她爱上了我的谎
8609,汉娜姐妹
8610,君臣人子小命呜呼
8611,铁人
8612,广东靓仔玉
8613,仙履奇缘
8614,突袭2：暴徒
8615,苦妓追忆录
8616,关于伊丽
8617,归来
8618,苦恋
8619,午餐盒
8620,弗鲁特韦尔车站
8621,优雅的谎言
8622,回家的路
8623,丹尼玫瑰
8624,悲情城市
8625,诀窍
8626,邪完再邪
8627,Deep
8628,尘中之舞
8629,苍白骑士
8630,秋刀鱼之味
8631,警察故事2013
8632,大稻埕
8633,一触即发
8634,斯大林格勒
8635,里约大冒险2
8636,生死倒数
8637,疯狂的米罗
8638,圣洁酒徒的传奇
8639,海牙
8640,天堂之门
8641,天降美食
8642,赌神3之少年赌神
8643,机械战警
8644,千王之王2000
8645,我出生了，但……
8646,仁心与冠冕
8647,扫毒
8648,恶战
8649,机器战警3
8650,乔
8651,森林战士
8652,现代豪侠传
8653,东方三侠
8654,东方秃鹰
8655,僵尸
8656,托卡列夫
8657,林来疯
8658,如父如子
8659,星尘往事
8660,私人订制
8661,神偷奶爸2
8662,杀人短片
8663,机遇之歌
8664,双龙会
8665,神经大侠
8666,寂静太阳年
8667,机器战警2
8668,爱情短片
8669,浮草物语
8670,机器战警
8671,赌神
8672,四大名捕2
8673,总铺师
8674,最佳出价
8675,宿敌
8676,赤焰战场2
8677,心竞技
8678,菲利普船长
8679,爱情外一章
8680,我心深处
8681,去年在马里昂巴德
8682,为我谱上乐章
8683,烟花星期三
8684,父亲在世时
8685,美丽城
8686,无人区
8687,我爱的是你爱我
8688,极速风流
8689,辣手神探
8690,阿信
8691,弯刀杀戮
8692,离巨星二十英尺
8693,蓝精灵2
8694,佐州自救兄弟
8695,出头人
8696,爱与死
8697,大战争
8698,伟大的转折
8699,安妮·霍尔
8700,王牌播音员
8701,米芽米咕人
8702,亚瑟·圣诞
8703,有人赞美聪慧，有人则不
8704,西游记之大闹天宫
8705,告诉他们，我乘白鹤去了
8706,波西·杰克逊与魔兽之海
8707,太极侠
8708,阿黛尔的生活
8709,美国队长2
8710,火鸡总动员
8711,呆头鹅
8712,傻瓜大闹科学城
8713,化身博士
8714,折磨
8715,五遁忍术
8716,狐狸与猎狗2：永远的朋友
8717,蠢蛋搞怪秀3.5
8718,刺杀肯尼迪
8719,独生子
8720,森林王子2
8721,全民目击
8722,极速蜗牛
8723,爸妈不在家
8724,澳门风云
8725,冰封之地
8726,八月：奥色治郡
8727,白日焰火
8728,风流绅士
8729,杀戮演绎
8730,出了什么事，老虎百合？
8731,玛丽娅的画像
8732,阿伦人
8733,柠檬可乐
8734,森林王子
8735,蠢蛋搞怪秀2
8736,记忆裂痕
8737,九星报喜
8738,飞虎出征
8739,樱，重逢的加奈子
8740,花容月貌
8741,迷途知返
8742,偷书贼
8743,安东与安东妮
8744,男与女
8745,星际传奇2
8746,大白鲨4
8747,尽善尽美
8748,明天记得爱上我
8749,从海底出击
8750,囚徒
8751,逃出生天
8752,家园防线
8753,独行侠
8754,我们等待自由
8755,霍比特人2：史矛革之战
8756,毁灭号地车
8757,不法之徒
8758,灵魂奔跑者
8759,大白鲨3
8760,谁陷害了兔子罗杰
8761,长江7号爱地球
8762,美姐
8763,护士3D
8764,环太平洋
8765,一切尽失
8766,绿光
8767,梁上君子
8768,尼罗河上的惨案
8769,大地之歌
8770,大白鲨2
8771,逃出熔炉
8772,生命的烙印
8773,蓝白红三部曲之白
