肖申克的救赎,遗愿清单,similar
霸王别姬,风月,similar
阿甘正传,荒岛余生,similar
泰坦尼克号,洪水泛滥之前,similar
这个杀手不太冷,最后决战,similar
美丽人生,第七天堂,similar
千与千寻,哈尔的移动城堡,similar
辛德勒的名单,横冲直撞大逃亡,similar
盗梦空间,敦刻尔克,similar
忠犬八公的故事,狗脸的岁月,similar
星际穿越,敦刻尔克,similar
楚门的世界,金・凯瑞：我需要色彩,similar
海上钢琴师,处女地,similar
三傻大闹宝莱坞,孟买日记,similar
机器人总动员,飞屋环游记,similar
放牛班的春天,与我同行,similar
无间道,老鼠爱上猫,similar
疯狂动物城,无敌破坏王,similar
大话西游之大圣娶亲,大话西游之月光宝盒,similar
熔炉,82年生的金智英,similar
教父,教父3,similar
控方证人,倒扣的王牌,similar
当幸福来敲门,国王理查德,similar
触不可及,托梅斯的导盲犬,similar
怦然心动,恋爱诊疗中,similar
龙猫,天空之城,similar
末代皇帝,小花,similar
蝙蝠侠：黑暗骑士,蝙蝠侠：黑暗骑士崛起,similar
寻梦环游记,美食总动员,similar
活着,代号美洲豹,similar
哈利・波特与魔法石,哈利・波特与密室,similar
指环王3：王者无敌,指环王2：双塔奇兵,similar
乱世佳人,第七天堂,similar
素媛,兹山鱼谱,similar
飞屋环游记,机器人总动员,similar
摔跤吧！爸爸,孟买日记,similar
我不是药神,奇迹・笨小孩,similar
何以为家,四个自杀的少女,similar
十二怒汉,四个自杀的少女,similar
哈尔的移动城堡,红猪,similar
少年派的奇幻漂流,推手,similar
鬼子来了,芙蓉镇,similar
大话西游之月光宝盒,大话西游之大圣娶亲,similar
猫鼠游戏,横冲直撞大逃亡,similar
天空之城,崖上的波妞,similar
天堂电影院,黑风暴,similar
指环王2：双塔奇兵,指环王3：王者无敌,similar
闻香识女人,热天午后,similar
钢琴家,斯大林格勒,similar
罗马假日,恋爱诊疗中,similar
让子弹飞,好奇害死猫,similar
海蒂和爷爷,八月,similar
指环王1：护戒使者,指环王3：王者无敌,similar
黑客帝国,黑客帝国2：重装上阵,similar
大闹天宫,哪吒闹海,similar
辩护人,汉江怪物,similar
教父2,火线特攻,similar
死亡诗社,爱在黎明破晓前,similar
狮子王,狮子王3,similar
绿皮书,幻影,similar
搏击俱乐部,燃情岁月,similar
饮食男女,喜宴,similar
美丽心灵,驱魔者,similar
本杰明・巴顿奇事,通天塔,similar
窃听风暴,无主之作,similar
情书,喜剧,similar
穿条纹睡衣的男孩,短发和卷发,similar
两杆大烟枪,怒火攻心,similar
西西里的美丽传说,大战争,similar
看不见的客人,神秘失踪,similar
拯救大兵瑞恩,横冲直撞大逃亡,similar
音乐之声,歌舞大王齐格飞,similar
飞越疯人院,各怀鬼胎,similar
小鞋子,有人赞美聪慧，有人则不,similar
阿凡达,异形2,similar
哈利・波特与死亡圣器(下),哈利・波特与凤凰社,similar
沉默的羔羊,困在时间里的父亲,similar
海豚湾,最大的小小农场,similar
致命魔术,皮囊之下,similar
禁闭岛,剃须记,similar
布达佩斯大饭店,法兰西特派,similar
美国往事,作秀时刻,similar
蝴蝶效应,彗星来的那一夜,similar
心灵捕手,最后的决斗,similar
低俗小说,不死劫,similar
春光乍泄,三轮车夫,similar
摩登时代,面团与炸药,similar
七宗罪,瓦尼娜・瓦尼尼,similar
喜剧之王,杀手壕,similar
致命ID,安娜斯塔西娅,similar
杀人回忆,汉江怪物,similar
功夫,活着有明天,similar
被嫌弃的松子的一生,住在空中,similar
加勒比海盗,加勒比海盗5：死无对证,similar
哈利・波特与阿兹卡班的囚徒,哈利・波特与凤凰社,similar
超脱,花木兰2,similar
红辣椒,短暂和平,similar
狩猎,酒精计划,similar
请以你的名字呼唤我,桑格莉之夏,similar
7号房的礼物,我爱你,similar
剪刀手爱德华,查理和巧克力工厂,similar
勇敢的心,超级女特工,similar
断背山,宿敌,similar
唐伯虎点秋香,梦边缘,similar
入殓师,爱的亡灵,similar
天使爱美丽,恋爱诊疗中,similar
第六感,虎胆龙威2,similar
哈利・波特与密室,哈利・波特与魔法石,similar
重庆森林,三轮车夫,similar
爱在黎明破晓前,爱在日落黄昏时,similar
幽灵公主,天空之城,similar
一一,牯岭街少年杀人事件,similar
小森林,为什么猫都叫不来,similar
蝙蝠侠：黑暗骑士崛起,蝙蝠侠：黑暗骑士,similar
阳光灿烂的日子,寻枪,similar
菊次郎的夏天,爱的亡灵,similar
超能陆战队,夏日友晴天,similar
完美的世界,遗嘱,similar
无人知晓,步履不停,similar
消失的爱人,猜・情・寻,similar
爱在日落黄昏时,爱在黎明破晓前,similar
倩女幽魂,变身男女,similar
借东西的小人阿莉埃蒂,千与千寻,similar
甜蜜蜜,双城故事,similar
侧耳倾听,阿雅与魔女,similar
幸福终点站,猫鼠游戏,similar
萤火之森,阿赫迈德王子历险记,similar
驯龙高手,驯龙高手3,similar
时空恋旅人,大侦探皮卡丘,similar
玛丽和马克思,难以置信,similar
怪兽电力公司,怪兽大学,similar
教父3,教父,similar
大鱼,母牛总动员,similar
一个叫欧维的男人决定去死,四个自杀的少女,similar
告白,恐怖走廊,similar
玩具总动员3,玩具总动员2,similar
傲慢与偏见,一夜迷情,similar
神偷奶爸,神偷奶爸3,similar
阳光姐妹淘,非常主播,similar
釜山行,82年生的金智英,similar
射雕英雄传之东成西就,东邪西毒：终极版,similar
寄生虫,汉江怪物,similar
被解救的姜戈,八恶人,similar
恐怖直播,天才枪手,similar
未麻的部屋,红海龟,similar
哪吒闹海,大闹天宫,similar
血战钢锯岭,猫头鹰王国：守卫者传奇,similar
我是山姆,情迷翡冷翠,similar
头号玩家,横冲直撞大逃亡,similar
哈利・波特与火焰杯,哈利・波特与凤凰社,similar
新世界,赌徒鲍伯,similar
七武士,活人的记录,similar
喜宴,推手,similar
模仿游戏,1917,similar
黑客帝国3：矩阵革命,黑客帝国2：重装上阵,similar
花样年华,2046,similar
电锯惊魂,电锯惊魂3,similar
头脑特工队,玩具总动员4,similar
三块广告牌,成长边缘,similar
卢旺达饭店,狗狗旅馆,similar
你的名字。,舍与得,similar
达拉斯买家俱乐部,撒哈拉,similar
疯狂原始人,疯狂原始人2,similar
上帝之城,赌徒鲍伯,similar
谍影重重3,谍影重重2,similar
风之谷,天空之城,similar
英雄本色,义胆红唇,similar
心迷宫,天才枪手,similar
纵横四海,七龙珠,similar
惊魂记,群鸟,similar
九品芝麻官,赌侠2：上海滩赌圣,similar
岁月神偷,与鸭共舞,similar
海街日记,如父如子,similar
记忆碎片,蚁蛉,similar
忠犬八公物语,唇上之歌,similar
荒蛮故事,人咬狗,similar
绿里奇迹,芬奇,similar
爱在午夜降临前,爱在日落黄昏时,similar
爆裂鼓手,爱乐之城,similar
贫民窟的百万富翁,午餐盒,similar
小偷家族,比海更深,similar
真爱至上,傲气盖天,similar
东邪西毒,东邪西毒：终极版,similar
无敌破坏王,无敌破坏王2：大闹互联网,similar
色，戒,三轮车夫,similar
疯狂的石头,疯狂的外星人,similar
冰川时代,冰川时代2：融冰之灾,similar
黑天鹅,爱情无线牵,similar
你看起来好像很好吃,镜中的梦幻城,similar
雨中曲,爱尔斯特的呼声,similar
恐怖游轮,神秘失踪,similar
2001太空漫游,飞翔的牧师,similar
雨人,午夜牛郎,similar
恋恋笔记本,时间旅行者的妻子,similar
魔女宅急便,红猪,similar
萤火虫之墓,岁月的童话,similar
城市之光,恶霸,similar
遗愿清单,不可饶恕,similar
茶馆,德军占领的卢浮宫,similar
可可西里,赌徒鲍伯,similar
大佛普拉斯,天马茶房,similar
虎口脱险,欢迎来到东莫村,similar
无间道2,叶问：终极一战,similar
牯岭街少年杀人事件,一一,similar
人工智能,E.T.外星人,similar
初恋这件小事,恋爱诊疗中,similar
源代码,宿敌,similar
海边的曼彻斯特,打开心世界,similar
东京教父,红辣椒,similar
罗生门,静夜之决斗,similar
背靠背，脸对脸,错位,similar
终结者2：审判日,铁血战士,similar
二十二,三十二,similar
奇迹男孩,你怎么知道,similar
小丑,作秀时刻,similar
青蛇,万重浪,similar
房间,忠犬八公的故事,similar
波西米亚狂想曲,初恋这首情歌,similar
新龙门客栈,追踪眼前人,similar
疯狂的麦克斯4：狂暴之路,暗黑之地,similar
无耻混蛋,为奴十二年,similar
魂断蓝桥,第七天堂,similar
血钻,洪水泛滥之前,similar
步履不停,比海更深,similar
黑客帝国2：重装上阵,黑客帝国3：矩阵革命,similar
千钧一发,乐自芳邻来,similar
彗星来的那一夜,海市蜃楼,similar
战争之王,乔,similar
崖上的波妞,天空之城,similar
燃情岁月,生命之树,similar
谍影重重2,谍影重重,similar
爱乐之城,爆裂鼓手,similar
阿飞正传,旺角卡门,similar
海洋,灰色夜枭,similar
谍影重重,谍影重重2,similar
心灵奇旅,红海龟,similar
穿越时空的少女,舍与得,similar
再次出发之纽约遇见你,一夜迷情,similar
香水,万能钥匙,similar
地球上的星星,孟买日记,similar
火星救援,最后的决斗,similar
朗读者,超级无敌掌门狗：人兔的诅咒,similar
我爱你,老手,similar
完美陌生人,托梅斯的导盲犬,similar
末路狂花,与魔鬼同行,similar
千年女优,鲁邦三世：血烟的石川五右卫门,similar
驴得水,托梅斯的导盲犬,similar
聚焦,狐狸猎手,similar
小萝莉的猴神大叔,托梅斯的导盲犬,similar
奇迹・笨小孩,我不是药神,similar
玫瑰岛的不可思议的历史,何二狗的名单,similar
七年之痒,坏种,similar
庆典,幻影,similar
警察,诱拐,similar
午夜狂奔,作秀时刻,similar
马路天使,托梅斯的导盲犬,similar
新蝙蝠侠,小飞象,similar
龙凤配,战地军魂,similar
秦时明月之一舞倾城,阿尔及尔之战,similar
倒扣的王牌,坏种,similar
永恒族,沉睡魔咒,similar
君子协定,黑风暴,similar
鲁冰花,八月,similar
浅田家！,小小的家,similar
柏林艳史,大人与小孩,similar
白酋长,大路,similar
愤怒青年,红孩儿,similar
朝圣之路,喝彩！,similar
熊出没・重返地球,熊出没・变形记,similar
月球陨落,撞车,similar
璇宫艳舞,大人与小孩,similar
与我同行,望着我,similar
这个杀手不太冷静,李茂扮太子,similar
阿波罗10?号：太空时代的童年,摇滚校园,similar
艳曲迷魂,火球,similar
狙击手,最忆是杭州,similar
塔米・菲的眼睛,灵魂奔跑者,similar
篮球女王,女孩的战地滑板课,similar
漫长的告别,跨越栅栏,similar
皆为爱,我和吸铁石和一个死去的朋友,similar
开罗谍报战,大人与小孩,similar
爱情狂奔,偷吻,similar
豪客,四王一后,similar
涉足荒野,信笺故事,similar
错位,背靠背，脸对脸,similar
忠勇之家,黄金时代,similar
波斯语课,四个自杀的少女,similar
大人与小孩,璇宫艳舞,similar
光棍儿,托梅斯的导盲犬,similar
蠢蛋搞怪到永远,蠢蛋搞怪秀,similar
良宵苦短,妮诺契卡,similar
古董局中局,活着,similar
打开心世界,桑格莉之夏,similar
死亡工厂,柏林艳史,similar
火球,妮诺契卡,similar
青山翠谷,八月,similar
婚姻生活,呼喊与细语,similar
阿牛入城记,阿牛发达记,similar
大都会,上帝难为,similar
以年为单位的恋爱,你的婚礼,similar
琴茧,真心的符号,similar
午夜,妮诺契卡,similar
门锁,万万没想到：千钧一发,similar
青春变形记,大坏狐狸的故事,similar
妮诺契卡,午夜,similar
水俣曼荼罗,探索频道：生命的速度,similar
反贪风暴5：最终章,龙虎j兰街,similar
蜘蛛侠：英雄无归,蜘蛛侠,similar
蓝胡子的第八任妻子,妮诺契卡,similar
偷吻,爱情狂奔,similar
龙虎走天涯,过江龙独闯虎穴,similar
深渊,蝇王,similar
梅艳芳,杀破狼・贪狼,similar
西区故事,横冲直撞大逃亡,similar
浮生若梦,一夜风流,similar
坏种,桃色公寓,similar
雄狮少年,勇闯天下,similar
小人物,惩罚者2：战争特区,similar
总是有爱在隔离,特警新人类,similar
穿过寒冬拥抱你,痞子英雄2：黎明升起,similar
古驰家族,男孩和自行车的故事,similar
纪念品：第二部分,纪念品,similar
爱之歌,混合容器,similar
混合容器,飞蛾之光,similar
The,混合容器,similar
Crack,眼之谜,similar
恒星,混合容器,similar
色彩黑白研究,混合容器,similar
黑冰,混合容器,similar
为了玛丽莲,眼之谜,similar
Delicacies,混合容器,similar
全神贯注的凝视,混合容器,similar
愤怒之网,眼之谜,similar
夜间音乐,混合容器,similar
Hell,混合容器,similar
但丁四重奏,混合容器,similar
我……做梦,翻绳作戏,similar
儿童游戏,混合容器,similar
星辰美丽,翻绳作戏,similar
现世欢乐的花园,混合容器,similar
荒野阴影,眼之谜,similar
眼之谜,荒野阴影,similar
飞蛾之光,混合容器,similar
水窗中的颤动婴儿,星辰美丽,similar
翻绳作戏,星辰美丽,similar
左拉传,幻影,similar
旺达幻视,神奇四侠2015,similar
曾经相爱的我们,杀手壕,similar
太极拳,佛都有火,similar
意外空间,没有面孔的恶魔,similar
白蛇传・情,黑风暴,similar
甘草披萨,情迷翡冷翠,similar
龙牌之谜,杀手壕,similar
守岛人,硬汉2：奉陪到底,similar
一切顺利,花容月貌,similar
歌舞大王齐格飞,歌厅,similar
海女,为什么猫都叫不来,similar
叛舰喋血记,从海底出击,similar
大佬爱美丽,环游地球八十天,similar
误杀2,黑猫,similar
贝尔法斯特,简爱,similar
空白,滚烫的爱,similar
龙的深处D失落的拼图,杀手壕,similar
布劳涅森林的女人们,奥菲斯,similar
财星高照,仁心与冠冕,similar
活泼的特丽萨,四个自杀的少女,similar
乱世春秋,第七天堂,similar
李茂扮太子,这个杀手不太冷静,similar
欢乐好声音2,欢乐好声音,similar
东京贵族女子,就这样，我们把金鱼放入了泳池,similar
飞龙再生,千机变,similar
无声,叔・叔,similar
犬之力,1917,similar
冰川时代：巴克・怀尔德的冒险之旅,冰川时代5：星际碰撞,similar
成龙的特技,飞鹰计划,similar
扬名立万,名侦探狄仁杰,similar
一个英雄,尘中之舞,similar
玉面情魔,多哥,similar
成龙的传奇,电影香江之功夫世家,similar
稻草狗,午夜牛郎,similar
鬼马两金刚,英雄对英雄,similar
火刑柱上的贞德,游览意大利,similar
长津湖之水门桥,长津湖,similar
爱情神话,夜・店,similar
小妈妈,女孩帮,similar
记忆,纪念品,similar
超级计划,功夫梦,similar
我和我的父辈,超时空同居,similar
健听女孩,庆典,similar
正发生,同义词,similar
扭计杂牌军,杀手壕,similar
同学麦娜丝,大佛普拉斯,similar
在你面前,逃走的女人,similar
倒数时刻,歌舞大王齐格飞,similar
威龙猛探,杀手壕,similar
我好奇之蓝,我好奇之黄,similar
艳女还魂,女校春色,similar
印度,白船,similar
铁道英雄,看车人的七月,similar
灵魂乐之夏,贾斯汀・比伯：永不言败,similar
浅草小子,左拉传,similar
神勇双响炮,飞越黄昏,similar
无尽攀登,龙之谷：破晓奇兵,similar
安妮特,弗兰西丝・哈,similar
麦克白的悲剧,血迷宫,similar
炮弹飞车2,杀手壕,similar
1950他们正年轻,探索频道：生命的速度,similar
黑客帝国：矩阵重启,黑客帝国2：重装上阵,similar
世界上最糟糕的人,恋爱诊疗中,similar
迷你特攻队,杀手壕,similar
我好奇之黄,我好奇之蓝,similar
五大汉,血滴子,similar
啄木鸟和雨,挪威的森林,similar
杀马特我爱你,探索频道：生命的速度,similar
杰伊・比姆,赌徒鲍伯,similar
圣母,花容月貌,similar
龙少爷,杀手壕,similar
长津湖,长津湖之水门桥,similar
不要抬头,超音速,similar
女孩和蜘蛛,四个自杀的少女,similar
三十六迷形拳,杀手壕,similar
好好拍电影,我的少女时代,similar
魔法满屋,佐州自救兄弟,similar
新・福音战士剧场版：终,异邦人：无皇刃谭,similar
女人,探索频道：生命的速度,similar
新生化危机,类人体,similar
少林木人巷,杀手壕,similar
狗脸的岁月,托梅斯的导盲犬,similar
天网,龙虎走天涯,similar
伴你高飞,海蒂和爷爷,similar
大饭店,黑风暴,similar
金猴降妖,铁扇公主,similar
国王理查德,当幸福来敲门,similar
法兰西特派,布达佩斯大饭店,similar
密宗圣手,码头大决斗,similar
405谋杀案,最后的广播,similar
算牌人,多哥,similar
忠烈图,死亡游戏,similar
天赐灵机,大坏狐狸的故事,similar
朱丽叶与梁山伯,与鸭共舞,similar
法兰西,阿黛尔的生活,similar
壮志千秋,安乐乡,similar
当我们仰望天空时看见什么？,四个自杀的少女,similar
拍案惊奇,佛跳墙,similar
肉体的代价,赌徒鲍伯,similar
舞衣,香港73,similar
听见天堂,四个自杀的少女,similar
细路祥,早知当初我唔嫁,similar
最后的决斗,心灵捕手,similar
花飞满城春,广东小老虎,similar
我这一辈子,德军占领的卢浮宫,similar
南法撩妹记,何二狗的名单,similar
百老汇旋律,棕榈树丛,similar
桃色公寓,坏种,similar
铁娃,新精武门,similar
紫日,伟大的转折,similar
鬼影实录：血亲,最后的广播,similar
码头大决斗,密宗圣手,similar
绣巾蒙面盗,谜一样的双眼,similar
朱门怨,舞衣,similar
彗星美人,四个自杀的少女,similar
剧场前,之后,similar
魔法阿妈,勇闯天下,similar
新小鬼当家,托梅斯的导盲犬,similar
鱿鱼游戏,熔炉,similar
埋伏,金毛狮王,similar
魁拔Ⅲ战神崛起,魁拔之大战元泱界,similar
毒液2,毒液：致命守护者,similar
北派功夫,杀手壕,similar
魁拔之大战元泱界,魁拔Ⅲ战神崛起,similar
007：无暇赴死,007：幽灵党,similar
合气道,电影香江之功夫世家,similar
财色惊魂,天才枪手,similar
电单车,蛇王子,similar
浮云世事,托梅斯的导盲犬,similar
魁拔之十万火急,魁拔Ⅲ战神崛起,similar
尚气与十环传奇,三轮车夫,similar
鬼怒川,侠女怨,similar
关于我妈的一切,我是你爸爸,similar
芬奇,荒岛余生,similar
侠女,少林寺弟子,similar
阿Q正传,四个自杀的少女,similar
名侦探柯南：绯色的子弹,名侦探柯南：绀青之拳,similar
荒江女侠,西游记,similar
恐惧拉斯维加斯,剪刀手爱德华,similar
吃人井,小姐弟荒原历险,similar
女人韵事,将来的事,similar
不夜城,任长霞,similar
法外之徒,影像之书,similar
鱼美人,女校春色,similar
峰爆,八卦莲花掌,similar
百战将军,黑水仙,similar
梁山伯与祝英台,生死恨,similar
一江春水向东流,乌鸦与麻雀,similar
逃犯贝贝,黑风暴,similar
大小黄天霸,龙争虎斗,similar
蔑视,话语的力量,similar
捉鼠记,邪,similar
爱・回家,八月,similar
大学,探索频道：生命的速度,similar
