movie_name,rank
肖申克的救赎,9.7
霸王别姬,9.6
阿甘正传,9.5
泰坦尼克号,9.4
这个杀手不太冷,9.4
美丽人生,9.6
千与千寻,9.4
辛德勒的名单,9.6
盗梦空间,9.4
星际穿越,9.4
忠犬八公的故事,9.4
楚门的世界,9.3
海上钢琴师,9.3
三傻大闹宝莱坞,9.2
机器人总动员,9.3
放牛班的春天,9.3
无间道,9.3
疯狂动物城,9.2
大话西游之大圣娶亲,9.2
熔炉,9.3
控方证人,9.6
教父,9.3
当幸福来敲门,9.2
触不可及,9.3
怦然心动,9.1
龙猫,9.2
末代皇帝,9.3
寻梦环游记,9.1
蝙蝠侠：黑暗骑士,9.2
活着,9.3
哈利·波特与魔法石,9.2
指环王3：王者无敌,9.3
乱世佳人,9.3
素媛,9.3
飞屋环游记,9.1
我不是药神,9.0
摔跤吧！爸爸,9.0
何以为家,9.1
十二怒汉,9.4
哈尔的移动城堡,9.1
少年派的奇幻漂流,9.1
鬼子来了,9.3
猫鼠游戏,9.1
大话西游之月光宝盒,9.0
天空之城,9.1
让子弹飞,9.0
钢琴家,9.3
指环王2：双塔奇兵,9.2
闻香识女人,9.1
天堂电影院,9.2
海蒂和爷爷,9.3
罗马假日,9.1
黑客帝国,9.1
指环王1：护戒使者,9.1
大闹天宫,9.4
死亡诗社,9.1
教父2,9.3
绿皮书,8.9
辩护人,9.2
狮子王,7.2
搏击俱乐部,9.0
饮食男女,9.2
美丽心灵,9.1
本杰明·巴顿奇事,9.0
窃听风暴,9.2
穿条纹睡衣的男孩,9.2
情书,8.9
两杆大烟枪,9.1
西西里的美丽传说,8.9
看不见的客人,8.8
音乐之声,9.1
拯救大兵瑞恩,9.1
飞越疯人院,9.1
小鞋子,9.2
阿凡达,8.8
哈利·波特与死亡圣器(下),8.9
沉默的羔羊,8.9
致命魔术,8.9
禁闭岛,8.9
海豚湾,9.3
布达佩斯大饭店,8.9
蝴蝶效应,8.9
美国往事,9.2
心灵捕手,8.9
低俗小说,8.9
春光乍泄,9.0
摩登时代,9.3
喜剧之王,8.8
七宗罪,nan
功夫,8.8
致命ID,8.8
哈利·波特与阿兹卡班的囚徒,8.9
超脱,9.0
杀人回忆,8.9
加勒比海盗,8.8
红辣椒,9.1
被嫌弃的松子的一生,8.9
狩猎,9.1
请以你的名字呼唤我,8.9
7号房的礼物,8.9
剪刀手爱德华,8.7
断背山,8.8
勇敢的心,8.9
唐伯虎点秋香,8.7
一一,9.1
哈利·波特与密室,8.8
入殓师,8.9
第六感,8.9
爱在黎明破晓前,8.8
重庆森林,8.8
天使爱美丽,8.7
蝙蝠侠：黑暗骑士崛起,8.8
幽灵公主,8.9
菊次郎的夏天,8.9
小森林,7.5
阳光灿烂的日子,8.9
超能陆战队,8.7
完美的世界,9.1
爱在日落黄昏时,8.9
无人知晓,9.1
消失的爱人,8.7
借东西的小人阿莉埃蒂,8.9
甜蜜蜜,8.9
倩女幽魂,5.4
侧耳倾听,8.9
时空恋旅人,8.8
幸福终点站,8.8
驯龙高手,8.8
萤火之森,8.9
怪兽电力公司,8.8
教父3,9.0
玛丽和马克思,8.9
一个叫欧维的男人决定去死,8.9
寄生虫,8.8
玩具总动员3,8.9
傲慢与偏见,8.7
大鱼,8.8
未麻的部屋,9.1
神偷奶爸,8.6
告白,8.8
釜山行,8.6
被解救的姜戈,8.8
阳光姐妹淘,8.3
射雕英雄传之东成西就,8.7
哈利·波特与火焰杯,8.7
哪吒闹海,9.1
我是山姆,9.0
恐怖直播,8.7
新世界,8.9
头号玩家,8.7
血战钢锯岭,8.7
模仿游戏,8.8
喜宴,9.0
七武士,9.3
花样年华,8.7
黑客帝国3：矩阵革命,8.8
头脑特工队,8.8
电锯惊魂,8.7
三块广告牌,8.7
九品芝麻官,8.7
达拉斯买家俱乐部,8.8
你的名字。,8.5
卢旺达饭店,8.9
疯狂原始人,8.7
上帝之城,9.0
惊魂记,9.0
谍影重重3,8.8
心迷宫,8.7
风之谷,8.9
英雄本色,8.6
纵横四海,8.8
海街日记,8.8
岁月神偷,8.7
记忆碎片,8.7
色，戒,8.6
忠犬八公物语,9.2
爱在午夜降临前,8.9
绿里奇迹,8.9
荒蛮故事,8.8
爆裂鼓手,8.7
茶馆,9.5
小偷家族,8.7
贫民窟的百万富翁,8.6
无敌破坏王,8.7
疯狂的石头,8.5
东邪西毒,8.6
真爱至上,8.6
冰川时代,8.6
雨中曲,9.1
恐怖游轮,8.5
你看起来好像很好吃,8.9
黑天鹅,8.6
2001太空漫游,8.9
魔女宅急便,8.7
雨人,8.7
恋恋笔记本,8.6
无间道2,8.7
遗愿清单,8.7
牯岭街少年杀人事件,8.9
大佛普拉斯,8.7
可可西里,8.9
城市之光,6.9
背靠背，脸对脸,9.5
小丑,8.7
萤火虫之墓,8.7
东京教父,9.0
源代码,8.5
虎口脱险,8.9
初恋这件小事,8.5
人工智能,8.7
海边的曼彻斯特,8.6
罗生门,8.8
青蛇,8.6
终结者2：审判日,8.8
波西米亚狂想曲,8.6
奇迹男孩,8.6
二十二,8.7
疯狂的麦克斯4：狂暴之路,8.6
新龙门客栈,8.7
心灵奇旅,8.7
房间,8.8
无耻混蛋,8.6
千钧一发,8.8
血钻,8.7
步履不停,8.8
魂断蓝桥,8.8
黑客帝国2：重装上阵,8.7
彗星来的那一夜,8.5
崖上的波妞,8.6
战争之王,8.7
爱乐之城,8.4
谍影重重2,8.7
燃情岁月,8.8
末路狂花,8.9
火星救援,8.5
阿飞正传,8.5
谍影重重,8.6
再次出发之纽约遇见你,8.6
海洋,9.1
千年女优,8.8
朗读者,8.6
穿越时空的少女,7.0
香水,8.5
地球上的星星,8.9
我爱你,9.1
完美陌生人,8.5
弱点,8.7
花束般的恋爱,8.6
驴得水,8.3
雾都孤儿,8.0
沉默,7.7
戏王之王,6.0
工作,7.4
奇迹·笨小孩,7.4
玫瑰岛的不可思议的历史,8.0
七年之痒,7.5
庆典,7.3
警察,7.4
午夜狂奔,8.5
马路天使,8.6
新蝙蝠侠,7.3
龙凤配,7.8
秦时明月之一舞倾城,9.1
倒扣的王牌,8.7
永恒族,5.8
君子协定,6.9
鲁冰花,8.8
浅田家！,8.3
柏林艳史,7.6
白酋长,7.3
愤怒青年,7.1
朝圣之路,8.4
熊出没·重返地球,6.5
月球陨落,5.4
璇宫艳舞,6.6
与我同行,7.5
这个杀手不太冷静,6.2
艳曲迷魂,7.6
狙击手,7.7
塔米·菲的眼睛,6.6
篮球女王,6.5
漫长的告别,7.6
皆为爱,8.3
开罗谍报战,6.8
爱情狂奔,8.0
豪客,nan
涉足荒野,7.7
错位,8.1
忠勇之家,7.6
波斯语课,8.1
大人与小孩,7.6
光棍儿,8.1
蠢蛋搞怪到永远,7.2
良宵苦短,7.3
古董局中局,5.9
打开心世界,8.2
死亡工厂,7.1
火球,7.6
青山翠谷,8.3
婚姻生活,9.1
阿牛入城记,6.1
大都会,9.1
以年为单位的恋爱,5.2
琴茧,6.7
午夜,7.8
门锁,4.3
青春变形记,8.2
妮诺契卡,7.9
水俣曼荼罗,9.3
反贪风暴5：最终章,4.6
蜘蛛侠：英雄无归,6.6
蓝胡子的第八任妻子,7.4
偷吻,7.9
龙虎走天涯,6.0
深渊,8.0
梅艳芳,6.9
西区故事,7.5
浮生若梦,7.6
坏种,6.0
雄狮少年,8.3
小人物,7.8
总是有爱在隔离,4.4
穿过寒冬拥抱你,6.0
古驰家族,6.3
纪念品：第二部分,7.2
爱之歌,5.6
混合容器,7.4
The,nan
Crack,nan
恒星,7.1
色彩黑白研究,nan
黑冰,6.9
为了玛丽莲,nan
Delicacies,nan
全神贯注的凝视,6.8
愤怒之网,7.1
夜间音乐,7.3
Hell,nan
但丁四重奏,7.7
我……做梦,7.2
儿童游戏,5.6
星辰美丽,6.8
现世欢乐的花园,7.7
荒野阴影,6.6
眼之谜,7.0
飞蛾之光,7.1
水窗中的颤动婴儿,8.1
翻绳作戏,7.1
左拉传,7.8
旺达幻视,9.0
曾经相爱的我们,2.8
太极拳,5.3
意外空间,7.6
白蛇传·情,8.0
甘草披萨,6.8
龙牌之谜,3.6
守岛人,7.4
一切顺利,7.4
歌舞大王齐格飞,7.4
海女,9.3
叛舰喋血记,7.9
大佬爱美丽,6.2
误杀2,5.7
贝尔法斯特,6.9
空白,7.3
龙的深处―失落的拼图,7.7
布劳涅森林的女人们,7.5
财星高照,7.1
活泼的特丽萨,nan
乱世春秋,6.0
李茂扮太子,4.3
欢乐好声音2,7.1
东京贵族女子,7.7
飞龙再生,6.0
无声,7.8
犬之力,7.8
冰川时代：巴克·怀尔德的冒险之旅,5.3
成龙的特技,8.8
扬名立万,7.4
一个英雄,7.6
玉面情魔,6.8
成龙的传奇,7.6
稻草狗,7.6
鬼马两金刚,nan
火刑柱上的贞德,nan
长津湖之水门桥,7.2
爱情神话,8.1
小妈妈,7.9
记忆,7.7
超级计划,6.9
我和我的父辈,6.5
健听女孩,8.6
正发生,7.9
扭计杂牌军,5.9
同学麦娜丝,7.9
在你面前,7.6
倒数时刻,8.2
威龙猛探,6.3
我好奇之蓝,6.6
艳女还魂,5.8
印度,7.8
铁道英雄,5.8
灵魂乐之夏,7.9
浅草小子,8.3
神勇双响炮,7.1
无尽攀登,8.1
安妮特,6.9
麦克白的悲剧,7.2
炮弹飞车2,5.7
1950他们正年轻,8.9
黑客帝国：矩阵重启,5.7
世界上最糟糕的人,7.9
迷你特攻队,5.3
我好奇之黄,6.7
五大汉,6.2
啄木鸟和雨,7.8
杀马特我爱你,8.6
杰伊·比姆,8.7
圣母,7.8
龙少爷,6.9
长津湖,7.4
不要抬头,7.6
女孩和蜘蛛,7.0
三十六迷形拳,5.8
好好拍电影,8.9
魔法满屋,6.4
新·福音战士剧场版：终,9.2
女人,9.4
新生化危机,4.6
少林木人巷,6.5
狗脸的岁月,8.5
天网,7.6
伴你高飞,8.9
大饭店,7.7
金猴降妖,9.2
国王理查德,7.5
法兰西特派,7.7
密宗圣手,6.3
405谋杀案,8.4
算牌人,6.2
忠烈图,8.1
天赐灵机,7.7
朱丽叶与梁山伯,8.2
法兰西,6.9
壮志千秋,7.1
当我们仰望天空时看见什么？,7.6
拍案惊奇,6.7
肉体的代价,7.6
舞衣,6.4
听见天堂,8.9
细路祥,7.2
最后的决斗,8.3
花飞满城春,6.5
我这一辈子,8.8
南法撩妹记,7.3
百老汇旋律,6.1
桃色公寓,8.8
铁娃,5.9
紫日,8.4
鬼影实录：血亲,5.5
码头大决斗,nan
绣巾蒙面盗,7.6
朱门怨,6.5
彗星美人,8.7
剧场前,7.4
魔法阿妈,8.9
新小鬼当家,4.2
鱿鱼游戏,7.6
埋伏,6.2
魁拔Ⅲ战神崛起,8.5
毒液2,5.0
北派功夫,5.6
魁拔之大战元泱界,8.1
007：无暇赴死,6.6
关于我妈的一切,6.3
芬奇,8.4
侠女,8.6
阿Q正传,8.7
名侦探柯南：绯色的子弹,5.6
荒江女侠,6.0
恐惧拉斯维加斯,7.3
吃人井,6.0
女人韵事,8.2
不夜城,8.3
法外之徒,8.6
鱼美人,7.5
峰爆,6.3
百战将军,7.8
梁山伯与祝英台,8.6
一江春水向东流,8.5
逃犯贝贝,7.3
大小黄天霸,nan
蔑视,7.8
捉鼠记,6.1
爱·回家,9.1
大学,7.8
沙丘,7.7
秦始皇陵的惊天秘密,4.2
一直游到海水变蓝,6.7
钛,6.4
海神,nan
乌鸦与麻雀,8.7
美好的世界,8.3
温柔地杀我,6.3
天堂里的烦恼,8.2
少年与少妇,6.5
死寂,7.8
练习曲,8.0
吉米玩转蒙特雷音乐节,8.8
十分钟年华老去：小号篇,8.5
权力的游戏,9.5
太太万岁,8.4
摩加迪沙,8.1
和你在一起,7.9
黑炮事件,8.6
兹山鱼谱,8.8
蒙特雷流行音乐节,9.0
偷自行车的人,9.1
解除好友2：暗网,7.9
盛夏未来,7.1
驾驶我的车,7.9
荆轲刺秦王,8.2
怒火·重案,7.2
哭泣的男人,6.5
风月,7.7
1921,6.7
失控玩家,7.5
边走边唱,7.1
村戏,8.0
洛克斯,7.7
孩子王,8.2
人咬狗,8.0
疯狂大笨贼,5.3
曼谷之夜,7.3
囚,9.1
明日之战,5.9
大阅兵,6.7
中国医生,6.9
马尔姆克罗格庄园,6.7
黄土地,7.9
非常突然,8.0
海边电影院,7.5
菲利普·马洛,nan
飞向太空,8.7
真心的符号,6.6
白蛇2：青蛇劫起,6.8
与爱同居之永恒的爱,8.4
搭错车,8.3
两个遥远的陌生人,6.5
甜姐儿,nan
跳房子,7.3
夺命刺客,nan
迷雾,8.0
稻草人,8.6
再见，妈妈,8.2
盘丝洞,6.6
我的章鱼老师,9.3
西游记之再世妖王,5.3
鸣鸟不飞：乌云密布,8.3
早知当初我唔嫁,nan
捕鼠者,8.2
东城梦魇,8.9
早熟,6.6
敦煌,8.4
人·鬼·情,8.5
黑白魔女库伊拉,6.8
当男人恋爱时,6.3
猛禽小队和哈莉·奎茵,5.8
全金属外壳,8.6
热带鱼,8.7
孤星血泪,7.4
巴黎屋檐下,7.4
鬼马小天使,6.7
帝国的毁灭,8.9
小岛惊魂,8.2
革命者,7.5
浪客剑心,8.1
了不起的老爸,6.5
X特遣队：全员集结,8.0
燃野少年的天空,4.5
史密斯先生到华盛顿,8.6
速度与激情9,5.2
儿女债,nan
贵在真诚,7.8
多嘴街,5.9
万能钥匙,8.0
冷血狂宴,3.8
偶然与想象,8.3
热带雨,7.5
桂河大桥,8.4
酒精计划,7.8
我的1919,8.6
眼泪之盐,6.8
危楼春晓,7.6
愤怒的公牛,8.4
我的天才女友,9.3
天才一族,8.1
洋妓,5.2
记忆切割,3.0
美利坚女士,8.7
超越,5.0
住在空中,5.5
引见,6.7
你的婚礼,4.6
比得兔2：逃跑计划,7.0
黑寡妇,6.2
千万人家,nan
心灵与智慧,8.3
恶虎村,6.5
我要我们在一起,6.0
码头风云,7.9
在京都小住,8.1
上海王2,3.8
喜剧,7.2
上海王,4.8
寂静之地2,6.4
你好世界,6.9
苦海明灯,nan
东京奥林匹克,8.6
通电,nan
洪拳与咏春,6.4
夜奔,8.2
夏日友晴天,7.3
悬崖之上,7.6
鬼灭之刃,7.9
半妖的夜叉姬,6.1
追虎擒龙,5.0
东京爱情故事,9.4
多哥,8.8
朋友,6.9
后翼弃兵,9.0
秘密访客,5.3
标准之外,8.4
逃走的女人,7.2
赤线地带,8.1
去年烟花特别多,8.1
对不起，我们错过了你,8.5
芝加哥七君子审判,8.6
杨贵妃,6.5
扫黑·决战,6.0
哆啦A梦：伴我同行2,7.1
电锯惊魂9：漩涡,5.2
新平家物语,7.3
阿敏将军,7.6
少林五祖,6.6
舞会名册,nan
爱，死亡和机器人,9.2
人生,8.4
隐秘的爱,9.1
人之怒,6.7
谣言的女人,7.9
我的姐姐,6.9
绅士们,8.3
远走高飞,4.1
近松物语,8.3
你好，李焕英,7.7
蜂蜜之地,9.0
普罗米亚,7.8
西鹤一代女,8.3
将军号,9.1
猫和老鼠,9.8
毒品网络,7.6
五虎将,7.6
无论如何我爱你,7.6
柯莱特,6.8
象人,8.3
阿尔卡扎尔之围,nan
熊出没·狂野大陆,6.3
教宗的承继,8.6
前程似锦的女孩,7.7
雪夫人绘图,7.0
刺杀小说家,6.5
间谍之妻,7.3
汉密尔顿,9.5
太棒了,6.4
好梦一日游,8.1
白色巨塔,9.7
我的爱在燃烧,6.6
新神榜：哪吒重生,6.9
37秒,7.5
马丁·伊登,8.0
夜之女,6.9
利比亚骑兵,nan
寻龙传说,7.0
哥斯拉大战金刚,6.3
赌徒鲍伯,7.3
三超人与女霸王,nan
灰猎犬号,7.8
倒霉性爱，发狂黄片,7.2
给我翅膀,8.8
女优须磨子之恋,6.3
许愿神龙,6.5
蓝调天后,6.5
困在时间里的父亲,8.6
女性的胜利,nan
侍神令,5.3
波士顿市政厅,8.0
扎克·施奈德版正义联盟,8.1
歌女五美图,6.9
朱丽叶与魔鬼,7.7
红孩儿,4.8
女人与海,nan
T省的84·85年,8.7
数码宝贝：最后的进化,7.3
马耳他之鹰,7.5
米纳里,7.3
名刀美女丸,6.2
孤味,8.0
里夫金的电影节,7.3
必胜歌,nan
送你一朵小红花,7.2
金属之声,7.5
宫本武藏,7.6
士兵之歌,9.1
巴黎艳遇,5.8
空军敢死队,nan
吉祥如意,7.7
迈阿密的一夜,6.5
元禄忠臣藏,7.8
缉魂,6.8
誓血五人组,6.1
疤面煞星,8.3
拆弹专家2,7.5
晨曦将至,7.2
残菊物语,8.5
消防员舞会,8.0
爱心千万万,nan
钢盔,nan
大红包,4.7
犹大与黑弥赛亚,7.3
爱怨峡,6.9
老爷车,8.6
温暖的抱抱,5.2
阿雅与魔女,5.5
浪华悲歌,7.3
晴雅集,5.0
圣人莫德,6.3
祇园姊妹,8.0
冰血暴,8.0
金发女郎的爱情,7.5
摄青鬼,6.1
阿布纳·梅西阿斯,nan
紧急救援,5.9
让他走,7.1
折纸鹤的阿千,7.4
迪克·约翰逊的去世,8.2
虞美人草,6.4
所言所行,7.7
谋杀绿脚趾,7.7
猎鹿人,8.4
玛利亚的阿雪,nan
最后大浪,6.8
大老千,nan
槟加西,nan
如果声音不记得,3.9
情人的摇滚,7.4
白绢之瀑,8.0
沐浴之王,6.0
历劫佳人,8.1
南山的部长们,8.1
故乡之歌,nan
棒！少年,8.5
天穆,5.9
最后的座头市,5.6
女巫,7.1
女金刚斗狂龙女,nan
幻影,nan
我和我的家乡,7.0
女人的碎片,7.8
一夜风流,8.8
女座头市,6.5
除暴,6.1
无依之地,8.1
座头市,8.1
一秒钟,7.7
黑水,8.6
新座头市物语：笠间的血祭,7.1
神秘失踪,7.0
的士大佬,6.2
鬼影特攻：以暴制暴,6.4
神奇女侠1984,6.1
新座头市物语：断杖,6.8
疯狂原始人2,7.7
座头市御用旅,7.0
赤狐书生,4.8
我想结束这一切,7.3
铁窗喋血,8.1
座头市与独臂刀,6.0
豪门怪杰,8.0
嬉笑怒骂,5.7
危机13小时,7.8
阳光普照,8.5
第一头牛,7.7
座头市大战火神庙,7.8
喜宝,3.3
原钻,7.2
座头市与用心棒,7.2
金刚川,6.5
曼克,7.3
座头市喧哗太鼓,7.1
洞,9.2
后生,7.4
付出与收获,6.4
菊石,7.2
座头市战帖,7.3
春江水暖,7.3
信条,7.6
座头市血烟街道,7.6
赌城风云,8.3
夺冠,7.1
追杀胖老爹,5.4
座头市之逃狱,7.4
报童,6.7
我的工作,7.4
鬼话连篇,7.0
座头市铁火旅,7.6
姜子牙,6.6
座头市渡海,7.0
听见座头市的歌声,6.8
气球,8.4
葛楚,8.1
搭错线,6.5
卢佩夫人,5.7
座头市地狱旅,7.0
急先锋,4.4
座头市逆手斩,6.9
一点就到家,6.5
座头市二段斩,7.0
复仇之日,8.4
沉默的真相,9.0
虎豹小霸王,8.6
血滴子,4.7
杀手之吻,7.4
新变种人,4.4
座头市关所破,7.0
座头市血笑旅,7.9
座头市恣意的风筝,7.4
八佰,7.5
灰色花园,8.2
中国超人,5.8
野战排,8.2
黄金时代,7.4
金都,7.7
无邪,7.4
座头市千两首,7.3
座头市喧哗旅,7.0
麦路人,6.5
座头市凶状旅,7.1
隐秘的角落,8.8
推销员,7.6
跳出我天地,8.8
新死亡游戏,3.9
绿野仙踪,8.2
新·座头市物语,7.6
星期四星期三,7.4
续座头市物语,6.6
我在时间尽头等你,5.3
美国派9,4.3
阿涅斯·瓦尔达在这里和那里,9.2
说谎者比利,7.5
神打,6.8
绿鱼,7.8
灵能教师安恩英,7.4
香火,8.4
阿涅斯的海滩,8.9
出埃及记,7.1
越狱,9.4
五至七时的克莱奥：回忆与逸事,8.6
阿涅斯·瓦尔达定格,8.2
绿草地,7.7
愤怒的葡萄,8.5
易迪莎，熊及其他,8.1
广告之王,7.2
双星伴月,6.8
正常人,8.5
小鸡快跑,7.6
催眠·裁决,5.7
艾格妮捡风景：两年后,8.4
公主复仇记,6.8
拾穗者,9.0
电视台风云,8.4
恭喜八婆,5.2
雅克·德米的世界,8.1
我与长指甲,7.8
贼公计小偷才,nan
幻想曲,8.9
洛城少女二十五岁,8.1
南特的雅克·德米,9.1
花木兰,7.9
妄想代理人,9.1
功夫大师,3.4
苏利文的旅行,7.6
情锁,nan
杯酒人生,7.9
千面珍宝金,8.3
墙的呢喃,7.9
一个唱，一个不唱,8.2
男人的争斗,8.5
色中饿鬼,6.7
米尔克,8.3
达格雷街风情,8.6
难以置信,9.2
瑙西卡,nan
抵达之谜,4.7
1/2的魔法,7.6
远离越南,7.7
我的戈弗雷,7.6
女捕快,6.2
薄荷糖,8.5
幸福,8.3
短岬村,7.5
攻壳机动队,9.1
圣母街上的大人物,8.3
伴我同行,8.9
咒怨：诅咒之家,6.7
同居,6.3
绿洲,8.7
喋血战士,5.5
攻壳机动队AAA,7.6
攻壳机动队：崛起5,7.3
玩乐时间,8.8
逃亡,6.1
塔奇克马的日常,9.3
朝日は輝く,nan
东京进行曲,6.5
唐人阿吉,6.2
战略高手,6.4
攻壳机动队：崛起4,7.3
于洛先生的假期,8.0
恶霸,6.2
诗,8.7
赛德克·巴莱,8.8
三夫,5.7
逆流大叔,6.6
沦落人,8.2
攻壳机动队：崛起3,6.7
放荡的女皇,7.2
马哥波罗,5.6
十二宫,7.5
一路顺风,5.9
多力特的奇幻冒险,5.7
少林海灯法师,6.1
鼠胆龙威,7.4
攻壳机动队：崛起2,7.3
蒙娜丽莎,7.4
谁是我最喜爱的女孩,6.2
联合王国一瞥,4.9
说谎,7.2
荡寇志,6.6
短发和卷发,5.9
盗羊贼,7.6
约翰·韦恩的崇拜者,7.5
咫尺天涯,7.9
兜风,6.5
家,7.1
吃口香糖的女孩,6.8
煤气收费员,7.7
八岁男孩,7.7
亲爱的电话,6.2
男孩和自行车的故事,7.2
恐惧与欲望,7.0
一个女孩的故事,6.9
Screen,nan
感觉,6.0
卡门,6.2
午后的迷惘,8.8
卢翁情史,7.6
圆山上的孤独灵魂,7.0
DE原则,6.6
宇宙追缉令,6.2
逝者名单,6.7
托里·塔特：办公室后场控位,6.5
终点酒吧,6.7
黄金花,6.5
文森特,8.5
黎明印象,7.8
自由,5.9
五尺男儿成长记,7.3
共进午餐,8.3
夜心曲,6.6
龙之吻,6.8
选举之夜,7.2
小号的秘密,7.4
无头男人,7.9
尾声,7.6
谈话,7.5
煤油车,5.7
荒唐童话,9.0
光荣的世界,7.8
复印店,8.2
错乱,6.5
波莱罗舞鼓手,7.5
冰箱,7.8
<特写镜头>的首映日,6.3
攻壳机动队2.0,9.0
懦弱,8.1
马车夫,7.4
坐火车的女人,7.8
政变,7.2
时间终结四重奏,6.3
舅舅,7.2
铲车司机克劳斯——第一个工作日,8.1
我的父亲100岁了,7.5
希特勒奏鸣曲,7.1
两车一夜,7.3
袭击面包店,6.7
阿牛出狱记,6.1
大开眼戒,8.0
叔·叔,7.6
点五步,6.5
老妇与鸽子,8.3
在冰上,6.8
审判,nan
黄蜂,8.4
追踪眼前人,6.6
自由和祖国,7.8
再见TNS,nan
夏洛特和她的情人,7.4
所有的男生都叫派翠克,7.5
所谓童年,nan
谁都要走一回,nan
图像转换,nan
让的变形,nan
纪念侯麦,8.2
混凝土作业,5.7
话语的力量,nan
攻壳机动队SSS,8.9
电影史-4A,8.4
电影史-3B,8.4
电影史-3A,8.7
心中天网岛,8.0
电影史-2B,8.6
小情人大风波,7.2
行者,6.6
阿牛发达记,5.6
翠丝,6.9
暴疯语,5.9
大刀王五,6.5
攻壳机动队SAC,9.3
淑女伊芙,7.6
归来的醉鬼,6.6
八道楼子,6.6
电影史-2A,8.5
正午,8.4
大乐师．为爱配乐,5.9
29+1,7.1
人间·小团圆,5.5
万重浪,7.2
一夜,6.8
攻壳机动队SAC：笑面男,9.2
兄弟,7.6
呼喊与细语,8.6
猛龙过江,8.4
八国联军,6.5
当戈达尔遇见伍迪艾伦,6.6
别做梦了,nan
巴黎人的香烟,nan
Schick,nan
Closed,nan
夜长梦多,7.3
21世纪的起源,8.2
黑太阳南京大屠杀,7.8
向萨拉热沃致敬,7.2
关于影片《万福玛丽亚》的手记,nan
《各自逃生》的剧本,7.3
近闻记录,nan
葛卢莫夫的日记,6.3
帕索里尼采访庞德,nan
萨那的城墙,6.8
女人苦与乐,nan
情感罗曼诗,7.6
攻壳机动队2：无罪,9.2
白静草原,7.8
寻找塔奇奥,7.5
野兽男孩Video精选,7.7
公共事务,6.1
四王一后,nan
攻壳机动队：SAC_2045,7.8
瓦哈卡的破灭,7.0
谢尔盖·爱森斯坦：梅兰芳演出,nan
伊凡雷帝3,nan
一位老太太的故事,7.3
给我一个爸,8.3
出轨的女人,5.8
集中营的记忆,nan
女警察,6.3
女孩的战地滑板课,8.0
大巧局,7.2
热天午后,8.7
杀手,8.6
大追捕,7.3
贝蕾妮丝,6.7
变化的风貌,7.1
小人物，加油吧！,8.1
当代女大学生,6.3
蒙福孔的农妇,6.8
喝咖啡,6.1
我们一家人,7.5
狂凶记,7.9
关于帕斯卡尔的对话,7.2
给我庇护,8.3
娜嘉在巴黎,7.4
维罗妮卡和她的笨学生,7.2
丁一山,6.7
夏洛和牛排,7.1
血迷宫,7.8
黑太阳731,7.7
爱尔兰人,8.8
水的故事,6.5
谍魂,6.5
爱情是狗娘,8.2
花椒之味,7.1
盗梦特攻队,8.3
冲破铁幕,6.8
东风破,7.6
夏目友人帐,8.0
艳贼,7.3
苦雨恋春风,7.3
赌王大骗局,7.6
天兆,6.5
梵·高,7.5
大蓝湖,6.4
侧颜,6.9
他们已不再变老,8.8
群鸟,8.1
线人,7.4
金发男子,7.9
街角事件,nan
高更,6.9
音乐人生,8.9
格尔尼卡,7.6
痛苦与荣耀,8.5
伸冤记,7.5
全世界的记忆,8.2
顽皮鬼,7.9
为塑胶唱歌,7.3
深锁春光一院愁,7.6
香港奇案,6.1
越狱特别篇：最后一越,7.9
你这么好的女孩在这里干什么,7.4
剃须记,7.5
最大的小小农场,9.4
心魔,6.3
新咒怨(美版),4.8
擒凶记,6.9
李小龙我的兄弟,6.3
岚电,5.7
捉贼记,5.1
青苔,6.5
绝地战警：疾速追击,5.7
怪尸案,7.5
我走我路,7.0
辞郎洲,nan
绝地战警2,7.5
十分爱,7.2
蜜蜂与远雷,6.6
电话谋杀案,8.9
跟踪,7.4
我的一级兄弟,8.3
贞德,6.8
忏情记,7.7
野·良犬,7.2
巴克劳,6.8
列夫·朗道：娜塔莎,6.3
火车怪客,8.1
黑水仙,7.7
人生七年9,9.6
流星蝴蝶剑,7.9
人生七年8,9.4
姨妈的后现代生活,7.4
死无对证,7.4
旅途的结束，世界的开始,6.5
欲海惊魂,7.6
四大天王,7.0
决战中途岛,7.5
纽约的一个雨天,7.3
风流夜合花,6.4
饺子,6.7
刺猬索尼克,6.0
从不，很少，有时，总是,7.7
夺魂索,8.1
没有面孔的恶魔,6.0
五毒天罗,6.2
黎明墙,9.3
天·火,4.2
从宫本到你,7.2
火口的两人,7.2
凄艳断肠花,6.4
阿波罗11号,8.8
误杀,7.5
悲惨世界,8.7
变身特工,7.3
美人计,7.7
我为你牺牲,nan
星球大战9：天行者崛起,6.2
真相,7.1
人生七年7,9.4
怒海孤舟,7.8
变形怪体,6.0
幽浮魔点,7.2
老夫子,6.0
1917,8.5
海南鸡饭,7.1
小委托人,8.1
别告诉她,7.2
海角擒凶,6.8
肥龙过江,4.7
小妇人,8.0
孟买酒店,8.4
理查德·朱维尔的哀歌,8.2
史密斯夫妇,7.8
受益人,6.5
诱饵,6.3
勇敢者游戏2：再战巅峰,5.9
深闺疑云,7.4
怪谈,8.6
索命,7.0
安吉里卡奇遇,7.5
半个喜剧,7.3
爆炸新闻,7.2
朱迪,7.6
蝴蝶梦,8.3
鬼域,5.8
半世界,7.2
火箭人,7.2
人生七年6,9.4
海外特派员,7.1
叶问4：完结篇,6.8
维塔利娜·瓦雷拉,7.1
小宽宽,7.6
冰雪奇缘2,7.0
人生七年5,9.4
铁人28,7.2
犬夜叉,9.1
牙买加旅店,6.5
南方车站的聚会,7.4
爱情是什么,7.2
乔乔的异想世界,8.3
邻居的窗,7.3
再见，嘴唇,7.2
双峰,9.0
年轻姑娘,6.8
姐妹情仇,7.1
无法无天飞车党,7.2
曾经,8.3
宠爱,5.9
大西洋,6.4
人生七年4,9.4
阴谋破坏,7.2
只有芸知道,6.3
行骗天下JP：浪漫篇,8.1
第一滴血5：最后的血,7.6
间谍,6.3
两只老虎,5.8
雪人奇缘,7.1
终结者：黑暗命运,6.8
三十九级台阶,7.8
伊凡雷帝2,8.2
妹妹,6.8
勿忘我,8.4
发之爱,6.6
女儿,8.1
正义仍缺席,7.8
春分兄弟,6.8
香港奇案之二：凶杀,6.6
神圣车行,7.9
犯罪现场,6.2
骡子,7.9
航海王：狂热行动,7.5
维也纳的华尔兹,6.4
大约在冬季,5.0
极速车王,8.5
女孩,8.1
无主之作,8.6
小戏骨：黄飞鸿,6.1
我在雨中等你,8.3
沉睡魔咒2,5.9
人生七年3,9.4
十七号,6.0
亚历山大·涅夫斯基,7.1
飞龙斩,5.6
影像之书,7.7
少年的你,8.2
82年生的金智英,8.6
人生七年2,9.4
人生七年1,9.3
美国工厂,8.3
奇怪的富翁,6.2
中国机长,6.6
面子游戏,6.1
小小的愿望,5.0
摇摆狂潮,8.2
燃烧女子的肖像,8.7
我和吸铁石和一个死去的朋友,7.9
兔耳袋狸,8.5
灵魂,8.3
小野猫与斗牛犬,8.3
大唐漠北的最后一次转账,8.1
舍与得,8.6
绝杀慕尼黑,8.1
玛丽,5.5
伊凡雷帝,8.0
江湖子弟,7.0
忧郁症,7.1
我和我的祖国,7.6
舞女大盗,6.3
谋杀,7.0
蝴蝶,8.6
双子杀手,6.8
婚姻故事,8.6
爱尔斯特的呼声,nan
唐顿庄园,8.0
朱诺和孔雀,5.7
卖花女,8.3
死囚,6.5
鲸骑士,8.0
纪念品,6.4
孟克斯人,6.8
龙之家族,6.6
利刃出鞘,8.1
平原上的夏洛克,7.8
攀登者,6.0
小丑回魂2,6.4
讹诈,7.5
伊莎贝拉,7.6
香槟,6.3
不速之客,7.4
好莱坞往事,7.3
瀛台泣血,7.4
乱世忠魂,7.5
非自然死亡,9.4
天气之子,7.0
恋之风景,6.8
水性杨花,7.1
忘不了,7.8
农家妇,6.2
叶问之九龙城寨,3.8
下坡路,6.2
卖艺春秋,7.3
酒帘,5.9
决胜时刻,6.4
拳击场,6.5
诛仙1,4.5
愤怒的小鸟2,6.9
房客,7.7
甘地传,8.5
罗小黑战记,8.0
假面,8.8
欢乐园,6.5
犯罪元素,7.2
李小龙与我,4.3
双峰：遗失的碎片,7.9
旺角黑夜,7.4
斩、,5.5
白影,7.0
异度空间,7.5
安娜,7.8
劫匪,7.4
沉默的证人,5.3
名侦探柯南：绀青之拳,5.8
快球时刻,nan
W.C.费尔得斯-六短片,6.4
蛇王子,6.4
双峰：与火同行,7.9
大丈夫,7.5
灵欲春宵,7.9
公主新娘,7.0
哆啦A梦：大雄的月球探险记,7.2
麦克法兰,8.4
烈火英雄,6.4
人尽皆知,5.8
选秀日,8.1
银河补习班,6.2
速度与激情：特别行动,6.3
三日刺杀,6.5
银行妙探,6.6
八部半,8.6
我们与恶的距离,9.4
毒后秘史,6.6
革命往事,9.2
见鬼,7.3
丧尸未逝,5.7
黑白祖孙情,6.7
玩具总动员4,8.5
使徒行者2：谍影行动,6.2
爱宠大机密2,6.8
合伙人,7.1
地久天长,8.0
X战警：黑凤凰,5.7
新女儿,5.1
上帝创造女人,7.1
狐天狐地,5.7
犬夜叉：红莲之蓬莱岛,8.0
游园惊梦,7.6
江湖浪子,7.7
不要碰我,6.5
关键一票,7.3
瘦身男女,6.9
菊与断头台,6.9
布鲁克斯先生,7.6
上海堡垒,2.9
同义词,6.9
惊涛大冒险,7.5
五至七时的克莱奥,8.7
蔡李佛小子,6.5
大路,8.9
突然死亡,6.6
扫毒2天地对决,6.0
铃木家的谎言,6.5
愤怒之上,7.0
三更,7.4
黑衣人：全球追缉,5.5
天地无限,7.9
流星语,8.6
哥斯拉2：怪兽之王,6.2
驱魔人,7.6
蜻蜓,6.7
百万法郎,7.4
方世玉与胡惠乾,5.7
超越马赫极速,nan
公元2000,5.5
疾速追杀3,7.9
惊天骇地,6.8
黄飞鸿之王者无敌,nan
一条狗的使命2,6.9
惊爆十三天,7.9
蜜桃成熟时,7.4
阿拉丁,8.2
棒球之爱,7.9
魔笛,7.9
俏探女娇娃,5.3
穿越时空的思念,8.5
追龙Ⅱ,5.4
邮差,7.5
最好的我们,5.1
球爱的天空,7.3
复仇者联盟4：终局之战,8.5
未来水世界,7.5
玛嘉烈与大卫,8.2
打，打个大西瓜,8.8
基督最后的诱惑,7.8
哪吒之魔童降世,8.4
窈窕淑女,8.2
多情剑客无情剑,7.4
榴莲飘飘,7.7
树屋上的童真,8.4
爆裂刑警,7.6
欢乐满人间2,6.7
双虎屠龙,8.2
义海倾情,7.1
我不是黄飞鸿,nan
夜以继日,7.6
巡弋悍将,6.2
心动,8.2
登月第一人,7.7
复仇,6.5
梦幻之地,7.6
神探蒲松龄,3.8
保罗·桑切斯回来了！,6.7
百万金臂,6.9
新喜剧之王,5.7
雷霆沙赞！,6.2
谍海军魂,7.1
蜘蛛侠：英雄远征,7.6
奥菲斯,8.3
猩猩王,5.4
搜索者,7.9
日落黄沙,8.3
疯狂的外星人,6.4
奎迪：英雄再起,7.0
毕业派对,8.1
流浪地球,7.9
小飞象,8.3
西瓦拉多大决战,7.7
黄飞鸿之狮魂觉醒,nan
绿毛怪格林奇,6.2
冲线,7.7
诗人之血,8.3
三少爷的剑,7.2
地下特警,5.7
反贪风暴4,5.9
大侦探皮卡丘,6.4
遗嘱,7.1
血战台儿庄,8.6
胡桃夹子和四个王国,5.9
夜迷情,6.9
下一任：前任,2.8
日日是好日,8.2
手机,7.4
灵魂狂欢节,7.6
香港奇案之三：老爷车纵火谋杀案,5.6
宇宙战争,7.7
地球最后的夜晚,6.9
舞者,8.9
小猪佩奇过大年,3.8
惊奇队长,6.8
庐山恋,7.6
反叛的童谣,8.7
大腕,7.9
万世魔星,8.0
香港奇案之五：奸魔,6.2
我的甜蜜家园,8.2
老师·好,6.6
我们,6.4
四个春天,8.8
阿尔法围棋,8.9
比悲伤更悲伤的故事,4.8
你的鸟儿会唱歌,7.7
一声叹息,7.6
秋日奏鸣曲,9.0
绝不低头,7.1
最后的广播,6.4
无双,8.0
大法官金斯伯格,9.4
金银岛,7.8
熊出没·原始时代,6.6
升级,8.2
乐高大电影2,6.6
李茶的姑妈,4.6
爱在记忆消逝前,8.1
人格四重奏,7.3
满洲候选人,7.3
我是你爸爸,7.8
午夜守门人,7.3
金玉良缘红楼梦,7.4
龙子太郎,8.7
风中有朵雨做的云,7.2
季节与城堡,7.6
祈祷落幕时,7.9
海市蜃楼,7.6
赛尔号大电影6：圣者无敌,4.9
花牌情缘：结,7.9
教诲师,6.7
战地军魂,8.5
廉政风云,5.4
天上再见,8.0
副总统,6.9
永失我爱,6.9
偷窥狂,7.9
洪熙官,7.5
洛丽塔,7.8
沉默的教室,8.4
新大头儿子和小头爸爸3：俄罗斯奇遇记,4.7
飞驰人生,6.9
潜行者,8.8
调音师,8.2
密室逃生,7.1
邪不压正,7.0
一吻定情,4.4
信笺故事,8.2
哥斯拉X摩斯拉X机械哥斯拉：东京SOS,6.5
我的英雄学院：两位英雄,6.9
阿德尔曼夫妇,8.3
玻璃先生,6.5
哥斯拉大战机械哥斯拉,7.0
布拉格之恋,8.2
毕业生,8.0
荡妇冤魂,6.0
时空大挪移,7.7
城南旧事,9.1
过春天,7.7
欧洲攻略,3.5
特工,8.7
假如比尔街可以作证,6.4
哥斯拉：大怪兽总攻击,7.0
云南虫谷,3.2
有熊谷守一在的地方,8.4
海王,7.6
哥斯拉复活,4.6
战狼2,7.1
驯龙高手3,7.4
白蛇：缘起,7.8
冒牌上尉,8.6
铁雨,8.2
花筐,7.2
哥斯拉2000,6.5
为了全人类,8.3
香港奇案之四：庙街皇后,6.0
心惊肉跳,7.2
三生三世十里桃花,4.0
“大”人物,6.4
巴斯特·斯克鲁格斯的歌谣,8.5
名侦探柯南：零的执行人,5.7
阿丽塔：战斗天使,7.5
蜘蛛侠：平行宇宙,8.6
徒手攀岩,8.8
月事革命,7.8
肤色,8.5
宠儿,7.5
哥斯拉VS戴斯特洛伊亚,7.8
叶问外传：张天志,5.5
网络谜踪,8.5
嗝嗝老师,7.4
此房是我造,7.3
月光光心慌慌,5.9
靓女差馆,5.3
来电狂响,5.7
那天，大海,9.3
不留痕迹,7.6
孤狼之血,7.9
你从未在此,6.9
友罪,6.2
哥斯拉之魔龙复仇,6.8
船续前行,8.3
唐人街小子,6.5
风筝,8.0
谁先爱上他的,8.6
第一归正会,6.8
天才之击,9.2
神奇动物：格林德沃之罪,7.0
黑色党徒,7.2
珠峰清道夫,9.0
一个明星的诞生,7.4
大黄蜂,7.0
喜欢·一个人,7.3
小黄人番外篇：不消停的宾齐·尼尔森,6.9
小黄人番外篇：疯狂小黄人,7.3
修剪草坪的小黄人,7.6
小黄人番外篇：比赛,7.5
宠物,8.9
收发室惊魂,8.1
辅助轮,8.5
迎新日,7.6
香蕉,7.7
周末,8.1
冲破天际,6.4
宽宽和非人类,8.3
午后时光,8.0
动物行为,7.6
啥是佩奇,7.4
哥斯拉VS碧奥兰蒂,7.0
智斗美女蛇,6.1
大象席地而坐,8.1
野小子们,7.3
尖端医疗的真相,9.1
盛夏,7.9
大坏狐狸的故事,8.3
哥斯拉之机械哥斯拉的反击,6.3
铁血战士,7.7
克里斯托弗·罗宾,8.1
修女,6.1
坂本龙一：终曲,8.6
哥斯拉对机械哥斯拉,6.1
极度失眠,7.2
海军突击队,6.5
千年狐,nan
战洪图,6.0
无名之辈,8.0
家族之苦3,8.0
日本之耻,9.2
精灵旅社3：疯狂假期,6.6
欲望号街车,8.4
人生果实,8.7
哥斯拉对美加洛,4.8
贼赃,6.9
狗十三,8.2
幸福的拉扎罗,8.5
养家之人,8.3
与神同行2：因与缘,7.6
摄影机不要停！,8.2
现在去见你,8.3
花园派对,8.1
今夕何夕2,8.4
今夕何夕,8.7
驯兔记,8.0
游子吟,8.0
战龙哥斯拉之决战宇宙魔龙,5.8
艾玛,8.5
欢迎回家,8.6
负空间,8.8
女主角,8.7
又见冤家,7.0
黄飞鸿之怒海雄风,3.4
德鲁大叔,6.3
憨豆特工3,6.3
战龙哥斯拉之怪兽总进击,6.2
最危险的游戏,6.2
罗马,6.2
清宫大刺杀,6.5
女体铳,6.0
我的野蛮同学,6.1
神秘世界历险记4,5.3
游侠索罗：星球大战外传,6.8
冷战,7.8
怪兽岛决战：哥斯拉之子,5.6
偷窥无罪,5.8
找到你,7.3
侏罗纪世界2,6.6
八年级,6.7
哥斯拉·伊比拉·摩斯拉：南海大决斗,5.7
挑情,6.2
胖子行动队,4.2
摩天营救,6.3
毒液：致命守护者,7.2
哥斯拉之怪兽大战争,6.3
红菱艳,8.2
倚天屠龙记大结局,6.3
小猪宝贝2：小猪进城,7.9
水月门,6.6
影,7.2
怒火青春,8.2
24帧,8.4
战龙哥斯拉之三大怪兽,6.6
生死边缘,nan
无敌破坏王2：大闹互联网,8.0
一出好戏,7.1
瞒天过海：美人计,6.7
摩斯拉决战哥斯拉,6.6
神通,6.5
悲伤逆流成河,5.8
摘金奇缘,6.0
潜水钟与蝴蝶,7.9
金刚大战哥斯拉,6.2
蝇王,7.8
反贪风暴3,5.7
死侍2：我爱我家,7.3
碟中谍6：全面瓦解,8.1
怪兽王哥斯拉,5.7
少爷威威,6.3
罗斯玛丽的婴儿,8.2
西虹市首富,6.6
妈妈咪呀2,6.9
哥斯拉的反击,6.2
杀手三分半钟,nan
黄金兄弟,5.0
摩天轮,7.2
阿尔法：狼伴归途,6.4
哥斯拉,7.2
和约翰一起钓鱼,7.3
上帝的使者,7.6
血芙蓉,5.8
妈妈咪呀,7.6
鬼流星,5.8
动物世界,7.2
爱猫之城,8.3
蚁人2：黄蜂女现身,7.3
袅袅夕阳情,8.3
迷踪霍元甲,4.3
快把我哥带走,6.8
龙江颂,6.3
江湖儿女,7.6
焦点新闻,8.3
公牛历险记,7.2
喜欢，轻吻，快跑,7.8
八月狂想曲,7.5
过江龙独闯虎穴,nan
狄仁杰之四大天王,6.1
打破地狱门,nan
爱情公寓,8.1
我们是X,9.2
巨齿鲨,5.7
梦,8.7
亨利五世,7.4
杀绝,6.6
图书馆战争：革命之翼,8.0
剑气萧萧孔雀翎,6.9
重返·狼群,8.3
百战保山河,nan
武神赵子龙,3.9
风语咒,6.8
天梯：蔡国强的艺术,8.6
曼蒂,5.4
乱,8.9
白玉京,5.7
祝福,8.3
标错参,7.0
幸运是我,8.0
边境杀手2：边境战士,6.6
宣告黎明的露之歌,8.1
德尔苏·乌扎拉,8.4
乌鸦为什么是黑的,7.8
少林三十六房,7.6
东京流浪汉,7.0
新精武门,6.3
共同警备区,8.8
马之诗,6.7
电车狂,8.0
打工皇帝,6.9
武训传,7.8
老师！我可以喜欢你吗？,6.6
小花,7.5
喋血柔情,5.5
杀人者唐斩,6.5
拳精,6.6
花牌情缘,7.3
双子神偷,5.7
心理罪,4.9
侠盗联盟,5.2
绝不放过你,5.3
完美音调3,6.2
红胡子,8.8
广东小老虎,5.9
生死恨,7.2
女拳师,5.8
凤舞九天,6.5
哆啦A梦：大雄的金银岛,6.4
椿三十郎,8.8
杀手烙印,7.4
笑傲江湖,8.0
险恶,6.8
绝代英雄,nan
熊出没之年货,8.2
风铃中的刀声,6.6
剑神一笑,nan
恐袭波士顿,8.1
用心棒,9.0
陀地驱魔人,6.5
英雄对英雄,6.9
卧虎藏龙：青冥宝剑,4.8
剑气满天花满楼,nan
的士速递5,5.3
西部,6.7
恶汉甜梦,8.4
熊出没之熊心归来,7.2
日常对话,8.4
一凤东飞九万里,nan
川流之岛,7.4
帕丁顿熊2,8.0
战国英豪,8.4
时光大盗,6.8
济公三斗吕洞宾,5.6
撒冷镇,6.5
六合八法,nan
英伦对决,7.0
寻龙诀,7.4
追龙,nan
与神同行：罪与罚,7.8
狂暴巨兽,6.3
伊奥船长,8.2
奎,7.0
蚁蛉,7.7
低下层,7.4
拳赛之日,6.4
伯格曼的片场小电影,nan
双面哈拉尔,nan
卡琳的面孔,7.0
海员们,5.7
飞翔的牧师,6.3
左耳,5.7
铁扇公主,8.7
笑匠,6.2
猛虫过江,3.7
野草莓之影,nan
向阳之处必有声,6.7
Reklamfilm,6.7
人质,7.6
偶然,5.9
扎马,7.2
活人的记录,7.5
夏洛特烦恼,7.8
夜半歌声,7.9
小戏骨：刘三姐,8.4
羞羞的铁拳,6.8
水手服与机关枪：毕业,4.8
四月是你的谎言,6.3
生之欲,9.2
恶魔,nan
滑稽时代,7.8
南少林与北少林,6.7
春风得意,6.8
新步步惊心,4.1
追捕,8.3
西游记之孙悟空三打白骨精,5.6
妖猫传,6.9
我能说,8.8
犬之岛,8.2
踩虎尾的男人,7.4
我来自北京,5.8
超时空同居,6.8
血肉磨坊,7.0
妖铃铃,4.2
我去哪儿？,8.1
寂静之地,6.3
白痴,6.9
安德烈·卢布廖夫,9.0
五毒,7.7
十七岁,6.9
后来的我们,5.9
师父,8.2
包宝宝,7.6
超人总动员2,7.8
祖宗十九代,4.2
契克,8.4
勇敢者游戏：决战丛林,6.8
丑闻,7.5
白发鬼,4.9
捉妖记2,4.9
龙腾四海,6.7
摇摇晃晃的人间,7.9
炙热,8.3
湮灭,7.2
家宴,8.3
野良犬,8.4
边城浪子,6.7
最后的诗句,7.7
黑道女霸王,4.8
黄飞鸿之南北英雄,4.5
以女儿之名,8.4
爱你，西蒙,8.3
燃烧,8.0
静夜之决斗,7.6
绣春刀II：修罗战场,7.2
熊出没·变形记,6.8
悟空传,5.1
幕后玩家,5.6
水形物语,7.2
古墓丽影：源起之战,6.0
泥醉天使,8.1
绝代双骄,6.4
再见列宁,8.8
目击者之追凶,8.2
无问西东,7.5
灾难艺术家,7.5
佛罗里达乐园,8.1
至爱梵高·星空之谜,8.5
美好的星期天,7.6
冈仁波齐,7.7
暴裂无声,8.2
芙蓉镇,9.2
莫娣,9.1
她的人生没有错,6.5
移动迷宫3：死亡解药,5.3
我对青春无悔,7.3
记忆大师,7.1
明月几时有,6.9
勇往直前,8.1
环太平洋：雷霆再起,5.4
方形,7.7
羞辱,8.3
姿三四郎续集,6.6
远大前程,7.8
七煞,6.8
咒怨3(美版),5.6
复仇者联盟3：无限战争,8.1
忠爱无言,7.3
红海行动,8.2
至暗时刻,8.5
她不知道名字的那些鸟儿,6.9
伯德小姐,7.9
昆池岩,6.2
神秘巨星,7.7
最美,5.4
一念无明,7.9
唐人街探案2,6.6
灵异妙探大电影,4.9
极恶非道3,7.6
每分钟120击,8.4
比得兔,7.0
姿三四郎,7.5
春娇救志明,7.0
荒野生存,8.6
天堂大塞车,8.1
正义联盟,6.3
五十度飞,5.9
97家有喜事,7.7
悬崖上的野餐,7.5
梁天来,nan
热血警探,8.2
生门,8.7
春娇与志明,7.3
血观音,8.5
迷惘之城,5.9
散步的侵略者,6.2
啊，荒野,8.4
潜伏4：锁命亡灵,6.5
一本漫画闯天涯II妙想天开,6.2
志明与春娇,7.9
南极之恋,6.6
之后,7.6
第三度嫌疑人,7.0
倔强的牛顿,6.7
玛丽与魔女之花,6.2
群星会,6.9
嫌疑人X的献身,6.3
沉默的孩子,8.1
西游记女儿国,4.4
肉与灵,7.6
和食双神：最后的约定,8.6
大佛,7.3
天才枪手,8.2
生在幼子,7.5
情圣,6.0
芬妮和亚历山大的诞生,8.5
伦文敘智斗柳先开,6.6
小混乱,7.3
城市流浪汉,7.1
基督山伯爵,7.5
王朝的女人·杨贵妃,3.7
脸庞，村庄,9.1
前任3：再见前任,5.6
魔法少女伊莉雅：雪下的誓言,7.3
斯隆女士,8.8
昼行闪耀的流星,6.4
普通女人,7.3
非洲和尚,7.1
喜欢你,6.7
芳华,7.7
屏住呼吸,7.2
你自己与你所有,7.1
黑豹,6.5
地球：神奇的一天,8.1
赌霸,6.5
非凡任务,6.2
机器之血,4.6
猩球崛起3：终极之战,6.9
嘎嘎：五尺二寸,8.9
蜘蛛侠：英雄归来,7.3
春宵苦短，少女前进吧！,8.7
小偷阿星,6.6
魔鬼之血,6.3
广东十虎与后五虎,6.5
终极斗士2,7.5
冲天火,3.5
不成问题的问题,8.1
今天的吉良同学,6.8
忍之国,7.1
黑执事：豪华客船篇,8.6
生存家族,8.0
龙凤茶楼,6.7
今天也是女演员,7.0
西游伏妖篇,5.5
力争上游,4.8
女教师,8.1
这时对，那时错,7.6
帝一之国,8.1
江湖最后一个大佬,6.7
功夫瑜伽,5.0
魅影缝匠,7.5
二代妖精之今生有幸,5.4
熊出没·奇幻空间,6.3
心理罪之城市之光,5.9
长寿商会,7.8
上帝之国,8.4
赌圣,7.9
行尸走肉,6.8
I.Q.笨蛋,nan
大闹天竺,3.7
恋爱诊疗中,7.6
解忧杂货店,5.0
吾血之血,6.7
华盛顿邮报,8.3
雌雄双辣,6.2
你好，疯子！,6.7
奇门遁甲,8.1
一条狗的使命,7.7
马戏之王,7.7
茉莉牌局,7.2
太阳高照,7.4
东方快车谋杀案,6.8
刑警本色,6.3
相爱相亲,8.3
逃出绝命镇,7.8
亲爱的篮球,8.2
夜空总有最大密度的蓝色,7.5
最远的地方,9.2
日本的天空下,6.9
人生密密缝,8.5
梦边缘,8.6
漫长美好的星期五,7.3
2.5cm,nan
万物生长,5.7
七十七天,6.4
野火,6.7
电锯惊魂8：竖锯,7.0
捕风汉子,6.1
天将雄师,6.0
嘉年华,8.2
空难余波,5.6
我，花样女王,7.9
阴阳界,6.7
魔鬼天使,5.8
星球大战8：最后的绝地武士,7.1
信任,5.5
杰出公民,8.4
心灵想要大声呼喊,7.6
山2,6.6
一日情人,7.4
哥哥的女友,8.0
夏日时光,7.5
就这样，我们把金鱼放入了泳池,8.3
金·凯瑞：我需要色彩,8.8
心跳无限次,8.5
异形：契约-番外：十字路口,8.0
银翼杀手：2022黑暗浩劫,8.4
失物招领,8.2
陆小凤传奇之绣花大盗,7.6
再见歌舞伎町,7.5
云的彼端，约定的地方,7.7
离开的女人,6.9
临歧,6.8
赤裸天使,6.0
跪族,6.6
无爱可诉,7.4
我和厄尔以及将死的女孩,8.2
童女贞德,6.3
星际特工：千星之城,6.9
缝纫机乐队,6.6
好时光,7.3
尊严殖民地,7.7
侏罗纪世界,7.7
瑞士军刀男,7.8
别惹我,7.2
孽扣,7.8
萧十一郎,7.5
空天猎,5.0
像素大战,6.3
王牌特工2：黄金圈,6.8
黑子的篮球·终极一战,6.4
复仇：爱的故事,6.3
全球风暴,5.9
亚瑟3：终极对决,6.7
反贪风暴2,5.9
终极斗士4,7.2
香肠派对,7.2
完美音调2,6.7
追捕聂鲁达,7.4
三十二,9.5
阿黛拉的非凡冒险,6.9
塔洛,7.7
图书馆战争：最后的任务,7.2
家族之苦2,8.4
桑格莉之夏,7.4
起跑线,7.9
亚瑟和他的迷你王国2,6.6
席德与南茜,7.7
金瓶风月,6.4
转校生,8.0
武状元,nan
星球大战外传：侠盗一号,7.3
小丑回魂,7.4
雪路,8.3
赛车总动员3：极速挑战,7.0
亚瑟和他的迷你王国,7.4
杀破狼·贪狼,7.0
路易十四的死亡纪事,7.1
雷神3：诸神黄昏,7.4
人体蜈蚣3,4.4
嗨翻姐妹行,6.4
天使A,7.7
追凶者也,7.9
总有一天,8.7
花与爱丽丝杀人事件,8.1
银翼杀手2049,8.3
悲伤秘密的摇篮曲,7.3
莫西干回到故乡,7.7
恐怖走廊,7.7
反收数特遣队,6.6
圣女贞德,7.4
伊卡洛斯,8.4
告别有情天,8.3
十万个冷笑话2,7.3
热浴盆时光机2,4.7
龙虾,7.6
春梦,7.7
亚特兰蒂斯,8.2
年轻气盛,8.2
猎凶风河谷,7.8
明日世界,6.4
山,6.4
老手,7.7
女囚尼基塔,7.5
秘密特工,8.1
五十度黑,5.7
绝命海拔,7.5
奥斯曼中尉,5.6
地下铁,6.4
义胆雄心,6.5
赏金猎人,5.2
精灵旅社2,7.8
红色药丸,8.1
永远的托词,7.6
福尔摩斯先生,7.8
假面骑士平成世代,7.7
最后决战,8.0
裸吻,7.3
赌城大亨II之至尊无敌,6.6
台风俱乐部,8.1
极盗车神,7.1
父子雄兵,4.6
追捕野蛮人,8.1
真爱一夜情,5.7
只是世界尽头,7.0
神偷奶爸3,6.8
勇闯天下,7.9
我们诞生在中国,8.1
贞子大战伽椰子,4.6
伤物语3：冷血篇,8.7
大病,7.5
气味相投,5.8
加勒比海盗5：死无对证,7.2
我的婆婆黄飞鸿,4.7
京城81号2,3.7
奇幻森林,7.8
变形金刚5：最后的骑士,4.9
早死早投胎之地狱摇滚篇,7.8
天才少女,8.3
黄飞鸿之理想年代,6.3
追逐珊瑚,9.0
索多玛120天,6.5
赌城大亨之新哥传奇,6.7
为所应为,8.2
敦刻尔克,8.4
致青春·原来你还在这里,4.3
月光男孩,7.4
异形：契约,7.4
隐藏人物,8.9
藤田嗣治,7.1
少林豪侠传,6.3
绝世高手,5.9
令伯特烦恼,3.9
女人的阴影,7.3
异星觉醒,6.5
一千零一夜第3部：迷醉之人,6.7
疾速追杀2,7.8
勇者无惧,8.2
三人行,5.9
一千零一夜第2部：凄凉之人,7.3
深夜食堂2,8.0
林世荣,6.9
谁的青春不迷茫,6.7
魔发奇缘：幸福前奏,7.0
新木乃伊,4.8
新哥斯拉,6.7
伤物语2：热血篇,8.6
洪拳四杰,nan
滚蛋吧！肿瘤君,7.4
深夜食堂电影版,7.9
伤物语1：铁血篇,8.4
心房客,8.5
猜火车,8.6
黑吃黑,5.3
黄飞鸿勇破烈火阵,nan
决斗尤玛镇,7.8
小楼残梦,7.6
沙鸯之钟,5.4
我的特工爷爷,5.5
侠探杰克：永不回头,5.9
沃伦,8.3
97%被私人银行占据的无中生有债务货币,7.5
西葫芦的生活,8.5
我们在这片森林里制造梦想,7.7
黄飞鸿浴血硫磺谷,nan
拆弹专家,6.2
欢乐时光,8.6
我们的世界,8.4
超音速,9.5
蓝精灵：寻找神秘村,6.2
黄飞鸿神威伏三煞,nan
踏血寻梅,7.5
声之形,6.8
为你取名的那一天,8.4
某种女人,7.5
伦敦一家人,8.9
丛林法则,7.1
黄飞鸿虎鹤斗五狼,nan
永恒记忆,8.4
麻疯怪拳,5.3
隔壁的八重,7.6
赤道,6.3
科比的缪斯,9.2
神父俱乐部,7.1
黄飞鸿醉打八金刚,nan
美人鱼,6.7
天空之眼,7.8
鲁邦三世：血烟的石川五右卫门,8.8
在这世界的角落,7.5
同级生,9.1
分裂,7.4
黄飞鸿拳王争霸,nan
傲娇与偏见,4.7
跨越栅栏,6.8
生化危机：终章,6.5
刺客信条,5.3
恋人们,7.4
黄飞鸿巧夺鲨鱼青,nan
下半生赛跑者,6.8
使徒行者,6.9
茜茜公主,8.5
术士神传,6.1
太空旅客,6.9
给我危险,8.0
神奇女侠,7.1
米开朗基罗的凝视,7.9
乐高蝙蝠侠大电影,8.0
黄飞鸿大战猩猩王,nan
诺托·杏花·火山·斯特龙博利·狂欢节,5.9
道士下山,5.5
降临,7.8
日本一点点,4.9
海洋奇缘,7.5
生吃,7.1
朝拜,6.2
错乱的一代,6.9
重返利斯卡岛,5.7
美女与野兽,8.5
浪漫照片,5.5
黄飞鸿擂台争霸战,nan
怪兽别墅,5.5
哪一天我们会飞,7.2
法洛丽亚雪山索道,5.8
辛普森：美国制造,9.5
人造丝织物,6.2
毛骨悚然,5.9
迷信,6.8
宝贝老板,7.6
爱的亡灵,7.0
爱的谎言,6.9
烂头何,7.0
城市清洁工,7.5
波河上的人,7.5
纽约，我爱你,7.6
流浪猫鲍勃,7.9
犯罪家族,6.3
黄飞鸿大破五虎阵,nan
八月,7.1
成长边缘,7.6
极限特工3：终极回归,5.6
帕特森,8.1
来自远方,7.1
黄飞鸿西关抢新娘,nan
功夫皇帝,6.6
奇异博士,7.6
无粮的土地,8.1
滚烫的爱,8.0
比利·林恩的中场战事,8.3
黄飞鸿狮王争霸,nan
银河护卫队2,8.0
长城,4.9
如何死亡：西蒙的抉择,9.2
独自在夜晚的海边,7.6
魔发精灵,7.0
爱森斯坦在瓜纳华托,7.5
一条安达鲁狗,8.2
黄飞鸿喋血马鞍山,nan
天老地荒不了情,6.9
审死官,7.9
美国风情画,7.7
老炮儿,7.5
家族之苦,8.1
车站,7.2
喝彩！,7.5
明月守护者,8.3
被访者,8.6
德军占领的卢浮宫,7.3
黄飞鸿义救卖鱼灿,nan
乘风破浪,6.8
濑户内海,8.3
怒,7.7
黄飞鸿义救龙母庙,nan
速度与激情8,7.0
守夜者的观点,7.4
第十三修正案,8.1
分手再说我爱你,6.6
贾斯汀·汀布莱克与田纳西孩子们,8.6
七个不同年龄的女子,7.8
打板,6.6
鸟人,8.0
安乐乡,7.4
黄飞鸿醒狮会麒麟,nan
冒一切风险的阶级,7.9
雪儿,6.1
医院,7.1
小鬼当家5,6.1
我是布莱克,8.3
玛·鲁特,6.6
临渊而立,7.3
女孩帮,6.9
军火厂,4.3
履历,7.2
黄飞鸿沙面伏神犬,nan
十月初五的月光,5.5
魔弦传说,7.4
幻梦墓园,7.5
人行地下道,7.5
托尼·厄德曼,7.6
马拉松：爱国者日爆炸案,8.5
X射线,6.6
欢乐好声音,8.1
黄飞鸿官山大贺寿,nan
砖匠,7.3
铁道飞虎,5.1
金刚：骷髅岛,6.5
叠句,7.4
赴汤蹈火,8.1
二十世纪女人,7.7
我曾是个士兵,7.6
水瓶座,7.0
成为沃伦·巴菲特,8.7
工厂,6.6
黄飞鸿神鞭伏二虎,nan
血回廊,6.1
洪水泛滥之前,8.8
洛兹小城,7.9
图派克：风华再现,8.9
小子有种,6.5
愿望音乐会,7.0
500年后,7.2
卖妻,6.6
她,7.7
白头盔,5.0
霓虹恶魔,6.3
办公室,7.2
禁忌之恋,6.3
美国队长,7.1
黄飞鸿独臂斗五龙,nan
电车,7.4
罗曼蒂克消亡史,7.7
萨利机长,8.3
校合唱团的秘密,8.8
狗咬狗,4.9
比海更深,8.8
金刚狼3：殊死一战,8.3
黃飛鴻大戰雙門底,nan
红海龟,7.8
反情色,6.8
鹬,9.4
盲拳之梦中寻龙,7.3
招魂2,7.9
芬妮与亚历山大,8.7
我的个神啊,8.4
神奇动物在哪里,7.7
三颗纽扣,7.1
黄飞鸿大闹花灯,nan
冲上云霄,4.5
第七天堂,8.0
飞逝的狮子,8.1
摆渡人,4.1
你知道，你的楼梯很漂亮,7.2
毕业会考,7.7
黄飞鸿传第四集：梁宽归天,nan
女雕像物语,7.9
战地新娘,7.3
雄狮,7.4
家屋风景,8.2
电影香江之功夫世家,7.6
泰山归来：险战丛林,6.1
一分钟一影像,8.1
黑夜传说5：血战,6.0
黄飞鸿传之火烧霸王庄,nan
人言可畏,7.1
尤利西斯,8.5
我不是潘金莲,6.7
爱的愉悦在伊朗,7.2
为什么猫都叫不来,7.5
保持站立,6.1
圆梦巨人,6.8
舞蹈家的世界,nan
天堂的孩子,8.5
红粉动江湖,6.8
堤,9.0
绿苑春浓,7.1
赌王斗千王,6.8
思悼,8.5
面包店的女孩,8.2
弗兰兹,8.4
慕尼黑,7.9
秋缠断肠记,7.0
惊天破,3.9
乌龙特工,6.4
第一夫人,6.6
侏罗纪公园2：失落的世界,7.6
努瓦穆捷的寡妇们,7.9
女人的回答：我们的身体，我们的性,7.9
电影香江：俪影倾情,7.9
遇见你之前,8.0
海上火焰,6.7
宫本武藏续,7.5
四个自杀的少女,5.5
黑豹党,7.1
纳萨林,7.7
101夜,7.8
同等族群,6.4
铁钩船长,6.8
小巷之爱,7.5
扬科叔叔,8.2
玫瑰艾勒沙,8.2
向古巴人致意,8.5
麦当劳桥上的未婚妻,8.1
纪录说谎家,7.9
电影香江：刀光剑影,7.7
如果和母亲一起生活,7.5
奥蒂斯震撼蒙特雷音乐节,7.6
藩篱,7.2
直到永远,7.2
走着，别跑,nan
创造物,7.7
28岁未成年,5.7
宾虚,8.7
走近蓝色海岸,8.5
季春奶奶,8.5
穆府的歌剧,7.7
胡丽叶塔,7.5
明日瞭望塔,nan
为敲诈而做的试音,nan
太阳帝国,7.7
教授,5.7
三个人的麻烦,6.0
无味神探,6.7
呆鹅爸爸,7.5
狮子、爱、谎言,7.8
友善,5.2
如何拍电影,7.8
债券,5.7
冒险者,7.9
地狱天堂,7.8
疗养,7.4
银幕背后,7.4
流浪乐手,8.4
分歧者3：忠诚世界,6.0
溜冰场,8.2
超感猎杀：圣诞特别篇,8.7
凌晨一点,7.5
救火员,7.2
处子之山,8.5
紫色,8.6
攻壳机动队：崛起1,7.4
仁慈天使,6.8
湄公河行动,8.0
猎神：冬日之战,5.6
感化院,8.4
阴阳魔界,7.1
天使之翼,7.6
哥斯拉·迷你拉·加巴拉：全体怪兽大进击,4.5
六朝怪谈,7.2
橘色奇迹,7.0
航海王之黄金城,7.6
一九四一,6.4
第七封印,8.5
语路,6.9
老潘的昼与夜,3.6
狗的状况,7.2
河上的爱情,6.5
在那里,4.9
我们的十年,6.3
哥斯拉大战超翔龙,6.4
横冲直撞大逃亡,7.1
舞台春秋,8.9
血光光五人帮：传说,5.4
美国甜心,7.4
决斗,7.9
威尼斯70周年：重启未来,6.0
百货店巡视员,7.8
在海边,6.5
在公园,6.1
诱拐,7.1
银行,7.5
一位女士,7.2
哥斯拉对黑多拉,6.8
飞鸿囧传,nan
坠入,8.8
从你的全世界路过,5.3
辉夜姬物语,8.5
下课后：升上五年级,8.2
101忠狗续集：伦敦大冒险,7.8
小姐与流浪汉2：狗儿逃家记,7.6
报告老板,8.3
报告老板！,8.4
所罗门的伪证后篇：审判,6.2
巴巴爸爸,9.0
图书馆战争,7.0
2008年第29届北京奥运会开幕式,9.2
极品女士,6.7
屌丝男士,7.3
名侦探狄仁杰,7.2
万万没想到之小兵过年,6.7
万万没想到,5.7
唐璜,nan
将来的事,8.2
时时刻刻,8.6
美国队长3,7.9
大决战之平津战役,8.7
一人食,8.2
啄木鸟伍迪,8.6
单程路,5.8
小羊肖恩,8.4
黄飞鸿之鬼脚七,6.4
黄飞鸿之五：龙城歼霸,6.8
侏罗纪公园3,7.3
剑王子,nan
3D豪情,4.8
狐狸猎手,7.4
青春1000日,6.2
潜伏,7.8
大决战之淮海战役,8.8
惠特妮,nan
亲情保卫战,4.9
两天一夜,7.6
德意志零年,8.4
我们为何骑车,8.5
爱情,7.2
为奴十二年,8.3
救火英雄,7.3
飞机总动员2：火线救援,6.9
战火,8.2
邪咒,6.9
恶魔、变异人、异形、食人魔、地狱边缘的僵尸化的活死人携妻带子大举归来恐怖进攻不分日夜杀出个黎明2：极度震惊2D版,3.6
豪情,6.4
横道世之介,8.8
欲望,nan
仙履奇缘3：,7.6
金鸡SSS,6.2
明日边缘,8.1
敢死队3,6.9
背负十字架的人,nan
美国战队：世界警察,7.7
小时代3：刺金时代,4.7
不可饶恕,8.5
罗马环城高速,6.3
转轮手枪,7.1
狂舞派,7.2
海盗,6.7
浮士德,6.8
对一个不容怀疑的公民的调查,7.8
菲洛梅娜,8.4
在某处,6.5
伊老师与小蟾蜍大历险,7.3
闺蜜,5.3
AKB48心程纪实3：少女眼泪的背后,8.6
C·罗纳尔多：世界在他脚下,7.8
一场风花雪月的事,4.5
AKB48心程纪实2：受伤过后再追梦,8.8
仲夏夜性喜剧,6.9
AKB48心程纪实1：十年后回看今天,8.8
东京物语,9.1
熊出没之过年,8.5
满天神佛,6.6
怪兽大学,8.3
帮规,6.5
赌神2,8.0
铁路战斗队,6.9
鬼打鬼,7.6
浣花洗剑,5.7
喜羊羊与灰太狼之飞马奇遇记,6.2
熊出没之夺宝熊兵,7.6
双龙出手,6.6
天涯沦落女,8.3
影迷,8.4
天蚕变,6.6
蠢蛋搞怪秀,7.7
超人：钢铁之躯,7.2
风暴,6.5
小姐弟荒原历险,7.8
大白鲨,7.8
狼的孩子雨和雪,8.7
知法犯法,6.8
旗鼓相当,7.2
莫比乌斯,6.2
春,7.6
再见，孩子们,8.6
皇帝保重,6.0
无休无止,8.0
云上的日子,7.6
把乐带回家2014,5.4
何二狗的名单,6.3
特殊身份,4.4
旺角风云,6.3
海扁王2,6.4
海底总动员,8.5
罗维雷将军,8.0
四个房间,7.1
毒战,7.5
巨人捕手杰克,6.3
我心狂野,7.4
怪人怪事,6.4
八月照相馆,8.0
黑社会2：以和为贵,8.2
特种部队2：全面反击,6.6
大旗英雄传,6.3
马,nan
钢琴课,8.1
风花雪月,7.2
僵尸肖恩,7.7
人人都说我爱你,7.4
黑社会,8.4
副作用,7.4
鳗鱼,7.9
鬼画符,6.3
背水一战,6.9
龙虎砵兰街,6.3
分手合约,5.8
罗塞塔,8.2
玉女嬉春,6.0
光荣战役,8.1
通往仙境,6.6
小时代,4.9
洪兴仔之江湖大风暴,6.4
黑暗中的舞者,8.2
野姑娘,6.9
傻瓜入狱记,7.8
花漾,5.7
神探亨特张,7.0
金刚,8.0
子弹横飞百老汇,8.4
变身超人,6.6
帕克,6.6
马达加斯加历险记,5.5
上海社会档案,6.9
大象,7.8
面具,6.2
再见古惑仔,6.1
速度与激情6,7.9
绅士现形记,7.9
成记茶楼,6.8
独家新闻,7.3
旺角揸Fit人,7.2
匪帮传奇,6.5
善意的背叛,8.3
所罗门的伪证前篇：事件,6.6
午夜巴塞罗那,7.8
古惑仔激情篇之洪兴大飞哥,6.4
古惑仔：江湖新秩序,4.0
四海一家,7.1
春夏秋冬又一春,8.5
女子公寓,6.1
德州电锯杀人狂2,6.2
古惑仔之出位,4.9
叶问：终极一战,6.2
长别离,7.9
大海盗,7.8
冰风暴,7.9
诺言,8.2
新飞狐外传,6.5
色情男女,7.6
阿凡提的故事之狩猎记,8.7
地狱门,7.4
精灵旅社,8.1
单身日记：好孕来袭,7.2
法中情,6.7
西游降魔篇,7.2
鬼马双星,7.4
X战警：天启,7.7
霍比特人1：意外之旅,8.4
美国派(番外篇)4：集体露营,6.3
追女三十六房,5.6
暮光之城4：破晓(下),7.2
女人，四十,8.9
洛奇6：永远的拳王,8.6
降头,6.3
通灵男孩诺曼,7.4
新人肉叉烧包,3.5
哥斯拉之龙战四海,7.1
米兰的奇迹,7.9
007：大破天幕杀机,7.2
妲己,5.7
黑衣人3,7.7
新不了情,8.3
洛奇5,8.0
醉马骝,6.3
大上海,6.7
人肉叉烧包2之天诛地灭,5.8
在撒旦的阳光下,7.3
哥斯拉之怪兽王复活,6.9
打蛇,6.7
消失的子弹,6.5
林肯,7.8
回到未来3,8.5
纯爱,6.1
科学怪狗,7.7
八仙饭店之人肉叉烧包,7.3
奥赛罗,7.8
骇战,6.1
终极猎杀,5.3
裸血,5.8
魔力麦克,6.6
亚飞与亚基,7.7
回到未来2,8.5
我为你狂,6.4
诱僧,6.7
太极2：英雄崛起,5.9
太极1：从零开始,5.7
人再囧途之泰囧,7.5
一个男人和一个女人,8.4
尸妖,6.4
曲线难题,7.3
逃离德黑兰,8.3
晚9朝5,6.6
X档案：我要相信,5.9
神勇双妹唛,6.4
十二生肖,6.8
梁祝,8.3
碟中谍5：神秘国度,7.9
厕所里的花子,3.8
油鬼子,5.7
警戒结束,7.9
92黑玫瑰对黑玫瑰,7.4
爸爸去出差,8.5
没有老公的日子,6.4
新妈妈再爱我一次,4.7
阮玲玉,8.6
咒怨2,7.7
但丁密码,6.2
七金尸,5.2
犀利人妻,5.5
买凶拍人,8.2
与魔鬼共骑,7.6
变脸,8.5
希区柯克,6.7
德州巴黎,8.6
我和春天有个约会,8.1
咒怨,7.9
美国派4：美国重逢,7.1
蚁人,7.7
蝴蝶杯,6.3
锅匠，裁缝，士兵，间谍,7.9
长发姑娘,5.5
匹夫,5.4
笼民,8.9
窃听大阴谋,8.1
飓风营救,8.3
牛鬼蛇神,6.9
爱在罗马,7.6
哥斯拉决战太空哥斯拉,6.7
九一神雕侠侣,6.4
影武者,9.1
蛊,7.2
河东狮吼2,3.5
五亿探长雷洛传1：雷老虎,7.9
我父我主,7.7
哪吒,6.1
豹,8.8
婚姻勿语,7.4
瑟堡的雨伞,7.8
欲魔,5.4
寒战,7.6
双城故事,7.8
君子好逑,7.4
西厢记,7.7
喜爱夜蒲2,4.9
虎度门,8.2
云图,8.1
维莉蒂安娜,8.6
恐惧的代价,8.7
解救吾先生,7.7
邪,7.2
低俗喜剧,6.4
表姐，你好嘢！4之情不自禁,5.8
朱丽小姐,7.7
蛇杀手,6.9
风流少年唐伯虎,5.9
十八岁的天空,7.5
粉红女郎,8.0
陀枪师姐2,8.0
陀枪师姐,8.6
巴菲的奇妙命运,8.3
奎迪,7.6
冰海沉船,8.3
金装四大才子,7.7
醉打金枝,7.5
苗翠花,7.9
上错花轿嫁对郎,8.5
至尊红颜,7.1
愤怒的蝴蝶,7.1
福星高照猪八戒,6.8
春光灿烂猪八戒,7.8
女朋友，男朋友,7.5
甜蜜的生活,8.6
白发魔女,7.3
白眉大侠,7.7
甘十九妹,8.0
恋香,7.7
仙剑奇侠传,9.1
一米阳光,6.9
玉观音,6.3
永不瞑目,7.9
戏说乾隆,8.3
雁南飞,8.8
东游记,7.4
康熙王朝,9.2
风云2,6.5
风云,7.6
飞刀又见飞刀,6.9
少年包青天2,7.5
少年包青天,8.5
包青天,8.2
风雷魔镜,5.6
傻儿司令,7.9
傻儿师长,8.7
环形使者,6.9
傻儿军长,8.1
山城棒棒军,9.4
济公,7.5
陆小凤之凤舞九天,7.0
陆小凤之决战前后,6.6
天下第一,8.3
功夫足球,6.4
神奇四侠2015,4.8
中国,8.7
天下无双,7.2
方谬神探,7.6
机灵小不懂,7.7
功夫小蝇,7.5
少年英雄方世玉,7.8
少林武王,7.8
小李飞刀,7.7
乌龙闯情关,7.3
宝莲灯,8.4
九岁县太爷,6.8
莲花童子哪吒,7.2
真命小和尚,7.3
大醉侠,7.5
铁齿铜牙纪晓岚4,7.7
铁齿铜牙纪晓岚3,7.4
铁齿铜牙纪晓岚2,8.0
铁齿铜牙纪晓岚,8.4
我在伊朗长大,8.7
财神传奇,6.9
康熙微服私访记4,6.9
康熙微服私访记3,7.1
康熙微服私访记2,7.3
康熙微服私访记1,7.7
宰相刘罗锅,8.3
新白娘子传奇,9.1
刁蛮公主,6.9
歌声俪影,7.2
情深深雨濛濛,7.3
少年张三丰,7.5
杨门虎将,6.8
老房有喜,7.4
第三人,8.2
还珠格格第三部,5.4
还珠格格第二部,7.9
还珠格格,8.5
情定爱琴海,6.0
王牌逗王牌,3.3
水浒传,9.0
隋唐英雄传,8.0
武林外史,7.6
雪山飞狐,6.9
相见恨晚,8.0
西游记后传,8.0
西游记,6.5
投靠女与出走男,8.2
碧血剑,6.9
小宝与康熙,7.4
鹿鼎记,8.3
侠客行,7.6
倚天屠龙记,8.5
倚天剑屠龙刀,8.6
木兰花,8.2
光晕4：航向黎明号,6.8
射雕英雄传,6.3
咖啡公社,7.2
神雕侠侣,9.2
天龙八部,4.7
盖世豪侠,8.1
洛奇4,7.7
鬼眼,6.5
生化危机5：惩罚,6.3
表姐，你好嘢！3之大人驾到,7.1
水儿武士,5.1
银河护卫队,8.1
谍影重重4,6.8
推手,8.4
齐达内：21世纪的肖像,7.7
港澳传奇,6.2
灵动：鬼影实录3,6.6
灵动：鬼影实录2,6.1
少林寺,8.3
三个火枪手,7.7
卖身契,7.8
港囧,5.7
演出之夜,6.7
新生,5.3
流浪汉,8.4
驾车私奔记,6.5
致命的球棍,5.2
阵雨之间,5.9
梦之安魂曲,8.8
全面回忆,7.1
花街时代,7.7
太空一号,6.2
八彩林亚珍,6.9
人狗奇缘,8.4
今夜星光灿烂,6.7
马达加斯加3,8.2
八两金,8.3
成为简·奥斯汀,8.3
暗黑之地,6.1
骗财骗色,6.7
唐人街,8.4
勇敢传说,7.6
表姐，你好嘢！2,6.6
尖峰时刻3,6.8
十八般武艺,7.5
表姐，你好嘢！,7.7
陈梦吉计破脂粉阵,5.8
铜雀台,5.2
星际迷航3：超越星辰,7.4
惩罚者2：战争特区,6.6
爵迹,3.8
双重赔偿,8.5
神探飞机头3,5.4
蓝与黑续集,7.1
超凡蜘蛛侠,7.6
不脱袜的人,7.2
变相怪杰2：面具之子,6.1
蓝与黑,6.8
乡下人,5.5
杀手蝴蝶梦,6.8
唇上之歌,7.7
神探飞机头2,7.2
武馆,7.8
M就是凶手,8.3
白鹿原,6.4
学校风云,8.1
超人4：和平任务,5.9
七小福,7.7
大厨,7.1
飞越黄昏,7.9
神探飞机头,7.4
自杀小队,6.6
中华丈夫,7.7
浑身是劲,6.1
河东狮吼,6.8
杀死一只知更鸟,8.6
巴黎淘气帮,8.6
扭计祖宗陈梦吉,6.4
大武当之天地密码,3.9
旺角卡门,7.8
江湖汉子,6.3
高海拔之恋Ⅱ,5.9
类人体,4.5
谍海风云,5.8
色即是空2,6.5
勾魂降头,5.9
光荣之路,9.1
冰川时代4,8.1
三人世界,6.9
美国派3：美国婚礼,7.1
快活林,7.3
黑暗阴影,6.4
人民英雄,7.8
超人3,6.5
怨妇.狂娃.疯杀手,5.5
敢死队2,7.0
奇缘,5.8
骗中骗,8.7
生死新纪元,5.2
万花迎春,6.7
听风者,6.9
不是冤家不聚头,7.1
超人2,7.0
贼王之王,6.1
遇雨,5.8
勇敢的绅士,5.8
音乐流浪汉,6.6
一无是处,6.1
新看门人,6.1
完美结局,5.7
他的消遣,5.5
受辱记,5.5
侍者,5.7
奇怪的气体,5.4
拍电影,6.3
大军阀,7.5
致命黑兰,7.1
咖喱辣椒,7.4
风雨哈佛路,8.1
月升王国,8.4
征服1453,5.8
四大名捕,5.3
癫佬正传,8.6
好莱坞百年百个明星,7.6
我愿意,5.9
老娘够骚,5.3
色即是空,7.3
香港73,7.7
快乐的大脚2,7.3
最爱,7.4
黑暗侵袭2,6.8
破事儿,7.5
绿巨人浩克,6.8
拈花惹草,6.3
普罗米修斯,7.6
发条橙,8.6
山狗2003:,3.0
美国派2,7.1
山水情,9.4
艾丽卡,5.4
来如风,6.4
白雪公主与猎人,5.6
麦兜，菠萝油王子,8.1
超人,7.7
宝岛双雄,4.4
山狗1999,4.5
美国派,7.4
闪灵,8.3
香港式的偷情,5.4
七月与安生,7.6
林中小屋,7.5
麦兜故事,8.6
黑暗侵袭,7.6
毒女,5.8
独裁者,7.6
生死线,6.9
灵动：鬼影实录,6.5
唐朝豪放女,7.6
复仇者联盟,8.2
饥饿游戏,7.1
爱与和平,7.0
女人风情话,6.1
赛末点,8.1
荡女奇行,5.9
昨日的记忆,6.9
三峡好人,8.4
生化危机2：启示录,7.9
一乐也,6.5
超级战舰,6.7
回到未来,8.7
宝贵的秘密,7.2
光杆司令,5.3
刀锋战士3,6.7
女拳霸,6.8
声色犬马,6.5
虞美人盛开的山坡,8.0
海狼,6.0
生化危机,8.2
亲密敌人,5.6
山狗,6.5
无畏之心,7.6
拳霸3,5.3
我的少女时代,7.8
风流韵事,7.3
报应,5.8
地下兵工厂,5.9
铁皮鼓,8.3
财子·名花·星妈,5.2
第一次,6.1
何必有我?,8.0
铁血战士2,6.6
丹麦娇娃,5.7
阿拉伯的劳伦斯,8.7
神战：权力之眼,6.6
波普先生的企鹅,7.5
公仆2,6.0
虎胆龙威3,7.9
爱奴,6.8
双城计中计,6.6
公仆,7.5
应召名册,6.1
麦兜·当当伴我心,8.5
皇家师姐5中间人,5.8
网,7.5
灵怪博士,nan
四百击,8.8
如来神掌,6.5
徐老虎与白寡妇,6.4
地心历险记2：神秘岛,6.4
黑色大丽花,6.5
倾城之恋,6.8
老雷斯的故事,6.9
罗马11时,9.2
金瓶双艳,6.4
搜索,7.4
周末时光,8.2
美国X档案,8.5
省港旗兵3：逃出香港,6.3
快乐的大脚,7.4
错点鸳鸯,6.8
车手,6.1
省港旗兵2：兵分两路,7.7
罗拉快跑,8.1
射雕英雄传第三集,6.6
龙虎少年队,6.9
浮华世界,6.8
反贪风暴,6.1
省港旗兵,7.9
红猪,8.5
迷魂记,8.7
非法移民,7.2
爱的面包魂,5.9
等待黎明,7.8
极限乔丹,8.8
喜福会,8.4
独臂刀,7.4
异星战场,6.5
老爸当家,6.5
桃姐,8.3
摇滚校园,7.9
风月奇谭,7.5
奇谋妙计五福星,7.8
地心历险记,6.9
妖魂,6.1
夺命深渊,7.4
向前走向爱走,5.5
我和爸爸,7.4
洛奇2,8.4
她的强盗朋友,5.6
印第安纳波利斯号：勇者无惧,6.3
威尼斯儿童赛车,6.3
女房东的宠物,5.4
谋生之路,6.3
面团与炸药,6.4
梅布尔的忙碌一天,5.6
梅布尔的困境,6.1
冒充者,6.5
忙碌的一天,5.8
马贝尔的婚后生活,5.8
剧院的夏尔洛,5.8
酒鬼,7.4
竞争对手,5.9
击倒,5.8
战舰波将金号,8.7
窥情,6.1
兰戈,8.0
洗澡,8.4
茅山僵尸拳,6.2
痞子英雄之全面开战,6.3
谁说我不在乎,7.1
幽灵世界,7.9
射雕英雄传续集,6.3
惩罚者,6.5
秦始皇,5.8
杀生,7.8
土拨鼠之日,8.6
新木马屠城记,6.8
十三太保,7.5
鼠来宝3,7.0
魔胎,6.3
鼠来宝2：明星俱乐部,7.1
钢的琴,8.5
血恋2,4.8
探戈纷乱,5.5
下流祖父,6.3
傻瓜,7.6
后裔,7.5
报仇,7.8
铁娘子：坚固柔情,7.6
上海滩十三太保,7.5
迷失东京,7.8
少奶奶的丝袜,5.8
赛德克·巴莱(下)：彩虹桥,8.8
麒麟掌,5.4
异形大战铁血战士2,5.9
超胆侠,5.9
麦兜·饭宝奇兵,6.4
娱乐,5.2
公平交易,6.4
二十分钟的爱情,6.1
查理的约会,6.3
查理的过去,6.2
残酷的爱情,5.7
现代豪放女,5.9
禁运品,6.5
我脑中的橡皮擦,8.0
南洋十大邪术,6.4
冬荫功,7.4
佛跳墙,6.4
草原英雄小姐妹,7.5
赛德克·巴莱(上)：太阳旗,8.9
晩春,8.7
诸神之怒,6.1
海底总动员2：多莉去哪儿,7.6
拳霸2,6.3
金色的海螺,8.4
西厢艳谭,5.9
鹬蚌相争,8.1
三个和尚,8.8
猴子捞月,8.1
九色鹿,8.9
老狼请客,8.2
雪孩子,9.0
好猫咪咪,8.3
狐狸打猎人,8.0
半夜鸡叫,7.8
牧笛,9.0
没头脑和不高兴,8.7
人参娃娃,8.2
小蝌蚪找妈妈,8.9
猪八戒吃西瓜,7.7
麦秋,8.7
总统杀局,7.0
骄傲的将军,8.3
神笔,8.4
移民,8.0
快乐的一天,7.8
神奇队长,7.9
失常,7.4
打擂台,7.1
再见我们的幼儿园,8.8
黄金大劫案,6.8
突袭,7.8
黑夜传说3：狼族崛起,6.8
雷雨,7.6
浮草,8.6
灭门惨案2：借种,6.9
灭门惨案之孽杀,6.4
暂告安全,6.3
九条命,6.9
刀锋战士2,7.0
异形大战铁血战士,7.0
夜惊魂,6.6
黑夜传说2：进化,7.4
小亚细亚往事,7.8
白兔糖,8.0
生命之树,7.1
拳霸,7.9
山椒大夫,8.1
布偶大电影,6.8
阿玛柯德,8.8
表错7日情,6.7
刺猬的优雅,8.8
艺术家,8.4
藏身之所,7.0
异形3,7.3
半边人,8.0
简爱,8.0
高地战,8.5
飙风战警,6.8
再生人,6.8
唐山五虎,5.4
罗宾汉,6.8
誓约,7.2
罗宾汉历险记,7.1
范海辛,7.2
靓妹仔,6.6
爵士歌手,7.5
盗亦有道,6.5
给朱丽叶的信,7.6
提防小手,7.1
黑夜传说,7.5
意志的胜利,8.5
夺命金,7.4
侠盗王子罗宾汉,7.2
胡越的故事,7.0
龙纹身的女孩,8.1
雨月物语,8.6
逆战,6.4
矮子当道,7.2
长辈,7.2
党同伐异,8.8
大侦探福尔摩斯2：诡影游戏,7.7
脑魔,6.2
它在身后,6.4
坏妈妈,6.5
摩登保镖,8.2
新年前夜,6.5
保姆日记,6.9
公民凯恩,8.8
蔡李佛,3.7
坏女孩2,5.8
大魔术师,6.5
速度与激情4,7.8
囧探佳人,4.6
刀锋战士,7.1
一个美国消防员的生活,8.0
一个醉鬼的白日梦,8.0
摄影协会成员到达,7.7
出港的船,8.2
神秘的纸,6.8
卡马克斯：灭炭火,7.0
婴儿的午餐,8.2
火车进站,9.3
高楼大劫案,6.8
勇士,8.9
怒虎狂龙,6.6
倩女幽魂3：道道道,7.6
碟中谍4,8.3
大话西游3,4.0
歼十出击,4.6
安娜·卡列尼娜,7.7
人狼大战,6.5
华丽的挑战,6.3
月色撩人,7.5
贱女孩,7.0
十加十,7.2
太阳泪,7.3
猎人,5.7
性本恶,7.1
我的野蛮初恋,6.4
亲家过年,5.6
夏洛特的网,8.0
兔子洞,7.3
人生不再重来,8.1
蜜桃成熟时33D,4.5
丁丁历险记,7.7
凶线,7.7
美国：从自由到法西斯主义,7.9
沉默之像,8.6
背着你跳舞,5.3
变身男女,5.0
超级女特工,7.1
爱有来生,7.7
爱德华大夫,8.3
战马,8.2
与魔鬼同行,6.7
终极匹配,3.6
圣徒,7.1
真心话大冒险,5.0
当哈利遇到莎莉,8.3
佛都有火,5.1
乱战,7.1
我的见鬼女友,6.8
惊魂眼,6.7
莫扎特传,8.7
巴顿将军,8.2
硬汉2：奉陪到底,6.4
谜城,5.6
星运里的错,7.9
驱魔者,6.1
人体蜈蚣2,5.7
人体蜈蚣,5.3
夜·店,6.8
的士速递4,7.1
雨果,7.7
成为约翰·马尔科维奇,8.3
敏感事件,5.1
爱在暹罗,8.3
荒野大镖客,8.4
马钱,7.3
特警威龙,6.8
爱,6.9
的士速递2,7.9
亚洲秘密警察,5.3
死亡挑战行动,6.1
暮光之城4：破晓(上),6.8
决战猩球,6.9
活该你单身,5.0
的士速递,7.9
宿醉2,6.9
与狼共舞,8.9
冲霄楼,6.6
电锯惊魂5,7.8
超级大坏蛋,7.8
孟买日记,7.9
猩球征服,6.9
六刺客,6.3
我们的故事,7.7
孤岛惊魂,3.5
电锯惊魂4,7.8
宿醉,7.7
大鱼海棠,6.9
橘色,7.7
新啼笑因缘,6.2
逃离猩球,7.6
穿靴子的猫,7.7
电锯惊魂3,8.1
恋人絮语,6.0
遍地狼烟,5.8
波浪预报,6.5
刺马,7.8
完美盗贼,7.6
怪形,8.1
杀手欧阳盆栽,5.4
八月迷情,8.3
战国,3.9
怪形前传,7.0
电锯惊魂2,8.3
马永贞,6.9
两个坏小子,7.2
龙门飞甲,6.8
上帝难为,7.2
越空狂龙,6.8
抗癌的我,7.7
凶猫,6.5
不明身份,7.1
第44条军规,4.5
微光城市,6.8
不能说的秘密,8.1
蒸发的摩根夫妇,6.2
诺丁山,8.0
极速天使,5.1
女校春色,6.2
一次别离,8.8
鬼叫春,6.8
鬼妈妈,8.3
销魂玉,7.2
北地胭脂,7.3
初哥·初女·初夜情,6.0
初恋红豆冰,7.6
我的母亲,7.2
冰川时代5：星际碰撞,7.1
子曰：食色性也,7.0
捉奸趣事,6.8
老无所依,8.3
桃色经纪,5.7
铁甲钢拳,8.3
红楼春梦,5.3
007之雷霆杀机,6.9
太阳照常升起,8.3
天降神兵,6.0
空中大灌篮,7.1
转山,7.9
复仇之溪,5.3
点球成金,8.3
征婚启事,7.8
地狱男爵2：黄金军团,6.9
金陵十三钗,8.3
微微一笑很倾城,4.9
荒岛余生,8.6
闪灵凶猛,2.8
巴黎圣母院,8.1
绿灯侠,6.0
憨豆特工,7.7
把乐带回家2012,6.5
迈克尔·杰克逊：偶像的一生,8.6
武松,7.4
机械师2：复活,5.7
倾城之泪,4.9
蓝精灵：圣诞颂歌,6.7
纳尼亚传奇2：凯斯宾王子,7.0
刘三姐,8.4
达·芬奇密码,7.4
伴娘,6.9
寻枪,7.8
亡命驾驶,7.4
纳尼亚传奇1：狮子、女巫和魔衣橱,7.5
最忆是杭州,8.2
飞狐外传,6.8
Hello！树先生,8.2
我要变成硬柿子,7.3
头七,6.3
时间规划局,7.0
失陷猩球,6.5
赛车传奇,4.3
诅咒,5.2
死神来了5,6.8
僵尸秘籍,4.6
那些年，我们一起追的女孩,8.1
蝙蝠侠与罗宾,6.1
巴黎宝贝,5.5
尸家重地,7.2
鸿门宴传奇,6.4
相助,8.8
永远的蝙蝠侠,6.7
带子雄狼：三涂河的乳母车,7.9
怦然星动,4.9
冰河世纪：猛犸象的圣诞,7.6
翻滚吧！阿信,7.4
对不起，干掉你,4.0
东成西就2011,4.0
回来的路,7.9
星空,7.2
怪谈协会,7.2
杨门女将之军令如山,3.6
出租车司机,8.5
玩命追踪,6.2
飘移凶间,4.4
岸边之旅,6.8
绝地逃亡,5.7
拜见岳父大人3,6.4
月球漫步,8.9
拜见岳父大人,7.1
恶老板,7.0
夜半无人尸语时,6.1
失恋33天,7.2
人猿星球,8.2
铁血精英,6.6
凶宅幽灵,3.6
猩球崛起,8.1
超能敢死队,6.0
喜爱夜蒲,5.4
幽灵人间II：鬼味人间,6.4
致命伴旅,6.6
世界之战,6.7
你好，陌生人,7.7
黑夜,5.6
微观世界,9.1
五月天追梦,7.8
太平轮(下)·彼岸,6.6
亨利的罪行,6.6
幽灵人间,6.2
超级八,6.5
午夜巴黎,8.3
赛车总动员2,7.8
可爱的骨头,7.2
寄生人,5.4
汉娜,6.2
索尔之子,7.4
蝙蝠侠归来,7.4
辛亥革命,6.5
诡丝,7.2
夏日乐悠悠,6.1
旅行到宇宙边缘,9.3
老男孩,8.3
白蛇传说,6.2
蝙蝠侠,7.5
画壁,4.8
无敌珊宝妹,6.0
180台DV的故事,7.7
双瞳,7.7
蓝精灵,7.2
焦土之城,8.6
变形金刚3,7.2
古惑大律师,6.8
大武生,5.2
少年汉尼拔,7.4
B+侦探,5.8
猎头,6.0
肩上蝶,4.9
少林英雄榜,6.3
更好的世界,8.3
里约大冒险,8.3
汉尼拔,8.3
全球热恋,5.6
飞砂风中转,6.4
十三,6.4
红龙,7.8
探索频道：生命的速度,9.1
窃听风云2,7.6
窃听风云,7.6
六月之蛇,7.0
雷神,7.1
潘神的迷宫,7.9
摩登新人类,7.1
X战警：第一战,8.2
梦中人,6.3
加勒比海盗4：惊涛怪浪,7.8
日本沉没,6.4
武侠,6.7
回魂夜,8.1
保罗,7.6
盗墓笔记,4.8
爱丽丝梦游仙境2：镜中奇遇记,7.0
热情如火,8.9
我爱HK,6.9
意外,7.4
大象的眼泪,6.6
下一站，幸福,8.4
美国丽人,8.5
命运规划局,7.0
拜见岳父大人2,7.1
众矢之的,6.9
可爱的你,7.9
极盗者,7.1
妖兽都市,6.2
隐婚男女,5.6
古墓丽影2,6.6
新上海滩,7.7
单身男女,6.8
星球大战前传2：克隆人的进攻,8.0
特区爱奴,5.4
都市风光,8.1
忍者神龟2：破影而出,6.5
老夫子之小水虎传奇,5.0
不文骚,6.7
私钟真面目,6.4
大咸湿,7.5
花街狂奔,6.2
你是哪里人,4.9
皇家师姐4：直击证人,7.0
雪花秘扇,5.8
黄昏双镖客,8.9
功夫熊猫2,8.0
三枪拍案惊奇,4.7
卫斯理传奇,6.6
太太的情人,5.9
奋斗,7.6
玉蒲团之偷情宝鉴,6.7
聊斋艳谭之灯草和尚,6.2
塘西风月痕,5.4
与鸭共舞,6.2
现代应召女郎,7.3
奸魔,4.9
教头,6.7
带子雄狼：出租孩子与武艺,7.9
卿本佳人,6.2
四度诱惑,5.6
夜生活女王之霞姐传奇,6.5
日落号列车,7.5
星球大战前传3：西斯的复仇,8.5
穿越少女梦,7.3
3分钟先生,5.8
守望者：罪恶迷途,6.9
一夜迷情,7.2
狼图腾,6.9
金鸡2,7.3
黑鹰坠落,8.7
那一年的幸福时光,7.9
速度与激情5,8.5
倩女幽魂2：人间道,8.1
恋爱SOS第二季,nan
美少女特攻队,6.3
英国病人,8.5
财神客栈,5.3
艾米,8.6
渔光曲,7.7
独立日,8.1
围困城堡,8.6
国民英雄,6.3
超能游戏者2,4.9
丛林有情狼,6.4
小红帽,5.7
皇家战士,6.6
关键第四号,6.1
午夜牛郎,8.3
3D肉蒲团之极乐宝鉴,5.2
瑞普·凡·温克尔的新娘,7.6
刺客聂隐娘,7.3
八恶人,8.6
霹雳先锋,7.3
贾斯汀·比伯：永不言败,7.1
危情三日,8.1
痞子英雄,8.1
宅男总动员,3.6
精装追女仔之2,6.6
你怎么知道,5.8
安乐街,8.2
巴里·林登,8.8
江湖告急,7.6
不再让你孤单,7.0
老虎连,7.1
嘿咻卡,5.9
刀马旦,7.7
林肯律师,7.9
瓶中信,7.5
迷踪：第九鹰团,6.3
野兽之瞳,6.6
永无止境,7.5
大独裁者,9.2
幸福时光,7.2
孔雀王朝,6.3
恋爱SOS,6.8
随波逐流,7.2
佐罗的面具,7.6
蔡李佛拳,3.5
流浪汉世界杯,6.7
狂暴飞车,5.9
小早川家之秋,8.3
沉睡者,7.8
喋血街头,8.2
吉诺密欧与朱丽叶,6.9
关云长,5.0
惊声尖笑4,6.7
特务风云,7.4
福尔摩斯二世,9.5
西线无战事,8.8
封神传奇,2.9
爱你一万年,5.8
蠢蛋搞怪秀3D,7.8
天生一对,6.1
为你钟情,7.5
一轮明月,8.0
室友,5.9
欢迎来到东莫村,8.2
复仇者之死,7.1
安娜斯塔西娅,7.4
爱宠大机密,7.8
西北偏北,8.3
苹果酒屋法则,8.2
爱情无线牵,6.6
义盖云天,6.9
遇见波莉,6.4
持枪流浪汉,6.7
大人物,3.7
洛杉矶之战,6.1
纳尼亚传奇3：黎明踏浪号,6.8
瑜伽熊,6.2
坏姐姐之拆婚联盟,4.5
开心家族,8.6
搭讪的法则,6.4
日落大道,8.8
大地惊雷,8.3
女巫季节,5.5
魔发奇缘,8.3
杀人犯,6.7
挪威的森林,6.0
极速60秒,7.4
奇爱博士,8.9
功夫熊猫3,7.7
雷斯特雷波,7.3
歪小子斯科特对抗全世界,7.1
观音山,7.1
畅销书,6.2
我知女人心,5.6
机械师,7.2
生活多美好,9.3
斗士,7.9
格列佛游记,6.1
戒烟不戒酒,6.1
2046,7.7
生人勿进(美版),7.1
盗版爱情,5.3
西部往事,8.7
国王的演讲,8.4
现代启示录,8.5
刀客外传,3.5
喜羊羊与灰太狼之兔年顶呱呱,7.1
死亡实验,7.3
邻居大战2：姐妹会崛起,5.4
假如爱有天意,8.4
非常嫌疑犯,8.6
127小时,8.1
一路有你,8.0
新少林寺,6.1
创：战纪,6.7
活埋,7.9
舞出我人生,7.7
我是传奇,8.1
喜马拉雅,8.6
火线特攻,6.6
弯刀,6.5
马卓,5.7
将爱情进行到底,6.5
神奇侠侣,5.0
武林外传,6.4
青蜂侠,5.8
好家伙,8.5
美丽中国,9.3
星月无尽,6.3
横冲直撞好莱坞,4.5
怪物之子,7.8
东邪西毒：终极版,8.8
谍影重重5,7.5
单车上路,6.4
刺青,6.0
角斗士,8.5
星球大战3：绝地归来,8.4
哈利·波特与死亡圣器(上),8.5
卡萨布兰卡,8.7
公主日记,7.6
刺陵,3.9
暖暖内含光,8.5
大搜查之女,5.9
恶棍天使,4.4
完美嫁衣,6.5
蕾蒙娜和姐姐,8.0
海洋天堂,8.0
换子疑云,8.4
爱情36计,5.0
杀破狼,7.6
星球大战,8.4
海云台,6.5
泰迪熊2,6.7
有话好好说,8.4
爱丽丝梦游仙境,8.7
宽恕与原谅,7.0
星球大战2：帝国反击战,8.4
异形2,8.1
爱情维修站,5.6
大玩家,4.6
纽约时刻,6.9
剑蝶,4.9
无人驾驶,6.2
出水芙蓉,5.0
蓝莓之夜,7.7
新猛鬼街,6.1
魔侠传之唐吉可德,4.4
笑侠楚留香,5.9
防弹武僧,5.3
康定情歌,6.7
偷拐抢骗,8.5
猫头鹰王国：守卫者传奇,7.4
孤胆特工,8.2
风流断剑小小刀,6.5
阿赫迈德王子历险记,8.6
陆垚知马俐,5.6
叶问前传,5.8
我的美女老板,4.8
唐伯虎点秋香2之四大才子,4.0
穆赫兰道,8.4
暮光之城3：月食,6.8
月满轩尼诗,6.7
童眼,4.7
枪王之王,6.7
舞出我人生3,7.7
西风烈,6.1
地球四季,7.4
情迷拉斯维加斯,6.5
速度与激情3：东京漂移,7.0
异形,8.2
异形4,7.7
007之海底城,7.2
007之你死我活,6.7
幻想曲2000,8.9
摇摆de婚约,5.7
画魂,7.3
平常的心,8.4
极速赛车手,6.2
杜拉拉升职记,5.6
风中奇缘,7.7
翻译风波,6.6
社交网络,8.2
浮出水面,6.7
感官游戏,7.2
影子写手,7.5
寒战2,7.1
惊天魔盗团2,6.9
初恋这首情歌,8.2
女王旅途,7.3
谍网雄风,5.4
暴力街区13：终极,7.5
怪物史瑞克4,7.6
我的老婆是大佬2,6.1
烟雨红颜,6.6
杀死比尔,8.3
谜一样的双眼,8.2
魔殿屠龙,5.1
终极密码战,6.7
摇啊摇，摇到外婆桥,7.4
街市英雄,6.5
狙击职业杀手,6.8
第一次的亲密接触,5.4
太极战士,3.9
危情谍战,6.8
我的老婆是大佬,6.4
二子开店,7.6
血色将至,8.4
世界末日,7.8
三个人的冬天,6.9
爱神,7.7
杏花三月天,6.8
喋血孤城,7.4
魔法师的学徒,6.1
超级学校霸王,7.5
楼上的外星人,6.4
阿童木,6.9
死亡飞车,7.6
恋爱通告,5.9
发薪日,8.8
田园牧歌,7.5
情色,6.9
狗的生活,8.7
淘金记,9.2
虫不知,5.8
雷蒙·斯尼奇的不幸历险,7.6
狄仁杰之通天帝国,6.6
剑雨,7.6
枕边的男人,7.5
我的野蛮女友,8.2
漂亮女人,7.9
史努比：花生大电影,7.5
百鸟朝凤,8.3
华尔街：金钱永不眠,6.5
老虎都要嫁,6.0
赤焰战场,7.6
恐怖角,7.4
通缉英雄,5.7
山楂树之恋,7.1
举起手来2：追击阿多丸号,5.3
精武风云·陈真,6.1
海洋王国,9.2
近在咫尺的爱恋,6.2
特工绍特,7.3
唐山大地震,7.8
忍者刺客,6.3
功夫梦,6.4
绿区,7.3
海扁王,7.6
热浴盆时光机,6.5
克洛伊,7.4
地雷区,8.7
桃李劫,7.6
小姐,8.4
剑鱼行动,7.5
我的野蛮女友2,3.8
不朽,6.8
007之金刚钻,6.7
大笑江湖,4.7
神探,8.5
小鬼上路2,6.3
007之八爪女,6.8
洛奇,8.7
卡罗尔,8.4
卢米埃尔与四十大导,7.6
速度与激情2,7.5
激战运钞车,5.7
猫的报恩,8.2
力王,7.1
十月围城,7.7
岁月的童话,8.6
鼠来宝,7.6
生化危机3：灭绝,7.4
囡囡,6.0
金臂童,6.8
电锯惊魂7,7.8
仙境之桥,7.9
矮仔多情,6.3
罪恶之城,8.4
敢死队,6.9
寻子遇仙记,9.2
007之金手指,7.1
龙在天涯,6.5
竞速之王,5.1
土地,nan
猎鹰行动,6.6
马达加斯加,7.9
麦兜响当当,7.6
盲女72小时,6.4
猎魔者,6.3
幪面大侠,5.9
呖咕呖咕新年财,6.6
魔翡翠,6.4
冷山,8.2
叶问3,6.7
五亿探长雷洛传2：父子情仇,7.5
007之霹雳弹,6.9
生化危机4：战神再生,6.8
狂蟒之灾2,6.4
墨斗先生,7.0
篮球小皇帝,8.5
狂蟒之灾,6.7
南北狮王,6.5
快餐车,7.8
哭声,7.3
巴黎假期,5.5
最佳拍档3：女皇密令,7.3
航班蛇患,6.2
霹雳火,7.0
悭钱家族,6.3
成事在人,8.3
霹雳十杰,6.1
新铁血战士,6.4
最佳拍档4：千里救差婆,7.0
九二神雕之痴心情长剑,6.0
警察故事续集,7.7
流浪的迪潘,7.0
江湖行,6.2
枪火,8.8
江湖,7.3
各怀鬼胎,6.5
见鬼2,6.2
尖峰时刻,7.3
情枭的黎明,8.7
蛇蝎情人,nan
急冻奇侠,6.6
华尔街之狼,8.0
睡在我上铺的兄弟,5.6
活着有明天,nan
天龙特攻队,7.7
烈火战车2：极速传说,6.6
全职杀手,6.8
机动部队,8.1
如梦,6.2
火烧岛,6.7
终极斗士3：赎罪,7.9
全城戒备,4.6
龙凤店,5.1
嘻游记,3.3
魔兽,7.7
菊豆,8.2
卖命小子,7.3
一球成名2：梦想成真,6.2
黄飞鸿义取丁财炮,5.4
K歌情人,7.6
野蛮的温柔,4.8
风云决,7.0
爱丽丝,6.9
花木兰2,6.4
三十年细说从头,7.1
钢铁侠2,7.7
三笑之才子佳人,3.9
魔鬼的门廊,7.7
感情生活,5.3
沙胆英,7.2
东风雨,5.5
孔子,5.6
山中传奇,8.3
波斯王子：时之刃,7.2
红番区,7.7
焚兽之都,4.8
核弹快车,5.7
狂蟒凶灵,nan
今天我休息,7.5
最后的巫师猎人,5.9
老笠,7.4
鬼马智多星,6.7
理智与情感,8.4
神腿铁扇功,6.7
富贵再三逼人,7.1
击情岁月,4.2
富贵兵团,6.8
生死决,7.5
功夫好男儿,2.6
福星高照,7.5
绿色房间,6.0
地下尖兵,6.9
狮子王3,8.0
停火区,6.4
双龙记,4.8
方世玉与洪熙官,6.2
四眼天鸡,6.8
太阳王子霍尔斯的大冒险,6.5
追风战警,5.6
赌侠,7.9
特警新人类,6.4
金毛狮王,5.1
无理之人,7.4
南京！南京！,7.6
连城诀,6.5
A计划续集,7.8
独臂刀王,7.2
特务迷城,6.6
大事件2龙斗,nan
东京攻略,6.4
天若有情3烽火佳人,7.1
罪犯,6.9
代号美洲豹,5.4
飞虎队,7.2
最佳拍档2：大显神通,7.6
乌龙小子流浪记,7.3
真爱之吻,6.7
大提琴手,7.6
灵魂战车,6.7
不见不散,7.9
大撒把,7.9
所罗门王凯恩,5.8
大决斗,7.7
小杂种,6.9
七年很痒,6.0
大盗歌王,5.9
新碧血剑,6.9
新古惑仔之少年激斗篇,6.5
杀人蜂,6.2
新仙鹤神针,7.1
车神,6.0
边境杀手,7.7
差人·大佬·搏命仔,6.6
要命的小方,6.9
天蚕变之布衣神相,6.3
镖旗飞扬,5.7
败家仔,7.7
艺伎回忆录,7.6
不死劫,6.8
游侠儿,7.6
不死废人,nan
与龙共舞,7.4
愤怒的小鸟,7.2
恐龙当家,7.5
新最佳拍档,6.9
原始武器,4.9
蝙蝠侠大战德古拉,7.0
战狼传说,6.4
包剪碴,5.8
重案组,7.3
半边灵,4.9
正将,5.9
暗战,8.6
战神滩,6.3
夺棍,6.0
暗渠,6.8
至尊无上II之永霸天下,7.3
中南海保镖,7.8
阿虎,6.9
最佳贼拍档,6.7
阿呆与阿瓜,7.4
驭鼠怪人,6.8
最佳拍档,7.7
漫画威龙,7.1
致命罗密欧,6.1
鹰爪铁布衫,7.3
游侠,6.5
狼犬丹尼,6.4
火烧红莲寺,6.8
少年苏乞儿,6.0
木乃伊3,5.7
白夜行,7.0
伞中情,7.7
埃及艳后,7.9
结婚,6.7
盘尼西林1944,5.3
007之金枪人,6.7
费城故事,8.7
小叮当：羽翼之谜,8.3
第六日,7.0
间接伤害,6.4
迈克尔·杰克逊-危险之旅之布加勒斯特站,9.7
战·无双,3.9
冷血十三鹰,7.2
阴阳判官,5.1
龙之诅咒,4.6
追魂镖,5.6
金钱帝国,6.6
缴枪不杀,nan
独立日2：卷土重来,5.7
小叮当与精灵杯大赛,8.4
火星需要妈妈,6.4
咒怨：完结篇,5.1
亡命天涯,8.1
警察学校3：初为人师,7.1
斗爱,7.1
时尚先生,4.7
史酷比2：怪兽偷跑,6.3
古镜怪谈,5.8
寻找成龙,3.9
篮球公园,5.2
飞哥与小佛的时空大冒险,8.5
花花型警,5.7
预见未来,7.2
生死时速2：海上惊情,5.9
摩托教父,6.3
古墓丽影,7.1
白秋练,6.7
未来警察,4.1
决杀令,6.0
罗宾汉之箭,6.2
人在囧途,7.8
火影忍者剧场版：博人传,8.3
蝙蝠传奇,7.1
寻找刘三姐,5.7
四个丘比特,5.2
望着我,7.3
X战警2,7.7
阿罗汉掌风大作战,5.6
刚果惊魂,6.6
玩命双雄,6.8
爱我别走,5.5
小叮当：拯救精灵大作战,8.2
天堂口,5.7
澳洲乱世情,7.3
狗狗旅馆,7.5
地铁惊魂,5.8
结婚大作战,6.7
第九区,8.3
一页台北,6.6
行动目标希特勒,7.2
护工故事,7.4
小叮当与失去的宝藏,8.1
无翼蝙蝠,6.4
007之俄罗斯之恋,7.2
甜心先生,7.5
七擒七纵七色狼,3.9
赎罪,8.5
变形金刚,8.3
神奇四侠2,6.5
钢铁侠,8.4
女友礼拜五,7.8
十三罗汉,7.5
朱诺,7.9
圣诞颂歌,7.4
月球,8.5
七磅,8.2
怪物史瑞克3,7.4
毒药与老妇,7.5
蜘蛛侠3,7.6
我爱你莫里斯,7.9
拆弹部队,7.8
玩具总动员2,8.5
我的名字叫可汗,8.4
义胆红唇,6.7
杀破狼2,7.5
十二罗汉,7.2
喜羊羊与灰太狼之牛气冲天,6.9
反抗军,7.1
大块头有大智慧,6.8
碧血金沙,8.6
星际迷航,8.1
异教徒,5.6
一个头两个大,7.3
重返十七岁,7.4
天地雄心,5.9
我是路人甲,7.1
上天救命,6.5
不倫,nan
007：大战皇家赌场,7.7
喜羊羊与灰太狼之虎虎生威,7.5
杀手没有假期,8.1
死亡幻觉,7.3
夺宝奇兵4,7.2
黄金三镖客,9.2
小熊维尼与跳跳虎百亩森林惊魂记,8.5
怒火攻心2：高压电,7.0
阳光小美女,8.3
夺宝奇兵3,8.2
这不是斯巴达,6.0
妙想天开,8.2
撞车,8.6
闪电狗,7.5
弹道,6.4
金刚狼,7.5
叶问2：宗师传奇,7.4
加勒比海盗3：世界的尽头,8.3
加勒比海盗2：聚魂棺,8.4
怪物史瑞克,7.9
暮光之城,7.6
路边野餐,7.9
特种部队：眼镜蛇的崛起,7.3
猫和老鼠传奇,9.4
倒霉熊,8.1
美丽密令,5.4
西藏小子,6.3
废柴特工,6.1
公主与青蛙,7.6
我的初恋情人,7.3
和莎莫的500天,8.0
诸神之战,6.6
天脉传奇,5.5
夺宝奇兵2,7.8
胭脂扣,8.5
天伦之旅,8.6
十七岁的单车,7.8
一酷到底,7.0
少林英雄,7.3
无间道风云,7.3
夺宝奇兵,7.9
暗殺計畫,nan
无敌浩克,7.1
舞出我人生2：街舞,7.3
007之雷霆谷,6.9
魔鬼山历险记,5.7
分手信,7.0
小熊维尼与跳跳虎：好朋友齐摆尾,8.1
破茧威龙,7.1
黑衣人,8.2
007之黎明生机,7.2
未知死亡,8.2
火龙对决,6.2
新宿事件,7.6
致命一击,5.4
天降奇兵,7.1
蝙蝠侠大战超人：正义黎明,6.9
神秘代码,6.7
谎言之躯,7.2
父子情,7.5
越光宝盒,5.3
007之诺博士,7.0
狗蛋大兵,7.7
艋舺,7.7
杀人锦标赛,6.1
007之太空城,6.9
巴霍巴利王：开端,7.5
小叮当,8.2
树大招风,8.1
小熊维尼与跳跳虎之超级侦探圣诞夜,8.3
好奇害死猫,6.4
床的另一边,6.8
死神来了3,7.2
天地逃生,6.1
巴黎，我爱你,8.3
十二猴子,8.2
夜访吸血鬼,8.3
汉娜·蒙塔娜：电影版,7.1
暮光之城2：新月,6.8
玩命速递：重启之战,6.1
007之最高机密,7.1
生死狙击,7.8
玩命快递3,7.0
孤儿怨,8.2
听说,8.1
灭门,4.4
大侦探福尔摩斯,7.7
地球风暴,4.7
小美人鱼3：爱丽儿的起源,7.7
非常主播,7.9
邻家特工,6.3
巴黎谍影,6.5
成长教育,7.7
时间旅行者的妻子,7.7
72家租客,6.6
锦衣卫,6.0
特工强档,6.7
桃花运,5.7
金手指,6.2
魔法奇缘,7.2
全城热恋,6.2
花田喜事2010,5.3
蚁群,3.6
死神来了2,7.5
怒火攻心,7.4
校花我爱你,5.5
七秒钟,5.6
蠢蛋搞怪秀2.5,7.3
大兵小将,6.8
橄榄树下无和平,6.8
高三,8.4
重庆美女,3.5
处女地,5.9
明明,4.9
缘份,7.2
霉运侦探,7.7
我的机器人女友,7.5
浪漫鼠德佩罗,6.7
洛城机密,8.8
小熊维尼的故事书,8.2
卡拉是条狗,7.4
棒子老虎鸡,4.6
杀戮战警,6.0
庙街皇后,7.3
笑太极,7.2
咏春,7.0
江湖情,7.2
龙在边缘,7.3
飞侠小白龙,5.9
第601个电话,4.7
这个男人来自地球,8.5
谋杀似水年华,3.9
侠圣,6.1
东方不败之风云再起,7.4
蛇煞,nan
蜀山传,6.9
玩命快递,7.4
南北醉拳,7.0
一胆二力三功夫,nan
醉拳,7.7
天下第一拳,6.8
神通术与小霸王,5.4
拜见罗宾逊一家,7.7
洪拳小子,7.0
洪拳大师,6.7
螳螂,6.4
疯猴,7.3
人类进化史之生命之初,8.8
御猫三戏锦毛鼠,6.7
人类进化史诗：突变,9.0
无法阻挡的婚姻,6.3
血战到底,5.7
超脑48小时,6.6
康纳斯的战争,5.1
小醉拳,6.0
野人兄弟,nan
哥斯拉之终极战役,6.7
舞女,6.1
偷天换日,7.6
市政大厅,7.3
甜点主厨绑票案,5.5
倔强萝卜,5.4
舞会战士,5.3
熊的传说2,7.4
通天长老,5.7
八仙的传说,7.7
半斤八两,8.3
中华英雄,6.5
疯狗强尼,7.2
12怒汉：大审判,8.4
伊丽莎白镇,7.4
新漫画小子,nan
冰川时代3,8.3
方托马斯的反击,7.5
长江一号,8.1
小亲亲,6.9
白银帝国,6.3
敌对,7.0
窈窕绅士,6.1
春风得意梅龙镇,6.6
气喘吁吁,4.0
李逵传奇,nan
PK.COM.CN,7.1
恋爱前规则,5.1
通天塔,8.1
李米的猜想,8.1
碧瑶霜迷案,4.9
阿嫂,5.3
双旗镇刀客,8.3
戚家军,4.5
爱情麻辣烫,7.5
暗战2,6.6
一个勺子,7.7
镜中的梦幻城,8.2
加菲猫,7.7
豚鼠特攻队,6.9
追影,4.4
天下霸道之剑,8.5
我的唐朝兄弟,6.7
坏中尉,7.0
星际宝贝：终极任务,8.4
异种2,6.0
终结者2018,6.7
幻影凶间,7.6
圣诞夜惊魂,8.2
2012世界末日,4.7
熊猫大侠,4.4
风云Ⅱ,5.1
美食总动员,8.5
歌舞青春3：毕业季,7.4
街头霸王:,4.5
007：幽灵党,6.5
死神来了4,6.6
2012,8.0
追爱自由行,6.3
拉贝日记,7.5
电锯惊魂6,7.9
死神来了,7.9
七龙珠,3.7
虎胆龙威4,7.7
小鹿斑比2,8.4
北京遇上西雅图之不二情书,6.4
狂野大自然,6.7
爱情天文学,7.2
通缉令,7.4
穿普拉达的女王,8.2
风声,8.4
魔兽战场,5.9
机器侠,5.3
星际宝贝2：史迪奇有问题,8.0
拳击小子,5.1
隋朝来客,4.7
碟中谍3,7.6
詹妮弗的肉体,5.5
速度与激情,7.9
不要回头,6.3
解冻,6.2
午夜凶铃,7.6
007：大破量子危机,6.6
危楼愚夫,8.4
变形金刚2,7.7
大内密探灵灵狗,5.2
哈利·波特与混血王子,8.2
007之明日帝国,7.4
异邦人：无皇刃谭,8.6
杀手：代号47,7.2
天使与魔鬼,7.4
忍者神龟,6.5
加菲猫2,7.5
圆月弯刀,6.6
武术班,6.7
小熊维尼:长鼻怪万圣节,8.2
保镖,7.9
我们俩,8.7
伯纳德行动,7.9
梅兰芳,6.9
天使之城,7.9
赛车总动员,8.1
变相怪杰,8.0
黑侠,6.9
硬汉,6.2
芝加哥,8.9
证人,7.3
别惹蚂蚁,7.2
别把狗当猫看,nan
流氓医生,7.7
赌侠1999,6.8
功夫厨神,4.7
同根生,6.5
六天七夜,6.8
狗狗与我的十个约定,8.1
红高粱,8.5
战地诗篇,6.4
蜘蛛侠,8.0
行运超人,6.7
好好先生,7.8
狼牙,6.4
小娇妻,7.0
雪域迷城,6.2
僵尸大闹西门町,nan
行运一条龙,6.9
僵尸至尊,7.5
小熊维尼之长鼻怪大冒险,8.3
死亡游戏,7.8
龙争虎斗,8.3
白玉老虎,7.4
名剑风流,5.9
火线追凶之无罪辩护,7.9
汉江怪物,7.6
八卦莲花掌,6.0
我的九月,8.8
魔宫战士,6.4
笑林老祖,6.5
对风说爱你,6.6
变身国王2：高刚外传,6.8
火线追凶之狂魔再现,7.9
没完没了,7.7
奇迹,8.1
十字锁喉手,6.0
X战警,7.8
我的父亲母亲,8.2
龙虎风云,7.7
紫蝴蝶,6.8
007之女王密使,6.7
地上最强,5.7
爱的成人式,7.7
龙骑士,5.7
东瀛游侠,6.3
小女巫塞布丽娜之永远的朋友,7.8
大电影2.0：两个傻瓜的荒唐事,5.7
虎胆侠情,nan
天涯明月刀,7.6
最长的一码,7.6
命运呼叫转移,5.7
怪兽屋,7.3
火线追凶之掘墓人,7.9
泰山2,7.2
冰川时代2：融冰之灾,8.2
暗花,8.4
父子,6.9
南斗官三斗北少爷,6.4
龙过鼠年,5.9
E.T.外星人,8.6
防火墙,6.0
剑花烟雨江南,5.7
007之杀人执照,7.0
我不做大哥好多年,5.3
叶问,7.7
龙的心,7.3
C+侦探,6.7
楚留香,7.8
的士速递3,7.4
五郎八卦棍,6.3
八月一日,6.4
十全九美,5.1
黑马王子,6.2
李小龙传,6.5
小熊维尼：春天的百亩森林,8.6
天外魔蛛,5.4
小飞侠,8.4
钟无艳,7.0
精武家庭,5.7
画皮,6.8
导火线,7.4
算死草,7.0
星际宝贝,8.5
叫我第一名,8.7
画皮之阴阳法王,6.6
心中有鬼,5.5
赌侠大战拉斯维加斯,6.4
大灌篮,5.6
豪门夜宴,7.0
太空黑猩猩,6.1
新抢钱夫妻,7.1
特警雄威,5.2
无敌幸运星,7.2
火线追凶之突然死亡,7.7
飞鹰艾迪,8.1
北极的圣诞老人兄弟,6.5
刘胡兰,6.3
特工佳丽2：武力巾帼,6.2
绑架,6.6
极限救援,6.4
黄河大侠,7.8
丑女大翻身,7.2
龙的传人,7.3
女人不坏,6.0
玻璃樽,6.5
米奇节日嘉年华,8.1
游龙戏凤,6.0
改编剧本,7.6
少林搭棚大师,7.6
狮子王2：辛巴的荣耀,7.8
时空穿越者,6.0
少林小子,7.3
十万火急,7.4
飞天舞,5.8
007之黄金眼,7.6
唐人街探案,7.7
霹雳凤凰,6.3
哈利·波特与凤凰社,8.4
迈阿密风云,5.7
海角七号,7.6
国产凌凌漆,8.4
爱得起,5.7
放·逐,8.2
世贸中心,6.6
千机变,5.9
酷狗上学记,7.2
非诚勿扰,7.2
魔鬼司令,7.3
伙头军传奇,nan
大丈夫日记,7.5
007之黑日危机,7.6
憨豆先生,9.6
家有喜事2009,5.5
寻找周杰伦,5.1
X战警3：背水一战,7.6
魔力麦克2,5.9
第五元素,8.0
真味小厨王,5.2
欲女,5.3
超级无敌掌门狗：人兔的诅咒,8.3
魅影迷情,nan
金玉满堂,8.1
青面兽杨志,5.3
汪洋中的一条船,7.4
情迷翡冷翠,6.9
神秘河,7.9
尖叫皇后,7.0
母牛总动员,6.7
波罗的海海盗,5.8
丑探七个半,6.7
一个人的奥林匹克,7.4
红河,7.2
流言蜚语,6.4
赤壁(下),6.4
耳朵大有福,8.1
斯巴达300勇士,7.9
藏龙,3.8
插翅难飞,6.5
龙虎英雄,3.7
神剑震江湖,6.3
东京审判,7.5
侠女传奇,6.3
大偷袭,7.2
重振精武门,nan
泥鳅也是鱼,7.1
冒险王,6.8
一刀倾城,8.0
江北好人,5.9
亚特兰蒂斯2：神秘的水晶,6.6
疯狂的赛车,8.3
逃学威龙2,7.8
第十九层空间,4.2
新忠烈图,3.7
神枪手,5.9
礼物,6.9
功夫熊猫,8.2
小兵张嘎,7.8
马达加斯加2：逃往非洲,7.8
熊的传说,7.9
龙之战,4.4
神奇四侠,6.7
保持通话,6.8
整十码,6.3
种鬼,6.7
死亡契约,5.9
全民超人汉考克,6.9
怪物史瑞克2,7.6
来的都是客,8.3
夏日追踪,7.6
大汉风之鸿门宴,5.3
光荣岁月,7.7
高度戒备,7.1
歌剧魅影,8.5
抓壮丁,8.5
文雀,6.9
红磨坊,7.9
逃学威龙3之龙过鸡年,7.6
割草者,6.9
火锅英雄,7.2
灰色夜枭,6.9
精舞门,4.7
太阳王公,6.7
杨门女将之天波府风波,7.6
杨门女将之女将初征,7.6
杨门女将之女儿当自强,7.7
边城,8.1
皇家师姐3：雌雄大盗,6.2
梁山伯与祝英台新传,5.9
小猪大行动,8.4
整蛊大亨,5.9
三国之见龙卸甲,5.5
宋家皇朝,7.7
奔向盐湖城,6.2
即日启程,7.1
霹雳娇娃2,6.6
虎胆龙威2,7.8
麻雀要革命,4.1
百分百感觉,6.4
江山美人,4.6
伦敦陷落,6.3
最佳女婿,6.7
金牌制作人,7.1
高卢勇士斗凯撒,7.6
少林寺弟子,5.8
至尊三十六计之偷天换日,7.0
小李广花荣,5.9
爱情呼叫转移Ⅱ：爱情左右,5.3
赤壁(上),6.4
老鼠爱上猫,5.6
冲出康普顿,7.8
来电惊魂,6.1
巧奔妙逃,8.2
超人归来,6.7
雷横与朱仝,6.0
兵临城下,8.4
乐自芳邻来,6.8
国家宝藏：夺宝秘笈,7.2
扈三娘与矮脚虎王英,4.9
陆小凤传奇之血衣之谜,7.6
芳香之旅,7.1
博物馆奇妙夜,7.6
棕榈树丛,7.2
偷神家族,6.0
四大金钗,3.9
金刚归来,6.1
江南平寇记,nan
三女休夫,5.8
生死速递,5.7
极限挑战之皇家宝藏,4.6
神剑七式,4.1
我是间谍,6.2
向左走·向右走,6.9
肥佬教授,6.3
情牵一线,6.5
皇家女将,6.6
憨豆的黄金周,8.1
燃情狙击手,6.1
超人总动员,8.2
007之择日而亡,7.3
恐怖因素,6.3
赌侠之人定胜天,5.6
自然城市,7.0
离开雷锋的日子,7.2
极度重犯,6.5
地狱男爵,7.0
下课后：回想小时候,8.6
顺流逆流,7.6
永不妥协,8.4
喋血双雄,8.5
龙威父子,4.0
功夫神犬,5.8
大富之家,7.8
抢钱夫妻,8.2
浓情巧克力,8.0
第一滴血4,7.5
大空头,8.5
宝贝双龙,4.4
暴力刑警,5.8
特警屠龙,6.4
风雨同路,7.7
我最好朋友的婚礼,7.3
再战江湖,6.7
环游地球八十天,6.2
龙兄虎弟,7.4
云中漫步,7.8
逃出克隆岛,7.2
神勇奶爸,6.9
花魁杜十娘,5.5
小孩不笨2,8.3
合约情人,5.4
火云传奇,6.4
长江七号,7.1
王牌对王牌,8.5
猛龙,5.8
金刚复活,6.1
箭士柳白猿,7.3
夕阳天使,6.7
星球大战前传1：幽灵的威胁,8.2
新精武门1991,7.3
一本漫画闯天涯,6.8
六指琴魔,6.3
盗火线,8.5
暗流2：末日天使,6.6
看车人的七月,8.0
狙击电话亭,7.9
星际宝贝史迪奇,8.7
暗流,7.3
落叶归根,8.3
家有喜事,8.5
集结号,8.2
撒哈拉,6.5
香草的天空,7.5
百变星君,7.8
虎胆龙威,8.2
好小子之游侠儿,6.8
不死鸟,7.5
黑风暴,nan
炮弹飞车,5.7
玩命快递2,7.4
侏罗纪公园,8.2
过年,8.9
赌侠2：上海滩赌圣,7.7
整蛊专家,7.9
我的野蛮女老师,6.6
金装大酒店,6.3
风云雄霸天下,7.0
钟楼怪人2：老实钟的秘密,6.5
任长霞,6.0
魔宫夺宝奇兵皇冠大宝藏,7.8
功夫之王,5.7
再说一次我爱你,6.2
投名状,7.6
陆小凤传奇之凤舞九天,7.6
陆小凤传奇之剑神一笑,7.6
查理和巧克力工厂,8.3
男儿本色,7.0
空中撤离,7.0
花好月圆,6.1
龙在少林,6.9
大周秘案,4.8
上海正午,6.5
傲气雄鹰,6.6
森林泰山,7.0
千年魔界,5.0
佛山赞先生,nan
碧水寒山夺命金,6.1
火种,6.1
邪斗邪,6.2
武侠七公主,6.4
决一死战,nan
作秀时刻,6.0
白马飞飞,7.4
烈火金钢,7.6
大决战之辽沈战役,9.0
地雷战,8.1
地道战,8.3
黄大仙,5.9
星银岛,7.9
酒仙十八跌,5.8
疑神疑鬼,5.2
人鬼情未了,nan
侠女怨,nan
钱王拳王,6.1
D7特警,nan
大内神捕,5.7
喋血危情,nan
纵横天下,5.0
龙虎少爷,6.8
猜·情·寻,7.2
天子骄龙,6.0
笑林小子2：新乌龙院,7.9
盲剑·血滴子,nan
军阀趣史,6.6
多情双宝环,7.3
獨臂空手刀,nan
天残地缺,6.6
观世音大战海龙王,6.5
情义之战,nan
醉生梦死之湾仔之虎,6.8
拳神,5.3
赤裸特工,6.4
低一点的天空,7.2
猎豹行动,4.7
八宝奇兵,5.7
魔鬼末日,6.4
新流星蝴蝶剑,6.9
望夫成龙,7.4
大蛇王,7.5
军中乐园,7.4
甩皮鬼,6.3
霹雳神鹰,4.5
阴阳路3：升棺发财,6.6
安娜与武林,5.2
洗黑钱,6.8
魔唇劫,5.0
吴三桂与陈圆圆,6.1
猛鬼霸王花,6.3
杀手壕,6.0
干将莫邪绝情,6.3
小飞侠2：梦不落帝国,8.0
武状元苏乞儿,8.1
全职大盗,6.0
弹指神功,6.2
中环英雄,6.4
致命密函,5.6
飞渡卷云山,6.5
龙腾虎跃,6.3
飞鹰计划,7.8
黑金,7.8
布鲁克林,7.9
刀剑笑,6.4
日落卡门,5.8
蜀山：新蜀山剑侠,7.1
黑猫,6.1
飞龙猛将,7.6
黄飞鸿'92之龙行天下,6.7
武神黑侠,4.0
杀手之王,6.8
黄飞鸿之铁鸡斗蜈蚣,7.3
贼王,6.0
黄金岛历险记,6.5
警察扒手两家亲,6.9
僵尸先生,8.4
神经刀与飞天猫,6.7
一招半式闯江湖,6.4
聚焦,8.8
小萝莉的猴神大叔,8.4
后会无期,7.2
白幽灵传奇之绝命逃亡,4.5
叉手,6.9
咒怨2(美版),6.4
旺角的天空3之终极边缘,5.6
咒怨：终结的开始,5.7
爸爸去哪儿2,4.6
92班,8.8
凯撒必须死,7.8
千王斗千霸,7.0
咒怨(美版),6.3
京城81号,4.8
一次邂逅,7.4
黄埔滩头,6.7
萨杜斯,7.3
一步之遥,6.6
双雄斗智,7.1
不惧风暴,6.7
我的早更女友,5.5
咒怨：白老妇,6.0
迁徙的鸟,9.1
法老与众神,6.7
超体,7.4
战斗列车,8.2
老男孩猛龙过江,5.7
老千2：神之手,7.2
干涸的夏天,7.3
大鳄群雌,nan
火星人玩转地球,7.3
濠江风云,6.6
几近成名,8.0
重返20岁,7.1
舞出我人生5,6.4
扑通扑通我的人生,7.2
潜伏2,8.2
少女怪谈,5.5
鼠,nan
咒怨：黑少女,5.4
撒娇女人最好命,5.7
疾速追杀,7.8
香魂女,8.1
冰毒,6.6
法官老爹,8.0
中央车站,8.7
老千,7.6
天马茶房,7.4
猩球崛起2：黎明之战,7.6
太平轮(上),6.0
他和她的孤独情事,6.7
武士道残酷物语,7.8
分手大师,5.1
四大名捕大结局,5.1
心花路放,7.2
白日梦,5.5
危情,6.2
忍者神龟：变种时代,6.6
美国骗局,6.7
美国心,7.3
圣人文森特,7.7
一夕风流恨事多,7.1
魔警,6.1
龙虎少年队2,6.9
夜,8.8
一生一台戏,7.5
怒火保镖,5.6
托梅斯的导盲犬,nan
同桌的妳,6.0
双重人格,7.3
表兄弟,7.7
游客,7.4
野草莓,8.8
奇怪的她,8.3
心声幻影,7.6
狮子山下,8.3
夜行者,8.3
催眠大师,7.6
女大不中留,7.9
舞牛,7.4
罗伯托·罗西里尼生平纪录,nan
春满芭提雅,nan
天才眼镜狗,7.6
马丁·斯科塞斯的意大利电影之旅,8.9
十万个冷笑话,6.6
I型起源,7.8
狗镇,8.4
尴尬时刻,5.8
智取威虎山,7.7
弗兰西丝·哈,8.4
弥赛亚,nan
霍比特人3：五军之战,8.6
少年斯派维的奇异旅行,8.5
笛卡尔,7.6
钓鱼岛真相,7.5
大幻影,8.4
意大利：共和国元年,nan
浪客剑心：传说的完结篇,8.2
美第奇时代,nan
白日梦想家,8.5
鸣梁海战,7.2
乌鼠机密档案,7.0
小叮当与海盗仙子,7.8
旺角的天空2之男燒衣,6.4
希波主教奥古斯丁,nan
旺角的天空,6.6
苏格拉底,8.0
马达加斯加的企鹅,7.7
使徒行传,nan
推拿,8.0
无名家族,6.4
女性瘾者：第二部,7.9
伸冤人,7.8
浪客剑心：京都大火篇,8.1
路易十四的崛起,7.1
女性瘾者：第一部,7.9
罗戈帕格,8.0
相残,6.8
黑暗的灵魂,nan
金刚狼2,6.6
意大利万岁,nan
一个人的武林,6.6
冬眠,8.2
狂怒,8.0
瓦尼娜·瓦尼尼,nan
地狱为何恶劣,7.6
夜色朦胧逃脱时,nan
壮志凌云,7.7
移动迷宫,7.1
不安,7.0
300勇士：帝国崛起,6.3
游览意大利,7.8
史崔特先生的故事,8.6
鬼书,6.5
自由在哪里？,nan
雪国列车,7.5
半世纪爱情,nan
邻居同居,6.0
一九五一年的欧洲,8.1
王牌播音员2,6.1
我们女人,7.1
如果我留下,6.2
秘密炸弹,7.0
阿基拉,8.5
追爱大布局,5.9
痞子英雄2：黎明升起,5.6
圣弗朗西斯之花,7.9
穿裘皮的维纳斯,8.1
火山边缘之恋,8.0
